!TDMS	067_54305002003b0035_calbase_70.tdms
!File	IFCalData
!Builder	CalStudio 1.1.0
!Time	2026/8/11 11:57
!Model	067
!APIVersion	0.55.89
!SGID	SMA100B-105688
#AdditionalDataCode	6
#IF2ND_TemperatureShiftNumber	1
#IF2ND_B0_TemperatureShift	4
#IF1ST_Comb	5	19219745
*IFGainAnalogIFBWGradeSize	1
*IFGainIFGainGradeSize	4
*IFGainTraceNumber	5
*IFGain_Temperature_T0	-709
*IFGain_Temperature_T1	787
*IFGain_Temperature_T2	2809
*IFGain_Temperature_T3	4828
*IFGain_Temperature_T4	6796
#IFGain_T0	IFGain_T1	IFGain_T2	IFGain_T3	IFGain_T4	
-5.552	-5.549	-5.395	-5.343	-5.279	
-2.824	-2.799	-2.749	-2.732	-2.696	
0.000	0.000	0.000	0.000	0.000	
2.168	2.171	2.188	2.182	2.184	
*IF1STFrequency		3450000000	2450000000	1560000000	0	0	0	0	0
*IF2NDFrequency		312500000	0	0	0
*IQSampleRate	125000000
*IF1STBandNumber	5
*IF2NDBandNumber	1
*IF1STRespTraceNumber	25
*IF2NDRespTraceNumber	5
*IF1ST_Temperature_T0B0	-747
*IF1ST_Temperature_T0B1	-747
*IF1ST_Temperature_T0B2	-747
*IF1ST_Temperature_T0B3	-747
*IF1ST_Temperature_T0B4	-747
*IF1ST_Temperature_T1B0	767
*IF1ST_Temperature_T1B1	767
*IF1ST_Temperature_T1B2	767
*IF1ST_Temperature_T1B3	767
*IF1ST_Temperature_T1B4	767
*IF1ST_Temperature_T2B0	2761
*IF1ST_Temperature_T2B1	2761
*IF1ST_Temperature_T2B2	2761
*IF1ST_Temperature_T2B3	2761
*IF1ST_Temperature_T2B4	2761
*IF1ST_Temperature_T3B0	4831
*IF1ST_Temperature_T3B1	4831
*IF1ST_Temperature_T3B2	4831
*IF1ST_Temperature_T3B3	4831
*IF1ST_Temperature_T3B4	4831
*IF1ST_Temperature_T4B0	6803
*IF1ST_Temperature_T4B1	6803
*IF1ST_Temperature_T4B2	6803
*IF1ST_Temperature_T4B3	6803
*IF1ST_Temperature_T4B4	6803
*IF2ND_Temperature_T0B0	-734
*IF2ND_Temperature_T1B0	756
*IF2ND_Temperature_T2B0	2857
*IF2ND_Temperature_T3B0	4839
*IF2ND_Temperature_T4B0	6777
*BandPoints	2048
#IF1ST_T0B0	IF1ST_T0B1	IF1ST_T0B2	IF1ST_T0B3	IF1ST_T0B4	IF1ST_T1B0	IF1ST_T1B1	IF1ST_T1B2	IF1ST_T1B3	IF1ST_T1B4	IF1ST_T2B0	IF1ST_T2B1	IF1ST_T2B2	IF1ST_T2B3	IF1ST_T2B4	IF1ST_T3B0	IF1ST_T3B1	IF1ST_T3B2	IF1ST_T3B3	IF1ST_T3B4	IF1ST_T4B0	IF1ST_T4B1	IF1ST_T4B2	IF1ST_T4B3	IF1ST_T4B4	IF2ND_T0B0	IF2ND_T1B0	IF2ND_T2B0	IF2ND_T3B0	IF2ND_T4B0	
1.089	1.006	1.008	1.059	1.022	1.099	1.007	1.010	1.073	1.023	1.117	1.009	1.010	1.072	1.020	1.139	1.010	1.012	1.018	1.019	1.149	1.011	1.014	1.011	1.015	1.208	1.204	1.187	1.202	1.192	
1.089	1.005	1.008	1.060	1.022	1.099	1.007	1.010	1.073	1.023	1.118	1.008	1.010	1.071	1.021	1.139	1.010	1.012	1.019	1.019	1.149	1.011	1.014	1.012	1.016	1.208	1.202	1.188	1.203	1.187	
1.090	1.005	1.008	1.061	1.022	1.099	1.007	1.009	1.073	1.022	1.118	1.008	1.010	1.071	1.021	1.140	1.010	1.012	1.020	1.019	1.150	1.011	1.014	1.013	1.016	1.208	1.200	1.189	1.205	1.183	
1.091	1.005	1.008	1.062	1.023	1.100	1.007	1.009	1.073	1.022	1.119	1.008	1.010	1.071	1.021	1.140	1.010	1.012	1.021	1.019	1.151	1.011	1.015	1.014	1.017	1.208	1.198	1.190	1.206	1.179	
1.091	1.004	1.008	1.063	1.023	1.100	1.008	1.008	1.073	1.022	1.120	1.008	1.011	1.071	1.021	1.141	1.010	1.011	1.021	1.019	1.152	1.012	1.015	1.015	1.017	1.208	1.196	1.191	1.207	1.174	
1.091	1.004	1.008	1.063	1.023	1.100	1.007	1.008	1.073	1.021	1.120	1.008	1.011	1.071	1.022	1.141	1.010	1.012	1.021	1.019	1.152	1.011	1.015	1.014	1.017	1.208	1.195	1.194	1.205	1.173	
1.091	1.004	1.008	1.063	1.023	1.100	1.007	1.008	1.073	1.021	1.120	1.007	1.011	1.072	1.022	1.141	1.010	1.012	1.021	1.019	1.152	1.011	1.015	1.013	1.016	1.207	1.194	1.197	1.202	1.171	
1.092	1.005	1.009	1.062	1.022	1.101	1.007	1.008	1.073	1.021	1.120	1.006	1.011	1.072	1.022	1.142	1.010	1.013	1.022	1.019	1.152	1.010	1.015	1.012	1.015	1.207	1.192	1.200	1.199	1.170	
1.092	1.005	1.009	1.062	1.022	1.101	1.006	1.008	1.074	1.020	1.121	1.006	1.012	1.072	1.022	1.142	1.010	1.013	1.022	1.020	1.152	1.010	1.016	1.011	1.015	1.206	1.191	1.203	1.196	1.168	
1.091	1.005	1.009	1.062	1.022	1.101	1.006	1.008	1.073	1.021	1.121	1.007	1.012	1.071	1.022	1.142	1.010	1.013	1.021	1.019	1.152	1.009	1.015	1.012	1.016	1.204	1.191	1.204	1.192	1.168	
1.090	1.005	1.009	1.061	1.022	1.101	1.006	1.009	1.073	1.021	1.121	1.007	1.012	1.071	1.022	1.142	1.010	1.013	1.021	1.019	1.153	1.009	1.015	1.012	1.016	1.203	1.191	1.206	1.188	1.169	
1.089	1.005	1.009	1.061	1.021	1.101	1.005	1.009	1.072	1.021	1.122	1.008	1.013	1.070	1.022	1.142	1.010	1.012	1.021	1.019	1.153	1.009	1.015	1.013	1.017	1.201	1.190	1.207	1.184	1.169	
1.089	1.005	1.009	1.060	1.021	1.101	1.005	1.010	1.072	1.022	1.122	1.009	1.013	1.070	1.022	1.142	1.009	1.012	1.021	1.019	1.153	1.009	1.014	1.014	1.018	1.199	1.190	1.208	1.180	1.169	
1.089	1.004	1.009	1.061	1.021	1.102	1.006	1.010	1.072	1.021	1.123	1.008	1.013	1.070	1.022	1.142	1.009	1.012	1.020	1.020	1.153	1.010	1.015	1.014	1.018	1.198	1.194	1.206	1.178	1.171	
1.090	1.004	1.009	1.061	1.022	1.103	1.006	1.010	1.073	1.021	1.123	1.008	1.013	1.070	1.021	1.142	1.009	1.012	1.020	1.020	1.154	1.010	1.015	1.014	1.018	1.197	1.198	1.204	1.176	1.173	
1.090	1.004	1.009	1.061	1.022	1.104	1.007	1.011	1.074	1.021	1.123	1.007	1.012	1.070	1.021	1.143	1.009	1.013	1.020	1.021	1.154	1.011	1.016	1.014	1.018	1.195	1.202	1.203	1.174	1.175	
1.091	1.004	1.009	1.061	1.023	1.105	1.007	1.011	1.074	1.021	1.123	1.007	1.012	1.070	1.020	1.143	1.009	1.013	1.020	1.021	1.154	1.011	1.017	1.014	1.018	1.194	1.206	1.201	1.172	1.177	
1.091	1.004	1.009	1.061	1.023	1.104	1.007	1.011	1.074	1.021	1.123	1.007	1.013	1.070	1.020	1.143	1.009	1.013	1.020	1.021	1.154	1.011	1.017	1.015	1.018	1.196	1.207	1.197	1.172	1.176	
1.091	1.004	1.009	1.061	1.023	1.104	1.007	1.011	1.074	1.021	1.124	1.007	1.013	1.071	1.020	1.144	1.009	1.013	1.020	1.022	1.153	1.011	1.016	1.015	1.019	1.198	1.208	1.193	1.173	1.175	
1.092	1.004	1.009	1.061	1.023	1.103	1.007	1.011	1.073	1.022	1.124	1.007	1.014	1.071	1.020	1.144	1.008	1.014	1.020	1.022	1.153	1.011	1.016	1.015	1.019	1.200	1.210	1.189	1.173	1.174	
1.092	1.003	1.009	1.061	1.023	1.103	1.008	1.011	1.073	1.022	1.124	1.006	1.014	1.072	1.021	1.144	1.008	1.014	1.020	1.022	1.153	1.011	1.016	1.015	1.020	1.203	1.211	1.186	1.174	1.173	
1.092	1.004	1.009	1.061	1.023	1.103	1.007	1.011	1.073	1.022	1.124	1.007	1.014	1.071	1.021	1.144	1.008	1.014	1.020	1.021	1.153	1.011	1.016	1.014	1.019	1.205	1.210	1.183	1.175	1.171	
1.092	1.004	1.010	1.061	1.023	1.104	1.007	1.011	1.073	1.022	1.125	1.007	1.014	1.071	1.021	1.145	1.009	1.014	1.020	1.021	1.152	1.011	1.017	1.014	1.019	1.207	1.209	1.181	1.176	1.169	
1.092	1.004	1.010	1.061	1.023	1.104	1.007	1.011	1.072	1.022	1.125	1.007	1.014	1.070	1.021	1.145	1.009	1.014	1.020	1.020	1.152	1.011	1.017	1.013	1.018	1.210	1.208	1.179	1.177	1.167	
1.092	1.004	1.010	1.061	1.023	1.104	1.007	1.011	1.072	1.022	1.125	1.007	1.014	1.070	1.021	1.146	1.009	1.014	1.020	1.020	1.152	1.011	1.017	1.013	1.017	1.212	1.207	1.177	1.178	1.165	
1.093	1.004	1.010	1.061	1.023	1.104	1.007	1.011	1.072	1.022	1.126	1.007	1.014	1.070	1.021	1.146	1.009	1.014	1.020	1.020	1.152	1.011	1.018	1.012	1.017	1.212	1.202	1.177	1.176	1.166	
1.093	1.004	1.010	1.061	1.023	1.104	1.008	1.011	1.073	1.022	1.126	1.007	1.014	1.071	1.021	1.146	1.009	1.014	1.020	1.021	1.152	1.011	1.018	1.012	1.017	1.212	1.197	1.177	1.174	1.167	
1.093	1.004	1.011	1.061	1.023	1.104	1.008	1.011	1.073	1.022	1.127	1.007	1.014	1.071	1.020	1.146	1.009	1.014	1.020	1.021	1.152	1.011	1.019	1.012	1.017	1.212	1.193	1.178	1.173	1.168	
1.094	1.004	1.011	1.061	1.023	1.103	1.008	1.011	1.074	1.022	1.128	1.006	1.014	1.072	1.020	1.146	1.009	1.014	1.020	1.022	1.153	1.010	1.019	1.012	1.017	1.212	1.188	1.178	1.171	1.169	
1.094	1.004	1.011	1.061	1.023	1.104	1.007	1.011	1.074	1.022	1.129	1.007	1.013	1.072	1.021	1.146	1.009	1.014	1.020	1.022	1.153	1.011	1.019	1.013	1.017	1.209	1.187	1.179	1.170	1.172	
1.094	1.005	1.011	1.062	1.023	1.105	1.007	1.011	1.074	1.022	1.129	1.007	1.013	1.071	1.021	1.146	1.009	1.014	1.021	1.022	1.153	1.011	1.019	1.013	1.018	1.206	1.185	1.181	1.169	1.174	
1.094	1.005	1.011	1.062	1.023	1.105	1.006	1.011	1.074	1.022	1.129	1.007	1.013	1.071	1.022	1.146	1.009	1.014	1.021	1.022	1.153	1.012	1.019	1.014	1.018	1.203	1.184	1.182	1.167	1.177	
1.094	1.005	1.011	1.062	1.023	1.106	1.005	1.012	1.074	1.022	1.130	1.007	1.012	1.070	1.023	1.146	1.008	1.013	1.021	1.022	1.153	1.012	1.019	1.015	1.018	1.200	1.182	1.184	1.166	1.180	
1.094	1.005	1.011	1.062	1.023	1.106	1.005	1.012	1.074	1.022	1.130	1.007	1.013	1.070	1.022	1.147	1.008	1.014	1.021	1.022	1.154	1.012	1.019	1.015	1.018	1.196	1.182	1.182	1.166	1.182	
1.095	1.004	1.011	1.062	1.023	1.107	1.005	1.012	1.074	1.023	1.130	1.006	1.014	1.070	1.022	1.147	1.008	1.014	1.021	1.022	1.154	1.012	1.019	1.015	1.018	1.192	1.182	1.180	1.166	1.184	
1.095	1.004	1.011	1.062	1.023	1.107	1.005	1.012	1.074	1.023	1.130	1.006	1.015	1.070	1.021	1.147	1.008	1.015	1.021	1.022	1.155	1.011	1.018	1.015	1.018	1.189	1.182	1.179	1.166	1.186	
1.095	1.003	1.011	1.062	1.023	1.108	1.005	1.012	1.074	1.024	1.130	1.005	1.016	1.070	1.021	1.148	1.008	1.016	1.021	1.022	1.156	1.011	1.018	1.016	1.017	1.185	1.182	1.177	1.166	1.187	
1.095	1.004	1.011	1.062	1.024	1.108	1.005	1.012	1.074	1.024	1.129	1.005	1.015	1.070	1.021	1.148	1.008	1.016	1.021	1.022	1.156	1.011	1.019	1.015	1.018	1.185	1.183	1.175	1.169	1.185	
1.095	1.004	1.011	1.063	1.024	1.109	1.005	1.011	1.074	1.023	1.129	1.006	1.015	1.070	1.021	1.148	1.009	1.016	1.020	1.022	1.156	1.011	1.019	1.015	1.018	1.184	1.184	1.173	1.172	1.183	
1.095	1.004	1.011	1.063	1.025	1.110	1.005	1.011	1.074	1.023	1.129	1.006	1.014	1.070	1.021	1.148	1.009	1.016	1.020	1.023	1.156	1.011	1.020	1.015	1.018	1.184	1.185	1.172	1.175	1.181	
1.095	1.004	1.011	1.063	1.026	1.111	1.005	1.010	1.074	1.022	1.129	1.006	1.013	1.070	1.021	1.148	1.010	1.016	1.020	1.023	1.156	1.011	1.021	1.014	1.019	1.183	1.187	1.170	1.178	1.179	
1.096	1.004	1.022	1.063	1.019	1.111	1.005	1.022	1.074	1.017	1.130	1.006	1.024	1.071	1.017	1.148	1.010	1.026	1.020	1.018	1.156	1.010	1.030	1.014	1.014	1.178	1.180	1.164	1.174	1.170	
1.096	1.004	1.033	1.063	1.013	1.110	1.005	1.033	1.074	1.011	1.131	1.007	1.035	1.071	1.012	1.148	1.010	1.036	1.019	1.013	1.157	1.009	1.039	1.013	1.010	1.172	1.173	1.158	1.169	1.161	
1.097	1.004	1.044	1.062	1.007	1.110	1.005	1.045	1.075	1.006	1.132	1.007	1.046	1.071	1.007	1.148	1.010	1.047	1.019	1.007	1.157	1.008	1.049	1.013	1.005	1.167	1.166	1.153	1.165	1.153	
1.097	1.004	1.055	1.062	1.001	1.110	1.005	1.056	1.075	1.000	1.133	1.008	1.057	1.072	1.002	1.148	1.010	1.057	1.019	1.002	1.158	1.007	1.059	1.012	1.001	1.162	1.159	1.147	1.161	1.144	
1.097	1.004	1.055	1.062	1.001	1.111	1.005	1.056	1.075	1.000	1.133	1.007	1.057	1.073	1.002	1.148	1.009	1.057	1.019	1.001	1.158	1.008	1.058	1.013	1.000	1.162	1.156	1.149	1.159	1.143	
1.097	1.004	1.056	1.062	1.001	1.111	1.006	1.056	1.075	1.001	1.133	1.006	1.057	1.073	1.001	1.148	1.009	1.057	1.020	1.001	1.158	1.009	1.058	1.013	1.000	1.163	1.154	1.151	1.157	1.141	
1.097	1.005	1.056	1.062	1.001	1.112	1.006	1.055	1.075	1.001	1.133	1.005	1.057	1.074	1.001	1.149	1.008	1.057	1.021	1.000	1.159	1.010	1.058	1.014	1.000	1.163	1.151	1.152	1.155	1.139	
1.097	1.005	1.056	1.062	1.001	1.112	1.006	1.055	1.076	1.001	1.133	1.004	1.057	1.075	1.000	1.149	1.007	1.057	1.022	1.000	1.159	1.010	1.058	1.014	1.000	1.164	1.149	1.154	1.153	1.138	
1.097	1.005	1.056	1.063	1.001	1.112	1.006	1.055	1.075	1.002	1.133	1.004	1.057	1.074	1.000	1.149	1.007	1.057	1.022	1.001	1.160	1.010	1.059	1.014	1.000	1.162	1.149	1.156	1.149	1.137	
1.097	1.005	1.056	1.063	1.001	1.113	1.006	1.055	1.075	1.002	1.133	1.005	1.057	1.074	1.001	1.149	1.008	1.057	1.022	1.002	1.160	1.010	1.060	1.015	1.001	1.160	1.150	1.159	1.145	1.137	
1.098	1.005	1.056	1.063	1.001	1.114	1.006	1.055	1.074	1.002	1.133	1.005	1.057	1.074	1.001	1.149	1.008	1.057	1.022	1.002	1.161	1.010	1.061	1.015	1.001	1.158	1.150	1.161	1.142	1.136	
1.098	1.005	1.056	1.063	1.001	1.114	1.005	1.055	1.074	1.003	1.133	1.005	1.058	1.074	1.001	1.149	1.008	1.056	1.022	1.003	1.161	1.010	1.062	1.015	1.001	1.156	1.151	1.164	1.138	1.136	
1.099	1.005	1.056	1.063	1.002	1.115	1.005	1.055	1.075	1.003	1.133	1.005	1.058	1.073	1.001	1.149	1.008	1.056	1.022	1.003	1.161	1.010	1.062	1.015	1.001	1.155	1.153	1.161	1.137	1.137	
1.099	1.005	1.056	1.064	1.002	1.115	1.004	1.055	1.075	1.002	1.133	1.005	1.058	1.073	1.001	1.150	1.009	1.056	1.021	1.003	1.162	1.010	1.062	1.015	1.001	1.154	1.155	1.159	1.136	1.138	
1.099	1.004	1.056	1.064	1.002	1.116	1.004	1.055	1.076	1.002	1.133	1.005	1.058	1.072	1.001	1.151	1.009	1.055	1.021	1.003	1.162	1.009	1.062	1.016	1.001	1.153	1.158	1.156	1.135	1.139	
1.100	1.004	1.056	1.064	1.002	1.116	1.003	1.055	1.076	1.002	1.133	1.005	1.058	1.072	1.001	1.151	1.009	1.055	1.020	1.003	1.162	1.009	1.062	1.016	1.001	1.152	1.160	1.153	1.134	1.140	
1.100	1.004	1.057	1.064	1.002	1.117	1.004	1.055	1.076	1.003	1.134	1.005	1.058	1.072	1.001	1.151	1.009	1.056	1.020	1.004	1.162	1.009	1.062	1.015	1.001	1.154	1.162	1.150	1.134	1.138	
1.101	1.004	1.057	1.063	1.002	1.117	1.004	1.055	1.076	1.003	1.134	1.005	1.059	1.072	1.001	1.151	1.009	1.056	1.020	1.004	1.163	1.009	1.062	1.014	1.001	1.155	1.164	1.146	1.135	1.137	
1.101	1.004	1.058	1.063	1.002	1.117	1.004	1.055	1.076	1.003	1.135	1.005	1.059	1.072	1.001	1.150	1.009	1.057	1.020	1.004	1.163	1.010	1.061	1.013	1.001	1.157	1.166	1.142	1.135	1.135	
1.102	1.004	1.058	1.063	1.002	1.117	1.004	1.055	1.076	1.003	1.136	1.005	1.059	1.072	1.001	1.150	1.009	1.058	1.020	1.004	1.164	1.010	1.061	1.013	1.001	1.159	1.168	1.138	1.136	1.133	
1.102	1.004	1.059	1.063	1.002	1.118	1.004	1.055	1.075	1.003	1.136	1.006	1.059	1.072	1.002	1.150	1.009	1.058	1.020	1.004	1.164	1.010	1.061	1.013	1.001	1.161	1.167	1.137	1.137	1.132	
1.102	1.004	1.059	1.064	1.001	1.118	1.004	1.056	1.075	1.003	1.136	1.006	1.059	1.072	1.002	1.150	1.009	1.058	1.020	1.004	1.164	1.010	1.061	1.013	1.001	1.164	1.165	1.137	1.139	1.130	
1.103	1.004	1.059	1.064	1.001	1.119	1.004	1.056	1.075	1.003	1.136	1.006	1.059	1.073	1.002	1.150	1.009	1.058	1.020	1.003	1.165	1.010	1.061	1.012	1.000	1.166	1.163	1.137	1.140	1.129	
1.103	1.004	1.059	1.065	1.000	1.120	1.004	1.056	1.075	1.002	1.136	1.007	1.060	1.073	1.002	1.150	1.009	1.058	1.020	1.003	1.165	1.010	1.061	1.012	1.000	1.168	1.161	1.136	1.142	1.127	
1.103	1.004	1.058	1.064	1.001	1.120	1.004	1.057	1.074	1.003	1.136	1.006	1.060	1.073	1.002	1.151	1.009	1.058	1.020	1.004	1.165	1.010	1.061	1.013	1.001	1.169	1.158	1.137	1.140	1.127	
1.103	1.004	1.058	1.063	1.001	1.120	1.004	1.057	1.074	1.004	1.136	1.006	1.060	1.073	1.002	1.151	1.009	1.059	1.021	1.004	1.165	1.010	1.061	1.013	1.001	1.169	1.154	1.137	1.138	1.126	
1.103	1.004	1.058	1.062	1.002	1.120	1.004	1.058	1.074	1.004	1.136	1.006	1.061	1.073	1.002	1.151	1.010	1.059	1.022	1.004	1.165	1.010	1.061	1.014	1.002	1.170	1.151	1.138	1.135	1.125	
1.103	1.003	1.057	1.062	1.002	1.120	1.004	1.058	1.073	1.005	1.136	1.006	1.061	1.073	1.002	1.151	1.010	1.059	1.022	1.005	1.165	1.009	1.061	1.014	1.002	1.170	1.147	1.139	1.133	1.125	
1.105	1.003	1.058	1.062	1.002	1.119	1.005	1.058	1.073	1.004	1.136	1.006	1.061	1.073	1.002	1.152	1.010	1.059	1.022	1.005	1.165	1.009	1.061	1.014	1.002	1.167	1.145	1.140	1.131	1.127	
1.106	1.002	1.058	1.062	1.002	1.119	1.006	1.058	1.074	1.004	1.136	1.006	1.062	1.074	1.002	1.152	1.009	1.060	1.022	1.005	1.166	1.010	1.062	1.014	1.001	1.164	1.144	1.141	1.130	1.129	
1.107	1.002	1.058	1.062	1.002	1.119	1.006	1.058	1.074	1.003	1.136	1.007	1.062	1.074	1.001	1.152	1.009	1.060	1.022	1.005	1.166	1.010	1.062	1.015	1.001	1.160	1.142	1.142	1.128	1.131	
1.108	1.001	1.059	1.062	1.002	1.119	1.007	1.059	1.074	1.003	1.136	1.007	1.062	1.074	1.001	1.153	1.009	1.061	1.021	1.005	1.166	1.010	1.062	1.015	1.001	1.157	1.140	1.143	1.126	1.133	
1.108	1.002	1.059	1.062	1.002	1.120	1.007	1.058	1.074	1.003	1.136	1.007	1.062	1.074	1.002	1.153	1.009	1.061	1.022	1.005	1.167	1.010	1.062	1.015	1.001	1.154	1.141	1.141	1.127	1.135	
1.108	1.002	1.059	1.063	1.002	1.121	1.007	1.058	1.074	1.003	1.136	1.007	1.061	1.074	1.002	1.154	1.009	1.061	1.022	1.005	1.167	1.010	1.062	1.016	1.001	1.150	1.141	1.139	1.127	1.136	
1.108	1.003	1.059	1.063	1.002	1.122	1.007	1.058	1.075	1.003	1.137	1.006	1.061	1.074	1.003	1.154	1.009	1.061	1.023	1.004	1.167	1.009	1.062	1.016	1.001	1.147	1.142	1.137	1.127	1.138	
1.108	1.003	1.059	1.064	1.002	1.123	1.006	1.058	1.075	1.003	1.137	1.006	1.061	1.074	1.004	1.154	1.009	1.060	1.023	1.004	1.167	1.009	1.063	1.017	1.001	1.144	1.142	1.135	1.127	1.139	
1.108	1.004	1.059	1.064	1.002	1.122	1.006	1.058	1.075	1.003	1.137	1.006	1.061	1.073	1.004	1.155	1.009	1.061	1.022	1.004	1.167	1.009	1.062	1.016	1.002	1.143	1.143	1.133	1.129	1.138	
1.108	1.004	1.059	1.064	1.002	1.122	1.006	1.058	1.076	1.003	1.137	1.006	1.061	1.073	1.004	1.156	1.009	1.061	1.022	1.005	1.167	1.009	1.062	1.015	1.002	1.143	1.145	1.131	1.131	1.136	
1.109	1.004	1.059	1.064	1.003	1.121	1.005	1.059	1.076	1.003	1.137	1.007	1.060	1.073	1.004	1.157	1.009	1.061	1.022	1.005	1.166	1.008	1.062	1.014	1.003	1.143	1.146	1.130	1.133	1.134	
1.109	1.004	1.060	1.064	1.003	1.120	1.005	1.059	1.076	1.003	1.138	1.007	1.060	1.072	1.004	1.158	1.009	1.061	1.021	1.006	1.166	1.008	1.061	1.013	1.004	1.142	1.147	1.128	1.134	1.132	
1.109	1.004	1.060	1.064	1.003	1.121	1.005	1.059	1.077	1.003	1.137	1.006	1.061	1.072	1.004	1.157	1.008	1.061	1.021	1.006	1.167	1.008	1.062	1.013	1.004	1.143	1.145	1.127	1.136	1.130	
1.109	1.004	1.060	1.064	1.003	1.121	1.006	1.059	1.077	1.004	1.137	1.006	1.061	1.071	1.004	1.157	1.007	1.061	1.021	1.006	1.167	1.008	1.062	1.013	1.004	1.144	1.144	1.127	1.137	1.127	
1.110	1.004	1.060	1.064	1.004	1.121	1.006	1.058	1.078	1.004	1.137	1.005	1.062	1.071	1.004	1.157	1.007	1.061	1.021	1.006	1.167	1.007	1.063	1.013	1.004	1.146	1.142	1.126	1.139	1.125	
1.110	1.004	1.060	1.064	1.004	1.121	1.006	1.058	1.078	1.004	1.137	1.005	1.063	1.070	1.004	1.157	1.006	1.061	1.021	1.006	1.168	1.007	1.063	1.012	1.004	1.147	1.141	1.126	1.140	1.123	
1.110	1.004	1.060	1.064	1.004	1.122	1.005	1.059	1.078	1.004	1.138	1.005	1.063	1.071	1.004	1.158	1.007	1.061	1.021	1.006	1.168	1.007	1.063	1.013	1.004	1.146	1.139	1.128	1.139	1.122	
1.109	1.005	1.060	1.064	1.004	1.123	1.004	1.059	1.078	1.003	1.138	1.005	1.063	1.072	1.004	1.158	1.007	1.061	1.021	1.005	1.169	1.007	1.063	1.013	1.004	1.146	1.137	1.131	1.137	1.121	
1.109	1.005	1.060	1.063	1.005	1.124	1.004	1.060	1.077	1.003	1.139	1.005	1.063	1.073	1.004	1.159	1.008	1.061	1.021	1.005	1.169	1.008	1.063	1.013	1.004	1.146	1.134	1.133	1.135	1.121	
1.109	1.005	1.060	1.063	1.005	1.125	1.003	1.060	1.077	1.002	1.139	1.006	1.064	1.074	1.005	1.159	1.008	1.061	1.020	1.005	1.169	1.008	1.063	1.013	1.003	1.146	1.132	1.136	1.133	1.120	
1.109	1.005	1.060	1.063	1.005	1.124	1.004	1.060	1.077	1.003	1.139	1.006	1.064	1.074	1.005	1.159	1.008	1.062	1.021	1.005	1.170	1.007	1.064	1.014	1.003	1.144	1.132	1.137	1.131	1.121	
1.110	1.004	1.060	1.064	1.004	1.124	1.004	1.060	1.077	1.003	1.139	1.006	1.064	1.074	1.005	1.159	1.009	1.062	1.022	1.004	1.170	1.007	1.065	1.015	1.004	1.141	1.132	1.139	1.129	1.122	
1.110	1.004	1.060	1.064	1.004	1.123	1.005	1.060	1.077	1.003	1.139	1.007	1.064	1.074	1.005	1.159	1.009	1.062	1.022	1.004	1.170	1.007	1.066	1.015	1.004	1.139	1.132	1.140	1.127	1.123	
1.111	1.003	1.060	1.064	1.004	1.122	1.006	1.060	1.078	1.004	1.138	1.007	1.064	1.074	1.005	1.159	1.009	1.062	1.023	1.004	1.170	1.007	1.067	1.016	1.004	1.137	1.131	1.142	1.125	1.124	
1.111	1.003	1.061	1.065	1.004	1.123	1.006	1.060	1.077	1.003	1.139	1.007	1.063	1.074	1.005	1.159	1.008	1.063	1.023	1.005	1.170	1.007	1.067	1.015	1.004	1.136	1.132	1.140	1.124	1.126	
1.111	1.003	1.061	1.065	1.004	1.124	1.005	1.060	1.077	1.003	1.139	1.006	1.063	1.074	1.005	1.160	1.008	1.063	1.022	1.005	1.170	1.007	1.068	1.014	1.004	1.135	1.133	1.138	1.122	1.127	
1.111	1.003	1.061	1.066	1.005	1.125	1.005	1.060	1.077	1.002	1.140	1.006	1.062	1.074	1.005	1.160	1.008	1.063	1.022	1.005	1.170	1.008	1.068	1.014	1.004	1.135	1.134	1.136	1.121	1.129	
1.111	1.003	1.062	1.067	1.005	1.126	1.005	1.060	1.077	1.002	1.140	1.006	1.062	1.074	1.005	1.160	1.007	1.064	1.022	1.005	1.170	1.008	1.068	1.013	1.004	1.134	1.135	1.134	1.120	1.131	
1.111	1.003	1.062	1.066	1.005	1.125	1.005	1.060	1.078	1.002	1.140	1.006	1.062	1.074	1.005	1.160	1.008	1.063	1.022	1.005	1.170	1.008	1.067	1.014	1.004	1.134	1.137	1.132	1.122	1.129	
1.112	1.003	1.062	1.065	1.005	1.125	1.005	1.060	1.078	1.003	1.140	1.006	1.062	1.074	1.005	1.161	1.008	1.063	1.022	1.006	1.170	1.007	1.066	1.014	1.004	1.135	1.139	1.130	1.123	1.128	
1.112	1.003	1.061	1.064	1.006	1.125	1.006	1.060	1.079	1.004	1.140	1.005	1.063	1.074	1.005	1.161	1.008	1.063	1.022	1.006	1.170	1.007	1.066	1.015	1.003	1.135	1.141	1.127	1.125	1.127	
1.112	1.003	1.061	1.063	1.006	1.124	1.006	1.060	1.079	1.005	1.140	1.005	1.063	1.075	1.005	1.161	1.009	1.062	1.022	1.006	1.170	1.007	1.065	1.016	1.003	1.135	1.142	1.125	1.127	1.126	
1.113	1.003	1.061	1.063	1.006	1.126	1.005	1.060	1.079	1.005	1.140	1.005	1.063	1.074	1.005	1.161	1.009	1.063	1.022	1.007	1.171	1.008	1.065	1.016	1.004	1.137	1.142	1.123	1.129	1.123	
1.113	1.003	1.061	1.063	1.006	1.127	1.005	1.061	1.079	1.006	1.141	1.005	1.063	1.074	1.004	1.161	1.008	1.063	1.022	1.007	1.172	1.008	1.066	1.015	1.004	1.140	1.141	1.122	1.130	1.120	
1.114	1.003	1.060	1.064	1.006	1.128	1.005	1.061	1.078	1.007	1.141	1.005	1.063	1.074	1.004	1.161	1.008	1.063	1.022	1.007	1.172	1.009	1.066	1.015	1.004	1.142	1.140	1.120	1.131	1.116	
1.115	1.003	1.060	1.064	1.006	1.129	1.005	1.062	1.078	1.008	1.141	1.005	1.063	1.073	1.004	1.161	1.008	1.063	1.022	1.008	1.173	1.009	1.067	1.015	1.004	1.144	1.139	1.118	1.133	1.113	
1.115	1.003	1.060	1.065	1.005	1.128	1.005	1.062	1.078	1.007	1.141	1.005	1.063	1.074	1.004	1.161	1.008	1.063	1.022	1.007	1.173	1.009	1.067	1.015	1.005	1.144	1.136	1.120	1.131	1.111	
1.115	1.003	1.060	1.065	1.005	1.127	1.005	1.062	1.079	1.007	1.141	1.005	1.063	1.074	1.005	1.162	1.008	1.063	1.022	1.007	1.173	1.009	1.067	1.015	1.005	1.144	1.133	1.122	1.130	1.110	
1.115	1.003	1.059	1.065	1.005	1.126	1.005	1.062	1.079	1.007	1.141	1.004	1.064	1.074	1.005	1.162	1.007	1.063	1.021	1.007	1.173	1.008	1.068	1.015	1.005	1.145	1.129	1.125	1.128	1.108	
1.115	1.003	1.059	1.065	1.005	1.126	1.005	1.062	1.079	1.007	1.141	1.004	1.064	1.075	1.006	1.162	1.007	1.063	1.021	1.006	1.174	1.008	1.068	1.015	1.005	1.145	1.126	1.127	1.127	1.106	
1.115	1.003	1.059	1.065	1.006	1.126	1.005	1.061	1.079	1.007	1.142	1.005	1.064	1.075	1.006	1.163	1.007	1.063	1.021	1.007	1.174	1.009	1.068	1.016	1.005	1.142	1.125	1.128	1.124	1.109	
1.115	1.003	1.060	1.065	1.006	1.126	1.005	1.061	1.080	1.007	1.143	1.005	1.063	1.074	1.006	1.163	1.007	1.064	1.022	1.007	1.174	1.009	1.067	1.016	1.005	1.139	1.123	1.130	1.121	1.111	
1.115	1.003	1.060	1.065	1.006	1.126	1.005	1.061	1.080	1.007	1.143	1.006	1.063	1.074	1.006	1.163	1.006	1.064	1.022	1.007	1.175	1.010	1.067	1.017	1.005	1.136	1.122	1.131	1.118	1.114	
1.116	1.003	1.061	1.065	1.007	1.127	1.005	1.060	1.080	1.007	1.144	1.006	1.063	1.074	1.006	1.163	1.006	1.064	1.022	1.007	1.175	1.010	1.067	1.017	1.005	1.134	1.121	1.132	1.115	1.116	
1.116	1.003	1.061	1.066	1.007	1.127	1.005	1.060	1.080	1.007	1.144	1.006	1.064	1.074	1.006	1.162	1.007	1.064	1.022	1.007	1.175	1.010	1.067	1.016	1.005	1.131	1.121	1.132	1.113	1.117	
1.117	1.003	1.061	1.067	1.007	1.127	1.004	1.061	1.079	1.008	1.144	1.006	1.064	1.073	1.006	1.162	1.007	1.063	1.022	1.007	1.175	1.009	1.067	1.015	1.005	1.128	1.122	1.131	1.112	1.118	
1.117	1.002	1.061	1.068	1.007	1.127	1.004	1.061	1.079	1.008	1.145	1.006	1.065	1.073	1.007	1.161	1.007	1.063	1.023	1.007	1.176	1.008	1.067	1.014	1.005	1.126	1.123	1.130	1.110	1.119	
1.118	1.002	1.061	1.069	1.007	1.127	1.004	1.061	1.078	1.008	1.145	1.006	1.065	1.073	1.007	1.160	1.007	1.062	1.023	1.007	1.176	1.008	1.067	1.014	1.005	1.123	1.123	1.129	1.109	1.119	
1.118	1.003	1.061	1.068	1.007	1.127	1.004	1.061	1.078	1.008	1.145	1.006	1.066	1.074	1.007	1.161	1.007	1.063	1.023	1.008	1.177	1.008	1.067	1.013	1.005	1.123	1.126	1.125	1.110	1.118	
1.118	1.004	1.061	1.068	1.007	1.128	1.004	1.061	1.078	1.008	1.145	1.006	1.066	1.074	1.007	1.162	1.007	1.064	1.022	1.008	1.177	1.008	1.066	1.013	1.005	1.122	1.128	1.122	1.111	1.117	
1.118	1.005	1.062	1.067	1.006	1.128	1.004	1.061	1.078	1.009	1.146	1.007	1.066	1.075	1.008	1.163	1.007	1.065	1.022	1.009	1.178	1.008	1.066	1.013	1.005	1.122	1.131	1.119	1.112	1.116	
1.118	1.005	1.062	1.066	1.006	1.129	1.004	1.061	1.078	1.009	1.146	1.007	1.067	1.075	1.008	1.164	1.007	1.065	1.022	1.009	1.179	1.008	1.065	1.013	1.005	1.121	1.133	1.116	1.113	1.115	
1.118	1.005	1.062	1.066	1.007	1.128	1.004	1.062	1.079	1.009	1.146	1.007	1.066	1.075	1.008	1.164	1.007	1.066	1.022	1.009	1.179	1.008	1.065	1.013	1.005	1.123	1.132	1.115	1.113	1.112	
1.117	1.004	1.062	1.067	1.007	1.128	1.005	1.063	1.079	1.009	1.147	1.006	1.066	1.075	1.007	1.164	1.007	1.066	1.021	1.009	1.179	1.008	1.065	1.013	1.005	1.125	1.130	1.114	1.114	1.109	
1.117	1.003	1.062	1.067	1.007	1.128	1.005	1.064	1.079	1.009	1.148	1.005	1.066	1.075	1.007	1.164	1.007	1.066	1.021	1.009	1.179	1.007	1.066	1.013	1.006	1.127	1.129	1.113	1.114	1.106	
1.116	1.003	1.062	1.067	1.008	1.127	1.005	1.064	1.079	1.009	1.148	1.004	1.066	1.074	1.007	1.165	1.006	1.066	1.021	1.008	1.179	1.007	1.066	1.014	1.006	1.129	1.127	1.112	1.115	1.102	
1.116	1.003	1.062	1.066	1.008	1.127	1.005	1.064	1.079	1.008	1.148	1.005	1.066	1.075	1.007	1.165	1.006	1.066	1.021	1.008	1.179	1.007	1.067	1.014	1.006	1.130	1.125	1.113	1.113	1.102	
1.117	1.003	1.062	1.066	1.008	1.127	1.004	1.064	1.080	1.008	1.149	1.005	1.066	1.075	1.007	1.165	1.006	1.066	1.022	1.007	1.179	1.007	1.069	1.014	1.006	1.131	1.122	1.115	1.111	1.102	
1.117	1.004	1.062	1.065	1.008	1.127	1.004	1.064	1.080	1.007	1.149	1.006	1.066	1.076	1.007	1.165	1.006	1.067	1.023	1.007	1.179	1.007	1.071	1.014	1.006	1.132	1.120	1.116	1.109	1.101	
1.117	1.004	1.062	1.065	1.007	1.128	1.003	1.063	1.080	1.007	1.149	1.006	1.066	1.076	1.007	1.166	1.007	1.067	1.023	1.006	1.180	1.007	1.072	1.014	1.006	1.133	1.117	1.117	1.107	1.101	
1.117	1.004	1.062	1.065	1.008	1.127	1.003	1.063	1.080	1.007	1.150	1.006	1.066	1.077	1.007	1.166	1.007	1.067	1.023	1.007	1.180	1.008	1.071	1.015	1.007	1.131	1.115	1.118	1.104	1.104	
1.118	1.003	1.062	1.066	1.008	1.127	1.004	1.063	1.080	1.007	1.151	1.005	1.067	1.077	1.007	1.166	1.007	1.067	1.023	1.008	1.180	1.008	1.069	1.016	1.008	1.129	1.114	1.119	1.100	1.106	
1.118	1.003	1.063	1.067	1.008	1.127	1.004	1.063	1.079	1.007	1.151	1.005	1.067	1.077	1.007	1.166	1.007	1.067	1.023	1.009	1.181	1.008	1.068	1.017	1.008	1.127	1.112	1.121	1.097	1.109	
1.118	1.002	1.063	1.068	1.008	1.127	1.004	1.063	1.079	1.007	1.152	1.005	1.067	1.077	1.007	1.166	1.007	1.067	1.023	1.010	1.181	1.008	1.066	1.018	1.009	1.125	1.110	1.122	1.093	1.111	
1.118	1.002	1.063	1.068	1.008	1.127	1.004	1.063	1.079	1.008	1.152	1.005	1.067	1.077	1.007	1.167	1.007	1.067	1.023	1.010	1.182	1.008	1.067	1.017	1.009	1.122	1.112	1.120	1.093	1.112	
1.118	1.003	1.063	1.068	1.008	1.128	1.005	1.063	1.079	1.008	1.151	1.005	1.066	1.076	1.008	1.167	1.007	1.068	1.023	1.010	1.183	1.008	1.068	1.017	1.008	1.119	1.113	1.118	1.092	1.113	
1.117	1.003	1.063	1.068	1.007	1.128	1.005	1.064	1.079	1.008	1.151	1.005	1.065	1.076	1.008	1.167	1.007	1.068	1.023	1.010	1.183	1.008	1.069	1.017	1.008	1.116	1.115	1.116	1.091	1.113	
1.117	1.003	1.063	1.068	1.007	1.129	1.006	1.064	1.079	1.008	1.150	1.005	1.065	1.075	1.008	1.168	1.007	1.069	1.023	1.010	1.184	1.007	1.069	1.017	1.008	1.113	1.116	1.114	1.090	1.114	
1.117	1.003	1.063	1.068	1.008	1.129	1.005	1.064	1.079	1.009	1.150	1.005	1.065	1.076	1.008	1.168	1.007	1.068	1.023	1.010	1.183	1.007	1.069	1.016	1.008	1.113	1.118	1.110	1.092	1.112	
1.117	1.002	1.063	1.068	1.009	1.130	1.005	1.064	1.079	1.009	1.151	1.005	1.065	1.076	1.008	1.168	1.007	1.068	1.023	1.010	1.183	1.008	1.069	1.016	1.008	1.112	1.119	1.107	1.093	1.110	
1.118	1.002	1.064	1.067	1.010	1.131	1.004	1.064	1.078	1.010	1.151	1.004	1.066	1.076	1.007	1.168	1.007	1.067	1.023	1.010	1.183	1.008	1.069	1.015	1.008	1.112	1.121	1.103	1.095	1.108	
1.118	1.002	1.064	1.067	1.011	1.131	1.003	1.064	1.078	1.010	1.152	1.004	1.066	1.076	1.007	1.168	1.007	1.067	1.023	1.010	1.183	1.008	1.069	1.014	1.008	1.111	1.122	1.100	1.097	1.107	
1.118	1.002	1.064	1.067	1.010	1.132	1.003	1.064	1.078	1.010	1.152	1.004	1.066	1.076	1.008	1.169	1.007	1.067	1.022	1.010	1.183	1.008	1.069	1.014	1.008	1.114	1.121	1.098	1.098	1.104	
1.119	1.002	1.065	1.067	1.009	1.133	1.003	1.064	1.078	1.010	1.151	1.004	1.067	1.076	1.008	1.169	1.007	1.068	1.022	1.010	1.184	1.008	1.070	1.015	1.007	1.116	1.120	1.097	1.100	1.101	
1.119	1.003	1.065	1.067	1.009	1.134	1.004	1.064	1.079	1.010	1.151	1.004	1.067	1.075	1.008	1.169	1.008	1.068	1.022	1.010	1.184	1.008	1.070	1.015	1.007	1.118	1.119	1.095	1.101	1.098	
1.119	1.003	1.066	1.067	1.008	1.134	1.004	1.064	1.079	1.010	1.150	1.004	1.067	1.075	1.008	1.170	1.008	1.068	1.022	1.010	1.185	1.008	1.070	1.015	1.007	1.120	1.119	1.094	1.102	1.095	
1.120	1.003	1.065	1.067	1.008	1.135	1.004	1.065	1.079	1.011	1.151	1.004	1.067	1.075	1.008	1.170	1.008	1.068	1.023	1.010	1.184	1.007	1.070	1.015	1.007	1.120	1.115	1.095	1.101	1.094	
1.120	1.003	1.065	1.067	1.009	1.135	1.004	1.065	1.078	1.011	1.152	1.005	1.067	1.075	1.008	1.171	1.007	1.068	1.024	1.010	1.184	1.007	1.071	1.014	1.007	1.121	1.111	1.096	1.100	1.092	
1.121	1.003	1.065	1.067	1.009	1.136	1.005	1.066	1.077	1.011	1.154	1.005	1.067	1.075	1.008	1.171	1.007	1.068	1.025	1.010	1.183	1.006	1.071	1.014	1.007	1.121	1.107	1.096	1.099	1.091	
1.121	1.002	1.064	1.067	1.009	1.136	1.005	1.066	1.077	1.012	1.155	1.006	1.067	1.076	1.008	1.172	1.007	1.067	1.026	1.010	1.183	1.006	1.071	1.014	1.007	1.122	1.104	1.097	1.098	1.090	
1.121	1.002	1.065	1.067	1.009	1.136	1.004	1.066	1.077	1.012	1.155	1.005	1.068	1.076	1.008	1.172	1.007	1.068	1.025	1.010	1.183	1.006	1.071	1.014	1.008	1.120	1.102	1.098	1.095	1.091	
1.121	1.002	1.065	1.067	1.009	1.136	1.004	1.066	1.078	1.011	1.155	1.004	1.068	1.076	1.009	1.173	1.007	1.069	1.025	1.010	1.184	1.007	1.071	1.015	1.008	1.117	1.101	1.099	1.092	1.092	
1.121	1.002	1.065	1.067	1.009	1.136	1.004	1.066	1.078	1.011	1.155	1.003	1.069	1.076	1.009	1.173	1.006	1.069	1.025	1.010	1.184	1.007	1.071	1.016	1.008	1.115	1.099	1.100	1.089	1.094	
1.120	1.002	1.065	1.067	1.010	1.136	1.004	1.066	1.079	1.011	1.155	1.003	1.070	1.076	1.009	1.173	1.006	1.070	1.025	1.010	1.184	1.007	1.071	1.017	1.009	1.113	1.098	1.101	1.086	1.095	
1.121	1.002	1.065	1.067	1.010	1.136	1.003	1.066	1.079	1.012	1.155	1.003	1.070	1.076	1.010	1.174	1.006	1.070	1.025	1.011	1.185	1.007	1.072	1.017	1.008	1.110	1.099	1.100	1.085	1.095	
1.122	1.002	1.065	1.067	1.010	1.136	1.003	1.066	1.080	1.012	1.155	1.004	1.069	1.076	1.010	1.174	1.006	1.070	1.025	1.011	1.185	1.007	1.072	1.016	1.008	1.108	1.100	1.098	1.085	1.096	
1.122	1.002	1.065	1.067	1.010	1.136	1.003	1.066	1.080	1.013	1.155	1.005	1.069	1.076	1.011	1.174	1.006	1.070	1.024	1.011	1.186	1.007	1.073	1.016	1.008	1.105	1.101	1.097	1.085	1.096	
1.123	1.002	1.065	1.066	1.010	1.136	1.002	1.066	1.081	1.013	1.155	1.006	1.069	1.075	1.011	1.175	1.006	1.070	1.024	1.012	1.186	1.008	1.073	1.016	1.008	1.102	1.102	1.096	1.085	1.097	
1.123	1.002	1.066	1.067	1.010	1.137	1.002	1.066	1.081	1.013	1.155	1.005	1.070	1.075	1.011	1.175	1.006	1.070	1.024	1.012	1.186	1.007	1.073	1.015	1.009	1.102	1.104	1.093	1.087	1.095	
1.123	1.002	1.066	1.067	1.010	1.138	1.002	1.066	1.081	1.013	1.154	1.004	1.071	1.075	1.011	1.176	1.006	1.070	1.024	1.011	1.185	1.007	1.074	1.015	1.009	1.102	1.105	1.090	1.089	1.093	
1.123	1.002	1.067	1.067	1.010	1.138	1.002	1.066	1.082	1.013	1.153	1.003	1.071	1.075	1.011	1.176	1.007	1.070	1.023	1.011	1.184	1.006	1.074	1.014	1.010	1.102	1.107	1.087	1.090	1.092	
1.123	1.002	1.067	1.068	1.010	1.139	1.002	1.065	1.082	1.013	1.153	1.002	1.072	1.074	1.011	1.177	1.007	1.070	1.023	1.011	1.183	1.006	1.075	1.014	1.011	1.102	1.109	1.083	1.092	1.090	
1.124	1.002	1.067	1.068	1.011	1.139	1.002	1.066	1.081	1.012	1.153	1.003	1.072	1.075	1.011	1.177	1.006	1.070	1.023	1.011	1.184	1.006	1.075	1.015	1.011	1.104	1.106	1.083	1.094	1.086	
1.126	1.002	1.067	1.068	1.011	1.139	1.002	1.066	1.081	1.012	1.154	1.004	1.071	1.076	1.011	1.177	1.006	1.070	1.023	1.012	1.184	1.006	1.075	1.015	1.011	1.106	1.104	1.082	1.096	1.082	
1.127	1.002	1.067	1.068	1.011	1.139	1.001	1.066	1.081	1.011	1.155	1.005	1.071	1.076	1.012	1.177	1.005	1.070	1.023	1.012	1.185	1.006	1.075	1.016	1.011	1.109	1.101	1.081	1.098	1.078	
1.128	1.002	1.067	1.068	1.011	1.138	1.001	1.067	1.080	1.010	1.156	1.006	1.071	1.077	1.012	1.177	1.005	1.071	1.023	1.012	1.185	1.006	1.075	1.017	1.011	1.111	1.099	1.080	1.100	1.073	
1.128	1.002	1.067	1.068	1.011	1.138	1.002	1.067	1.080	1.010	1.156	1.006	1.071	1.077	1.012	1.177	1.005	1.071	1.024	1.012	1.185	1.006	1.075	1.017	1.011	1.111	1.096	1.082	1.099	1.072	
1.127	1.002	1.067	1.068	1.011	1.138	1.002	1.067	1.080	1.010	1.156	1.005	1.071	1.076	1.012	1.178	1.005	1.072	1.024	1.012	1.185	1.007	1.075	1.018	1.011	1.110	1.094	1.084	1.098	1.070	
1.127	1.002	1.067	1.068	1.011	1.138	1.002	1.068	1.080	1.010	1.156	1.005	1.070	1.076	1.011	1.178	1.005	1.072	1.025	1.012	1.185	1.007	1.076	1.018	1.010	1.110	1.091	1.085	1.097	1.069	
1.126	1.002	1.067	1.068	1.011	1.138	1.003	1.068	1.081	1.011	1.156	1.005	1.070	1.076	1.011	1.178	1.005	1.073	1.025	1.012	1.184	1.007	1.076	1.019	1.010	1.110	1.088	1.087	1.096	1.068	
1.126	1.003	1.067	1.068	1.011	1.139	1.003	1.068	1.081	1.011	1.156	1.005	1.070	1.076	1.012	1.178	1.005	1.072	1.025	1.012	1.185	1.007	1.076	1.017	1.010	1.107	1.087	1.089	1.092	1.069	
1.126	1.003	1.067	1.068	1.011	1.139	1.003	1.068	1.082	1.011	1.156	1.005	1.071	1.076	1.012	1.179	1.006	1.072	1.024	1.012	1.185	1.007	1.076	1.016	1.010	1.104	1.085	1.091	1.088	1.070	
1.126	1.003	1.067	1.068	1.012	1.140	1.003	1.068	1.082	1.011	1.156	1.005	1.071	1.077	1.012	1.179	1.006	1.072	1.024	1.012	1.185	1.007	1.075	1.014	1.010	1.102	1.083	1.093	1.084	1.071	
1.126	1.003	1.066	1.068	1.012	1.141	1.003	1.067	1.083	1.011	1.157	1.005	1.071	1.077	1.012	1.180	1.007	1.072	1.023	1.013	1.185	1.007	1.075	1.013	1.010	1.099	1.081	1.095	1.080	1.072	
1.127	1.004	1.067	1.068	1.012	1.141	1.003	1.068	1.083	1.012	1.157	1.005	1.072	1.077	1.012	1.180	1.007	1.073	1.023	1.012	1.185	1.007	1.074	1.014	1.010	1.096	1.084	1.095	1.078	1.074	
1.127	1.004	1.067	1.068	1.013	1.141	1.003	1.068	1.082	1.012	1.158	1.005	1.072	1.077	1.012	1.179	1.007	1.073	1.024	1.012	1.185	1.007	1.074	1.016	1.010	1.093	1.086	1.095	1.076	1.075	
1.128	1.005	1.068	1.068	1.013	1.141	1.003	1.068	1.082	1.013	1.158	1.004	1.072	1.077	1.011	1.179	1.006	1.074	1.024	1.012	1.185	1.007	1.073	1.017	1.010	1.090	1.089	1.096	1.075	1.077	
1.128	1.006	1.068	1.069	1.014	1.142	1.003	1.068	1.081	1.013	1.159	1.004	1.073	1.076	1.011	1.179	1.006	1.074	1.024	1.012	1.185	1.007	1.072	1.019	1.009	1.088	1.091	1.096	1.073	1.078	
1.129	1.005	1.068	1.069	1.013	1.142	1.003	1.069	1.081	1.013	1.160	1.004	1.072	1.076	1.011	1.179	1.006	1.074	1.024	1.012	1.186	1.007	1.073	1.018	1.010	1.087	1.093	1.092	1.074	1.078	
1.130	1.005	1.069	1.069	1.013	1.142	1.003	1.069	1.081	1.013	1.161	1.004	1.072	1.076	1.011	1.180	1.007	1.074	1.025	1.013	1.186	1.007	1.074	1.016	1.011	1.087	1.095	1.088	1.075	1.077	
1.130	1.004	1.069	1.069	1.012	1.143	1.002	1.070	1.081	1.013	1.162	1.003	1.072	1.076	1.012	1.180	1.007	1.074	1.025	1.013	1.187	1.007	1.074	1.015	1.011	1.086	1.097	1.083	1.076	1.076	
1.131	1.004	1.069	1.069	1.011	1.143	1.002	1.070	1.081	1.013	1.163	1.003	1.071	1.076	1.012	1.180	1.007	1.074	1.025	1.014	1.188	1.007	1.075	1.014	1.012	1.086	1.099	1.079	1.077	1.076	
1.131	1.003	1.068	1.068	1.012	1.143	1.003	1.071	1.081	1.012	1.162	1.003	1.072	1.076	1.012	1.180	1.007	1.074	1.025	1.014	1.187	1.006	1.076	1.014	1.012	1.088	1.098	1.078	1.078	1.074	
1.131	1.002	1.068	1.068	1.013	1.142	1.003	1.071	1.081	1.012	1.162	1.003	1.072	1.076	1.012	1.180	1.007	1.074	1.025	1.013	1.187	1.006	1.077	1.015	1.011	1.090	1.097	1.076	1.078	1.073	
1.130	1.002	1.068	1.067	1.014	1.142	1.004	1.071	1.081	1.012	1.162	1.003	1.073	1.076	1.013	1.179	1.007	1.074	1.025	1.013	1.186	1.005	1.078	1.016	1.011	1.092	1.096	1.075	1.079	1.072	
1.130	1.001	1.067	1.067	1.014	1.142	1.004	1.072	1.081	1.012	1.162	1.003	1.073	1.075	1.013	1.179	1.007	1.074	1.025	1.013	1.186	1.005	1.078	1.017	1.011	1.094	1.095	1.073	1.080	1.071	
1.130	1.001	1.068	1.067	1.014	1.142	1.004	1.072	1.081	1.012	1.163	1.003	1.074	1.076	1.013	1.180	1.007	1.074	1.025	1.013	1.186	1.005	1.078	1.017	1.012	1.095	1.092	1.075	1.079	1.074	
1.130	1.001	1.068	1.067	1.014	1.142	1.005	1.072	1.081	1.012	1.164	1.003	1.074	1.076	1.013	1.180	1.007	1.074	1.025	1.013	1.186	1.005	1.078	1.017	1.012	1.096	1.088	1.077	1.078	1.076	
1.130	1.002	1.068	1.068	1.013	1.142	1.005	1.072	1.082	1.012	1.165	1.003	1.075	1.077	1.013	1.181	1.007	1.074	1.025	1.014	1.185	1.005	1.078	1.017	1.013	1.098	1.085	1.078	1.078	1.079	
1.130	1.002	1.069	1.068	1.013	1.142	1.006	1.072	1.082	1.012	1.166	1.003	1.075	1.078	1.013	1.181	1.006	1.074	1.025	1.014	1.185	1.006	1.077	1.017	1.013	1.099	1.081	1.080	1.077	1.082	
1.130	1.002	1.069	1.068	1.013	1.142	1.005	1.072	1.082	1.013	1.166	1.004	1.075	1.078	1.013	1.181	1.006	1.075	1.025	1.014	1.186	1.006	1.077	1.018	1.013	1.097	1.079	1.081	1.075	1.087	
1.130	1.002	1.069	1.069	1.013	1.143	1.004	1.072	1.082	1.013	1.166	1.004	1.075	1.078	1.013	1.180	1.006	1.075	1.024	1.014	1.187	1.006	1.078	1.018	1.013	1.094	1.077	1.082	1.072	1.092	
1.130	1.002	1.069	1.069	1.013	1.143	1.003	1.073	1.083	1.013	1.165	1.004	1.074	1.078	1.013	1.180	1.006	1.076	1.024	1.014	1.187	1.006	1.078	1.019	1.013	1.092	1.076	1.083	1.070	1.097	
1.130	1.002	1.069	1.069	1.013	1.143	1.002	1.073	1.083	1.013	1.165	1.004	1.074	1.078	1.013	1.180	1.006	1.076	1.024	1.014	1.188	1.006	1.078	1.019	1.013	1.090	1.074	1.084	1.068	1.101	
1.130	1.002	1.069	1.069	1.013	1.142	1.002	1.073	1.082	1.013	1.166	1.004	1.075	1.077	1.013	1.180	1.006	1.076	1.024	1.015	1.188	1.006	1.077	1.018	1.012	1.086	1.075	1.083	1.070	1.104	
1.130	1.002	1.070	1.069	1.013	1.142	1.002	1.072	1.082	1.014	1.167	1.004	1.075	1.077	1.013	1.180	1.006	1.076	1.025	1.015	1.188	1.007	1.077	1.016	1.012	1.083	1.076	1.083	1.073	1.107	
1.131	1.002	1.070	1.069	1.013	1.142	1.002	1.072	1.082	1.014	1.168	1.004	1.076	1.076	1.013	1.180	1.005	1.076	1.025	1.015	1.189	1.007	1.077	1.015	1.012	1.080	1.078	1.083	1.075	1.109	
1.131	1.002	1.070	1.068	1.013	1.142	1.003	1.072	1.081	1.014	1.169	1.004	1.076	1.076	1.013	1.180	1.005	1.077	1.025	1.016	1.189	1.008	1.076	1.013	1.012	1.076	1.079	1.082	1.078	1.112	
1.131	1.002	1.070	1.068	1.013	1.143	1.003	1.072	1.081	1.014	1.168	1.004	1.076	1.076	1.013	1.180	1.005	1.076	1.025	1.015	1.189	1.007	1.077	1.014	1.012	1.076	1.080	1.081	1.082	1.110	
1.131	1.002	1.071	1.068	1.014	1.145	1.003	1.073	1.081	1.014	1.168	1.004	1.076	1.076	1.013	1.180	1.005	1.076	1.024	1.015	1.190	1.007	1.078	1.014	1.013	1.076	1.081	1.079	1.086	1.108	
1.131	1.002	1.071	1.068	1.014	1.146	1.003	1.073	1.081	1.015	1.167	1.004	1.076	1.077	1.013	1.180	1.005	1.075	1.024	1.015	1.190	1.007	1.079	1.015	1.013	1.076	1.082	1.077	1.090	1.106	
1.132	1.002	1.071	1.068	1.015	1.148	1.003	1.074	1.081	1.015	1.166	1.004	1.076	1.077	1.013	1.180	1.005	1.075	1.023	1.014	1.191	1.007	1.080	1.015	1.014	1.076	1.083	1.075	1.094	1.104	
1.132	1.002	1.071	1.069	1.015	1.148	1.003	1.074	1.081	1.015	1.167	1.004	1.076	1.077	1.013	1.180	1.005	1.075	1.024	1.015	1.190	1.006	1.079	1.015	1.014	1.078	1.083	1.077	1.097	1.098	
1.132	1.002	1.071	1.069	1.015	1.148	1.003	1.074	1.081	1.015	1.167	1.004	1.076	1.077	1.013	1.180	1.005	1.075	1.024	1.015	1.190	1.006	1.079	1.015	1.014	1.079	1.084	1.079	1.100	1.092	
1.132	1.002	1.071	1.069	1.014	1.147	1.002	1.073	1.081	1.015	1.168	1.005	1.076	1.077	1.013	1.180	1.005	1.076	1.025	1.015	1.189	1.006	1.079	1.015	1.015	1.081	1.084	1.081	1.103	1.087	
1.132	1.002	1.071	1.070	1.014	1.147	1.002	1.073	1.081	1.015	1.169	1.005	1.077	1.077	1.013	1.179	1.005	1.076	1.025	1.016	1.189	1.005	1.079	1.015	1.015	1.082	1.084	1.083	1.106	1.081	
1.132	1.002	1.071	1.070	1.014	1.148	1.003	1.073	1.081	1.015	1.168	1.005	1.076	1.077	1.013	1.179	1.005	1.076	1.025	1.016	1.190	1.005	1.079	1.015	1.015	1.083	1.082	1.086	1.104	1.078	
1.133	1.002	1.072	1.070	1.014	1.148	1.004	1.073	1.081	1.015	1.168	1.005	1.076	1.077	1.013	1.179	1.005	1.077	1.024	1.016	1.190	1.005	1.079	1.016	1.015	1.083	1.080	1.089	1.102	1.074	
1.133	1.002	1.072	1.070	1.014	1.148	1.005	1.074	1.081	1.015	1.168	1.004	1.076	1.077	1.013	1.179	1.006	1.077	1.024	1.016	1.191	1.005	1.080	1.017	1.014	1.084	1.078	1.093	1.101	1.070	
1.133	1.002	1.072	1.070	1.014	1.149	1.006	1.074	1.081	1.015	1.168	1.004	1.076	1.078	1.013	1.179	1.006	1.077	1.023	1.017	1.192	1.006	1.080	1.018	1.014	1.084	1.076	1.096	1.099	1.067	
1.133	1.002	1.073	1.070	1.015	1.149	1.005	1.074	1.081	1.015	1.168	1.004	1.077	1.077	1.014	1.179	1.006	1.078	1.024	1.016	1.193	1.006	1.081	1.018	1.014	1.083	1.077	1.099	1.093	1.066	
1.134	1.002	1.074	1.070	1.015	1.150	1.004	1.075	1.080	1.016	1.169	1.004	1.077	1.077	1.014	1.180	1.005	1.079	1.024	1.016	1.193	1.006	1.082	1.017	1.015	1.082	1.079	1.102	1.086	1.064	
1.134	1.002	1.075	1.070	1.016	1.150	1.003	1.075	1.080	1.016	1.170	1.003	1.078	1.077	1.015	1.180	1.005	1.079	1.024	1.016	1.194	1.006	1.083	1.017	1.015	1.081	1.081	1.106	1.080	1.063	
1.134	1.002	1.076	1.070	1.016	1.151	1.003	1.075	1.080	1.016	1.170	1.003	1.078	1.077	1.016	1.181	1.005	1.080	1.024	1.015	1.194	1.006	1.084	1.017	1.015	1.080	1.083	1.109	1.074	1.062	
1.134	1.002	1.075	1.070	1.016	1.151	1.002	1.075	1.081	1.016	1.169	1.003	1.078	1.077	1.016	1.181	1.005	1.079	1.025	1.015	1.194	1.006	1.084	1.016	1.015	1.080	1.086	1.107	1.071	1.062	
1.134	1.002	1.074	1.070	1.016	1.151	1.002	1.075	1.082	1.016	1.169	1.003	1.078	1.077	1.016	1.181	1.005	1.079	1.025	1.016	1.194	1.006	1.084	1.015	1.015	1.079	1.090	1.106	1.067	1.063	
1.134	1.002	1.074	1.070	1.016	1.151	1.002	1.075	1.083	1.016	1.168	1.004	1.077	1.077	1.016	1.182	1.005	1.079	1.025	1.016	1.194	1.006	1.084	1.014	1.015	1.078	1.094	1.104	1.064	1.063	
1.134	1.001	1.073	1.069	1.016	1.152	1.002	1.074	1.084	1.016	1.167	1.004	1.077	1.077	1.017	1.182	1.005	1.078	1.025	1.016	1.194	1.005	1.085	1.013	1.015	1.078	1.098	1.102	1.060	1.063	
1.135	1.002	1.073	1.069	1.016	1.152	1.003	1.075	1.084	1.016	1.167	1.004	1.077	1.077	1.016	1.183	1.005	1.079	1.025	1.017	1.195	1.005	1.084	1.014	1.015	1.080	1.101	1.096	1.059	1.062	
1.135	1.002	1.073	1.069	1.016	1.153	1.003	1.075	1.083	1.016	1.168	1.004	1.078	1.077	1.016	1.184	1.005	1.079	1.025	1.017	1.195	1.005	1.083	1.014	1.015	1.083	1.104	1.089	1.058	1.062	
1.135	1.002	1.073	1.069	1.016	1.154	1.004	1.075	1.083	1.016	1.168	1.003	1.078	1.077	1.015	1.185	1.005	1.080	1.025	1.017	1.196	1.005	1.082	1.015	1.015	1.085	1.107	1.083	1.057	1.061	
1.136	1.002	1.072	1.069	1.016	1.155	1.004	1.075	1.083	1.015	1.168	1.003	1.078	1.077	1.014	1.186	1.005	1.080	1.025	1.018	1.197	1.005	1.081	1.016	1.015	1.088	1.111	1.077	1.056	1.060	
1.136	1.002	1.073	1.069	1.016	1.155	1.004	1.075	1.083	1.015	1.169	1.004	1.079	1.077	1.015	1.186	1.006	1.080	1.025	1.018	1.197	1.006	1.082	1.016	1.015	1.093	1.109	1.072	1.057	1.059	
1.136	1.002	1.073	1.069	1.017	1.155	1.003	1.076	1.082	1.015	1.169	1.004	1.079	1.077	1.015	1.186	1.006	1.081	1.025	1.018	1.197	1.006	1.083	1.016	1.016	1.098	1.108	1.068	1.058	1.057	
1.136	1.002	1.073	1.070	1.017	1.154	1.003	1.076	1.082	1.015	1.170	1.005	1.080	1.078	1.015	1.185	1.007	1.081	1.026	1.018	1.197	1.006	1.084	1.016	1.016	1.103	1.107	1.064	1.059	1.056	
1.137	1.002	1.074	1.070	1.017	1.154	1.002	1.076	1.081	1.014	1.170	1.005	1.081	1.078	1.016	1.185	1.007	1.081	1.026	1.018	1.197	1.006	1.085	1.016	1.016	1.108	1.106	1.059	1.060	1.055	
1.138	1.002	1.074	1.070	1.017	1.154	1.002	1.076	1.081	1.015	1.170	1.005	1.080	1.079	1.016	1.185	1.007	1.081	1.026	1.018	1.198	1.006	1.085	1.017	1.016	1.109	1.100	1.058	1.059	1.057	
1.139	1.002	1.074	1.070	1.017	1.154	1.002	1.076	1.081	1.016	1.170	1.005	1.080	1.079	1.017	1.186	1.006	1.080	1.026	1.019	1.198	1.006	1.086	1.017	1.016	1.110	1.094	1.056	1.058	1.059	
1.139	1.002	1.074	1.070	1.017	1.154	1.002	1.076	1.081	1.017	1.170	1.004	1.079	1.080	1.017	1.186	1.006	1.080	1.026	1.019	1.199	1.006	1.086	1.017	1.016	1.111	1.088	1.055	1.056	1.060	
1.140	1.002	1.074	1.070	1.018	1.154	1.002	1.076	1.081	1.018	1.170	1.004	1.079	1.080	1.018	1.186	1.006	1.080	1.026	1.019	1.199	1.006	1.086	1.017	1.017	1.112	1.082	1.054	1.055	1.062	
1.141	1.002	1.075	1.070	1.018	1.155	1.002	1.076	1.082	1.018	1.169	1.003	1.079	1.080	1.018	1.186	1.005	1.080	1.026	1.019	1.200	1.006	1.086	1.016	1.017	1.108	1.077	1.054	1.054	1.068	
1.141	1.002	1.075	1.071	1.017	1.156	1.002	1.076	1.082	1.018	1.168	1.003	1.079	1.079	1.018	1.186	1.004	1.081	1.026	1.019	1.201	1.005	1.086	1.015	1.017	1.104	1.073	1.055	1.052	1.073	
1.142	1.002	1.075	1.071	1.017	1.156	1.003	1.077	1.083	1.018	1.168	1.002	1.079	1.078	1.018	1.186	1.004	1.081	1.025	1.019	1.202	1.005	1.085	1.014	1.017	1.100	1.068	1.056	1.050	1.078	
1.142	1.002	1.075	1.071	1.017	1.157	1.003	1.077	1.083	1.018	1.167	1.002	1.079	1.078	1.018	1.186	1.003	1.081	1.025	1.019	1.203	1.005	1.085	1.013	1.017	1.097	1.063	1.057	1.048	1.083	
1.142	1.002	1.076	1.072	1.018	1.157	1.003	1.077	1.083	1.018	1.168	1.003	1.080	1.078	1.018	1.186	1.003	1.082	1.026	1.019	1.203	1.004	1.085	1.014	1.017	1.091	1.062	1.056	1.051	1.087	
1.143	1.002	1.077	1.072	1.018	1.156	1.003	1.077	1.083	1.018	1.168	1.003	1.081	1.078	1.018	1.187	1.004	1.082	1.026	1.020	1.202	1.004	1.086	1.015	1.017	1.085	1.060	1.055	1.054	1.091	
1.143	1.002	1.077	1.072	1.018	1.156	1.003	1.077	1.083	1.018	1.168	1.004	1.081	1.078	1.017	1.187	1.004	1.082	1.026	1.020	1.201	1.004	1.086	1.015	1.017	1.079	1.058	1.054	1.057	1.095	
1.143	1.002	1.078	1.072	1.018	1.156	1.003	1.078	1.083	1.017	1.168	1.004	1.082	1.079	1.017	1.188	1.004	1.082	1.026	1.021	1.201	1.004	1.087	1.016	1.017	1.073	1.057	1.053	1.060	1.099	
1.143	1.002	1.077	1.072	1.018	1.156	1.004	1.078	1.083	1.018	1.168	1.004	1.082	1.079	1.018	1.188	1.004	1.081	1.026	1.020	1.200	1.004	1.087	1.016	1.017	1.070	1.057	1.051	1.065	1.096	
1.143	1.003	1.077	1.072	1.018	1.155	1.004	1.079	1.083	1.018	1.168	1.003	1.082	1.079	1.018	1.189	1.004	1.081	1.026	1.020	1.200	1.004	1.087	1.017	1.017	1.067	1.057	1.050	1.070	1.093	
1.143	1.003	1.076	1.073	1.018	1.155	1.004	1.079	1.083	1.018	1.168	1.003	1.082	1.079	1.019	1.190	1.004	1.081	1.025	1.020	1.200	1.004	1.087	1.017	1.016	1.064	1.057	1.048	1.075	1.090	
1.144	1.004	1.075	1.073	1.018	1.154	1.005	1.080	1.083	1.019	1.168	1.003	1.082	1.079	1.019	1.191	1.004	1.081	1.025	1.019	1.200	1.005	1.087	1.017	1.016	1.060	1.057	1.047	1.080	1.087	
1.144	1.003	1.076	1.073	1.019	1.154	1.004	1.080	1.083	1.019	1.169	1.002	1.082	1.079	1.019	1.191	1.005	1.081	1.025	1.019	1.200	1.004	1.086	1.016	1.017	1.060	1.057	1.049	1.084	1.082	
1.144	1.003	1.076	1.073	1.019	1.155	1.003	1.080	1.083	1.018	1.170	1.002	1.082	1.080	1.019	1.191	1.005	1.082	1.025	1.020	1.201	1.004	1.085	1.016	1.018	1.060	1.057	1.051	1.088	1.076	
1.144	1.003	1.077	1.072	1.019	1.155	1.003	1.080	1.083	1.018	1.171	1.002	1.082	1.080	1.018	1.191	1.006	1.082	1.024	1.020	1.201	1.003	1.085	1.015	1.018	1.060	1.057	1.054	1.093	1.070	
1.145	1.003	1.077	1.072	1.019	1.155	1.002	1.080	1.083	1.018	1.171	1.002	1.082	1.080	1.018	1.191	1.007	1.082	1.024	1.020	1.202	1.003	1.084	1.014	1.019	1.060	1.057	1.056	1.097	1.064	
1.145	1.003	1.077	1.072	1.020	1.155	1.003	1.080	1.083	1.018	1.171	1.002	1.082	1.080	1.018	1.191	1.006	1.083	1.024	1.021	1.202	1.003	1.085	1.015	1.019	1.060	1.055	1.061	1.095	1.060	
1.145	1.002	1.077	1.072	1.020	1.156	1.004	1.080	1.083	1.018	1.171	1.003	1.082	1.079	1.017	1.192	1.005	1.084	1.024	1.021	1.203	1.003	1.086	1.015	1.019	1.060	1.052	1.066	1.092	1.057	
1.145	1.002	1.077	1.072	1.020	1.157	1.004	1.080	1.084	1.019	1.171	1.003	1.082	1.079	1.017	1.192	1.005	1.084	1.024	1.021	1.203	1.003	1.087	1.015	1.019	1.060	1.050	1.071	1.090	1.053	
1.145	1.002	1.076	1.071	1.020	1.157	1.005	1.079	1.084	1.019	1.171	1.004	1.083	1.079	1.017	1.192	1.004	1.085	1.024	1.022	1.203	1.004	1.088	1.015	1.019	1.061	1.047	1.075	1.088	1.049	
1.145	1.002	1.077	1.072	1.020	1.157	1.004	1.079	1.084	1.019	1.172	1.004	1.083	1.078	1.017	1.192	1.004	1.085	1.024	1.022	1.203	1.004	1.088	1.015	1.019	1.059	1.050	1.080	1.082	1.050	
1.145	1.002	1.077	1.072	1.020	1.156	1.003	1.079	1.084	1.019	1.172	1.004	1.083	1.078	1.018	1.193	1.004	1.086	1.025	1.021	1.203	1.005	1.087	1.016	1.019	1.058	1.052	1.084	1.076	1.051	
1.145	1.002	1.077	1.072	1.019	1.156	1.002	1.079	1.083	1.019	1.173	1.004	1.084	1.078	1.019	1.194	1.004	1.086	1.025	1.021	1.203	1.006	1.087	1.016	1.018	1.057	1.055	1.089	1.070	1.052	
1.145	1.003	1.077	1.072	1.019	1.156	1.002	1.079	1.083	1.019	1.173	1.004	1.084	1.078	1.020	1.194	1.004	1.087	1.026	1.021	1.203	1.007	1.087	1.016	1.018	1.055	1.057	1.093	1.064	1.053	
1.146	1.003	1.077	1.072	1.020	1.156	1.002	1.079	1.083	1.020	1.173	1.004	1.084	1.078	1.020	1.194	1.004	1.086	1.025	1.021	1.203	1.006	1.087	1.016	1.019	1.054	1.062	1.092	1.061	1.055	
1.146	1.003	1.078	1.072	1.020	1.156	1.002	1.079	1.083	1.020	1.172	1.003	1.084	1.079	1.020	1.195	1.004	1.086	1.025	1.021	1.203	1.006	1.087	1.016	1.019	1.053	1.066	1.091	1.058	1.056	
1.146	1.003	1.078	1.072	1.020	1.156	1.002	1.079	1.082	1.021	1.172	1.003	1.083	1.080	1.020	1.195	1.004	1.086	1.025	1.021	1.203	1.005	1.087	1.015	1.020	1.052	1.071	1.089	1.054	1.058	
1.146	1.004	1.078	1.072	1.021	1.156	1.002	1.079	1.082	1.021	1.172	1.003	1.083	1.080	1.019	1.195	1.004	1.085	1.025	1.021	1.203	1.005	1.087	1.015	1.021	1.051	1.076	1.088	1.051	1.059	
1.146	1.003	1.078	1.071	1.021	1.156	1.002	1.079	1.082	1.021	1.173	1.003	1.084	1.080	1.019	1.196	1.004	1.085	1.025	1.021	1.204	1.005	1.087	1.016	1.021	1.055	1.080	1.083	1.052	1.058	
1.146	1.002	1.078	1.071	1.021	1.156	1.002	1.079	1.082	1.021	1.174	1.003	1.084	1.080	1.019	1.196	1.005	1.085	1.024	1.021	1.204	1.005	1.086	1.017	1.021	1.058	1.084	1.077	1.052	1.057	
1.146	1.001	1.078	1.071	1.022	1.156	1.003	1.079	1.082	1.021	1.175	1.003	1.085	1.080	1.019	1.197	1.005	1.085	1.024	1.021	1.204	1.005	1.086	1.018	1.021	1.061	1.089	1.072	1.052	1.056	
1.145	1.000	1.077	1.071	1.022	1.156	1.003	1.079	1.083	1.021	1.176	1.003	1.085	1.080	1.019	1.197	1.006	1.084	1.024	1.021	1.204	1.005	1.085	1.019	1.021	1.065	1.093	1.066	1.053	1.055	
1.146	1.001	1.078	1.071	1.022	1.156	1.003	1.079	1.082	1.021	1.177	1.004	1.085	1.080	1.020	1.197	1.006	1.085	1.025	1.022	1.205	1.005	1.087	1.018	1.020	1.071	1.093	1.063	1.055	1.054	
1.147	1.001	1.078	1.072	1.022	1.156	1.003	1.080	1.082	1.021	1.177	1.004	1.085	1.080	1.021	1.198	1.005	1.085	1.025	1.022	1.205	1.005	1.089	1.018	1.020	1.077	1.092	1.059	1.056	1.053	
1.147	1.002	1.079	1.072	1.022	1.156	1.003	1.080	1.082	1.020	1.178	1.004	1.085	1.080	1.022	1.198	1.005	1.085	1.026	1.022	1.205	1.005	1.090	1.018	1.020	1.083	1.092	1.056	1.058	1.051	
1.148	1.002	1.079	1.072	1.022	1.156	1.003	1.080	1.082	1.020	1.178	1.004	1.084	1.080	1.023	1.198	1.005	1.086	1.027	1.022	1.205	1.005	1.092	1.018	1.020	1.089	1.092	1.052	1.059	1.050	
1.148	1.002	1.080	1.072	1.022	1.156	1.004	1.080	1.082	1.021	1.178	1.004	1.084	1.080	1.022	1.198	1.005	1.087	1.027	1.023	1.206	1.005	1.090	1.017	1.020	1.091	1.086	1.052	1.059	1.052	
1.147	1.002	1.081	1.072	1.022	1.155	1.004	1.080	1.083	1.022	1.178	1.004	1.084	1.080	1.022	1.199	1.004	1.088	1.027	1.023	1.206	1.005	1.089	1.017	1.021	1.094	1.081	1.052	1.058	1.054	
1.147	1.002	1.082	1.072	1.022	1.155	1.004	1.080	1.084	1.023	1.178	1.003	1.085	1.080	1.022	1.199	1.004	1.089	1.027	1.023	1.206	1.005	1.088	1.016	1.021	1.096	1.076	1.052	1.058	1.056	
1.146	1.002	1.083	1.071	1.022	1.155	1.005	1.080	1.084	1.023	1.178	1.003	1.085	1.080	1.021	1.200	1.004	1.090	1.027	1.024	1.206	1.005	1.086	1.016	1.022	1.099	1.071	1.052	1.057	1.058	
1.146	1.003	1.082	1.072	1.022	1.155	1.004	1.081	1.084	1.023	1.179	1.003	1.085	1.080	1.021	1.200	1.004	1.089	1.027	1.023	1.207	1.005	1.087	1.016	1.021	1.096	1.068	1.054	1.056	1.063	
1.146	1.003	1.082	1.072	1.023	1.156	1.003	1.081	1.084	1.023	1.180	1.002	1.086	1.079	1.021	1.200	1.005	1.089	1.028	1.023	1.207	1.005	1.088	1.016	1.021	1.093	1.064	1.056	1.055	1.068	
1.146	1.004	1.082	1.072	1.023	1.157	1.003	1.081	1.084	1.023	1.181	1.002	1.087	1.079	1.021	1.200	1.005	1.088	1.028	1.023	1.207	1.005	1.089	1.017	1.021	1.090	1.061	1.058	1.054	1.073	
1.146	1.004	1.082	1.072	1.024	1.158	1.002	1.082	1.084	1.023	1.181	1.002	1.087	1.078	1.021	1.200	1.005	1.087	1.029	1.023	1.207	1.005	1.090	1.017	1.020	1.087	1.057	1.060	1.053	1.077	
1.146	1.003	1.082	1.073	1.024	1.158	1.002	1.082	1.084	1.023	1.181	1.002	1.087	1.078	1.021	1.200	1.005	1.088	1.028	1.023	1.207	1.005	1.090	1.017	1.021	1.081	1.056	1.059	1.055	1.081	
1.146	1.002	1.082	1.073	1.024	1.158	1.002	1.082	1.085	1.023	1.180	1.003	1.087	1.079	1.021	1.200	1.005	1.088	1.027	1.023	1.207	1.005	1.090	1.016	1.021	1.075	1.054	1.059	1.056	1.084	
1.146	1.001	1.082	1.074	1.024	1.158	1.002	1.083	1.085	1.023	1.179	1.003	1.087	1.079	1.021	1.200	1.005	1.089	1.026	1.023	1.208	1.005	1.091	1.016	1.021	1.070	1.053	1.058	1.058	1.087	
1.146	1.001	1.081	1.075	1.024	1.158	1.002	1.083	1.086	1.023	1.179	1.003	1.087	1.079	1.021	1.200	1.005	1.090	1.026	1.023	1.208	1.005	1.091	1.016	1.021	1.064	1.051	1.057	1.060	1.090	
1.146	1.001	1.082	1.075	1.024	1.158	1.002	1.083	1.085	1.023	1.179	1.003	1.087	1.079	1.022	1.200	1.004	1.089	1.026	1.023	1.208	1.005	1.091	1.016	1.021	1.062	1.054	1.056	1.065	1.087	
1.146	1.001	1.082	1.075	1.024	1.158	1.002	1.083	1.085	1.023	1.180	1.003	1.088	1.079	1.022	1.200	1.004	1.089	1.027	1.023	1.208	1.005	1.092	1.016	1.021	1.059	1.056	1.055	1.070	1.084	
1.146	1.002	1.082	1.075	1.025	1.159	1.002	1.083	1.085	1.023	1.181	1.003	1.088	1.079	1.023	1.201	1.003	1.089	1.028	1.024	1.209	1.005	1.093	1.015	1.021	1.057	1.059	1.055	1.076	1.082	
1.146	1.002	1.082	1.076	1.025	1.159	1.002	1.083	1.085	1.023	1.181	1.003	1.088	1.079	1.023	1.201	1.003	1.089	1.028	1.024	1.209	1.005	1.094	1.015	1.021	1.055	1.061	1.054	1.081	1.079	
1.146	1.002	1.082	1.075	1.025	1.159	1.002	1.084	1.085	1.023	1.182	1.003	1.088	1.079	1.024	1.201	1.003	1.089	1.028	1.024	1.209	1.004	1.093	1.016	1.021	1.056	1.062	1.055	1.084	1.074	
1.146	1.002	1.082	1.075	1.025	1.159	1.002	1.084	1.085	1.024	1.182	1.003	1.088	1.078	1.024	1.201	1.004	1.090	1.029	1.024	1.209	1.004	1.092	1.016	1.022	1.056	1.062	1.056	1.087	1.070	
1.147	1.001	1.082	1.074	1.025	1.159	1.002	1.085	1.084	1.024	1.183	1.004	1.089	1.078	1.024	1.202	1.004	1.090	1.029	1.024	1.209	1.003	1.092	1.016	1.022	1.057	1.062	1.058	1.091	1.066	
1.147	1.001	1.082	1.073	1.025	1.159	1.001	1.086	1.084	1.025	1.183	1.004	1.089	1.078	1.025	1.202	1.004	1.091	1.029	1.024	1.209	1.002	1.091	1.016	1.022	1.057	1.062	1.059	1.094	1.061	
1.147	1.001	1.083	1.074	1.025	1.159	1.002	1.085	1.084	1.025	1.184	1.003	1.089	1.078	1.025	1.202	1.004	1.091	1.028	1.024	1.209	1.003	1.092	1.016	1.023	1.059	1.061	1.063	1.090	1.060	
1.147	1.001	1.083	1.074	1.025	1.159	1.003	1.085	1.084	1.025	1.184	1.003	1.088	1.078	1.025	1.201	1.004	1.091	1.027	1.025	1.210	1.003	1.092	1.016	1.023	1.061	1.060	1.068	1.087	1.058	
1.147	1.001	1.083	1.074	1.024	1.159	1.003	1.085	1.084	1.025	1.184	1.003	1.088	1.079	1.025	1.201	1.004	1.091	1.026	1.026	1.210	1.004	1.093	1.016	1.023	1.063	1.059	1.072	1.084	1.057	
1.147	1.001	1.083	1.075	1.024	1.159	1.004	1.085	1.084	1.025	1.184	1.003	1.088	1.079	1.026	1.201	1.004	1.091	1.025	1.026	1.211	1.004	1.094	1.016	1.023	1.065	1.059	1.076	1.080	1.056	
1.147	1.001	1.084	1.075	1.024	1.160	1.003	1.085	1.084	1.025	1.185	1.003	1.088	1.079	1.025	1.201	1.004	1.091	1.026	1.026	1.211	1.004	1.094	1.016	1.023	1.064	1.059	1.081	1.076	1.059	
1.147	1.002	1.084	1.075	1.025	1.160	1.003	1.085	1.085	1.025	1.185	1.004	1.089	1.080	1.025	1.200	1.005	1.091	1.026	1.025	1.212	1.005	1.095	1.015	1.022	1.062	1.059	1.086	1.071	1.063	
1.147	1.002	1.085	1.075	1.026	1.160	1.002	1.085	1.085	1.025	1.185	1.004	1.089	1.080	1.024	1.200	1.005	1.091	1.027	1.025	1.212	1.005	1.095	1.015	1.022	1.061	1.059	1.091	1.067	1.066	
1.146	1.002	1.086	1.075	1.027	1.160	1.002	1.085	1.086	1.026	1.186	1.004	1.090	1.080	1.024	1.200	1.006	1.092	1.028	1.024	1.213	1.005	1.096	1.014	1.022	1.059	1.059	1.096	1.062	1.070	
1.146	1.002	1.085	1.075	1.026	1.161	1.002	1.086	1.085	1.026	1.186	1.004	1.090	1.080	1.024	1.201	1.005	1.091	1.028	1.025	1.212	1.005	1.096	1.015	1.022	1.058	1.063	1.094	1.060	1.073	
1.146	1.002	1.085	1.074	1.026	1.162	1.002	1.086	1.085	1.026	1.186	1.003	1.091	1.081	1.025	1.201	1.005	1.091	1.028	1.025	1.212	1.004	1.096	1.015	1.023	1.058	1.067	1.092	1.057	1.075	
1.147	1.001	1.085	1.074	1.026	1.163	1.003	1.086	1.085	1.027	1.186	1.003	1.091	1.081	1.025	1.202	1.004	1.091	1.028	1.026	1.211	1.004	1.096	1.016	1.023	1.057	1.071	1.090	1.055	1.078	
1.147	1.001	1.084	1.074	1.025	1.164	1.003	1.086	1.085	1.027	1.187	1.002	1.091	1.081	1.026	1.203	1.004	1.091	1.028	1.026	1.210	1.004	1.096	1.017	1.024	1.056	1.075	1.088	1.053	1.081	
1.147	1.001	1.085	1.074	1.025	1.164	1.003	1.087	1.085	1.027	1.187	1.003	1.092	1.081	1.025	1.203	1.004	1.092	1.027	1.026	1.211	1.004	1.096	1.017	1.023	1.058	1.080	1.083	1.055	1.079	
1.148	1.001	1.085	1.074	1.025	1.164	1.003	1.088	1.085	1.027	1.187	1.004	1.092	1.080	1.025	1.203	1.005	1.093	1.025	1.027	1.212	1.004	1.095	1.017	1.023	1.060	1.085	1.078	1.057	1.078	
1.148	1.001	1.085	1.074	1.025	1.164	1.003	1.088	1.085	1.026	1.187	1.004	1.093	1.080	1.024	1.204	1.005	1.094	1.024	1.027	1.213	1.004	1.095	1.017	1.023	1.062	1.091	1.074	1.059	1.076	
1.149	1.002	1.086	1.074	1.025	1.163	1.003	1.089	1.086	1.026	1.187	1.005	1.093	1.079	1.024	1.204	1.005	1.095	1.023	1.027	1.214	1.003	1.095	1.017	1.023	1.064	1.096	1.069	1.061	1.075	
1.149	1.002	1.085	1.074	1.025	1.164	1.003	1.088	1.086	1.026	1.187	1.004	1.093	1.080	1.024	1.204	1.005	1.095	1.023	1.027	1.213	1.004	1.096	1.017	1.024	1.070	1.095	1.066	1.063	1.073	
1.149	1.002	1.085	1.074	1.025	1.165	1.003	1.087	1.087	1.026	1.188	1.003	1.093	1.081	1.025	1.204	1.005	1.095	1.024	1.027	1.213	1.004	1.097	1.018	1.024	1.076	1.095	1.063	1.065	1.070	
1.150	1.001	1.085	1.075	1.025	1.166	1.003	1.086	1.088	1.025	1.188	1.003	1.093	1.082	1.025	1.204	1.004	1.095	1.025	1.027	1.212	1.004	1.098	1.018	1.024	1.081	1.094	1.060	1.067	1.068	
1.150	1.001	1.085	1.075	1.025	1.166	1.002	1.085	1.088	1.025	1.188	1.002	1.093	1.082	1.025	1.204	1.004	1.095	1.025	1.027	1.211	1.004	1.099	1.018	1.025	1.087	1.094	1.057	1.069	1.066	
1.150	1.002	1.085	1.075	1.026	1.167	1.002	1.086	1.087	1.025	1.188	1.003	1.093	1.082	1.025	1.205	1.004	1.095	1.026	1.027	1.212	1.004	1.098	1.018	1.024	1.090	1.089	1.059	1.068	1.066	
1.150	1.002	1.085	1.075	1.026	1.167	1.002	1.087	1.087	1.026	1.188	1.003	1.093	1.081	1.025	1.205	1.004	1.095	1.026	1.028	1.212	1.004	1.098	1.018	1.024	1.093	1.085	1.062	1.067	1.066	
1.150	1.002	1.086	1.075	1.026	1.167	1.002	1.088	1.086	1.026	1.187	1.003	1.093	1.080	1.025	1.206	1.004	1.095	1.026	1.028	1.212	1.003	1.098	1.018	1.024	1.097	1.081	1.064	1.066	1.066	
1.150	1.002	1.086	1.075	1.026	1.167	1.002	1.088	1.085	1.027	1.187	1.004	1.093	1.079	1.025	1.206	1.004	1.095	1.026	1.028	1.212	1.003	1.098	1.017	1.023	1.100	1.076	1.067	1.065	1.066	
1.150	1.001	1.086	1.075	1.026	1.167	1.002	1.089	1.086	1.027	1.187	1.004	1.094	1.080	1.026	1.206	1.005	1.095	1.027	1.028	1.213	1.003	1.098	1.017	1.024	1.097	1.073	1.069	1.063	1.070	
1.151	1.001	1.087	1.076	1.026	1.168	1.003	1.089	1.087	1.027	1.188	1.003	1.094	1.080	1.027	1.207	1.005	1.096	1.027	1.028	1.213	1.003	1.098	1.016	1.024	1.094	1.070	1.071	1.060	1.074	
1.151	1.000	1.087	1.077	1.027	1.168	1.004	1.089	1.087	1.027	1.188	1.003	1.095	1.081	1.027	1.207	1.006	1.096	1.027	1.028	1.213	1.003	1.098	1.016	1.024	1.090	1.066	1.074	1.057	1.078	
1.151	1.000	1.087	1.078	1.027	1.169	1.004	1.089	1.088	1.027	1.188	1.003	1.096	1.082	1.028	1.207	1.006	1.096	1.028	1.028	1.214	1.003	1.098	1.015	1.024	1.087	1.063	1.076	1.055	1.081	
1.152	1.000	1.087	1.077	1.027	1.169	1.004	1.089	1.088	1.028	1.188	1.003	1.096	1.081	1.028	1.207	1.006	1.096	1.027	1.027	1.214	1.003	1.098	1.016	1.025	1.083	1.064	1.074	1.054	1.084	
1.152	1.000	1.087	1.077	1.027	1.170	1.003	1.089	1.087	1.028	1.188	1.004	1.096	1.081	1.028	1.207	1.006	1.097	1.027	1.027	1.214	1.003	1.098	1.018	1.025	1.078	1.065	1.071	1.053	1.086	
1.153	1.000	1.087	1.076	1.027	1.171	1.003	1.089	1.087	1.028	1.188	1.004	1.097	1.081	1.028	1.208	1.006	1.097	1.027	1.027	1.214	1.003	1.098	1.019	1.026	1.074	1.066	1.069	1.052	1.088	
1.153	1.001	1.087	1.076	1.027	1.172	1.002	1.089	1.087	1.028	1.188	1.004	1.097	1.081	1.027	1.208	1.006	1.097	1.026	1.026	1.214	1.003	1.098	1.020	1.026	1.069	1.068	1.067	1.052	1.090	
1.154	1.001	1.087	1.076	1.027	1.171	1.002	1.090	1.087	1.028	1.189	1.004	1.096	1.081	1.028	1.207	1.006	1.097	1.026	1.027	1.214	1.003	1.098	1.020	1.026	1.068	1.071	1.064	1.056	1.087	
1.154	1.001	1.088	1.075	1.027	1.171	1.002	1.090	1.087	1.028	1.189	1.004	1.096	1.082	1.028	1.206	1.005	1.097	1.026	1.028	1.214	1.003	1.097	1.020	1.026	1.066	1.075	1.062	1.060	1.083	
1.155	1.001	1.088	1.075	1.027	1.171	1.002	1.090	1.087	1.028	1.190	1.004	1.095	1.082	1.028	1.206	1.005	1.097	1.026	1.029	1.214	1.003	1.097	1.020	1.026	1.065	1.078	1.059	1.064	1.080	
1.155	1.001	1.089	1.075	1.027	1.170	1.002	1.091	1.087	1.028	1.191	1.004	1.094	1.082	1.029	1.205	1.005	1.097	1.026	1.030	1.214	1.003	1.097	1.019	1.026	1.063	1.082	1.057	1.068	1.077	
1.155	1.001	1.089	1.075	1.027	1.171	1.002	1.091	1.087	1.028	1.191	1.004	1.095	1.082	1.029	1.206	1.004	1.098	1.027	1.030	1.215	1.003	1.097	1.019	1.026	1.066	1.080	1.056	1.071	1.072	
1.155	1.001	1.089	1.075	1.028	1.171	1.002	1.091	1.088	1.028	1.190	1.003	1.095	1.081	1.028	1.206	1.004	1.098	1.027	1.030	1.215	1.003	1.098	1.018	1.026	1.070	1.078	1.055	1.074	1.068	
1.156	1.002	1.089	1.075	1.028	1.172	1.002	1.091	1.088	1.029	1.190	1.003	1.096	1.080	1.028	1.207	1.003	1.098	1.027	1.030	1.216	1.003	1.098	1.017	1.026	1.073	1.076	1.054	1.077	1.064	
1.156	1.002	1.089	1.074	1.029	1.173	1.002	1.091	1.089	1.029	1.190	1.003	1.096	1.079	1.028	1.208	1.002	1.098	1.027	1.030	1.216	1.004	1.099	1.017	1.026	1.076	1.075	1.053	1.080	1.060	
1.156	1.002	1.089	1.075	1.029	1.173	1.002	1.091	1.088	1.029	1.190	1.003	1.096	1.080	1.028	1.208	1.003	1.098	1.027	1.030	1.216	1.004	1.100	1.017	1.027	1.078	1.072	1.056	1.078	1.058	
1.156	1.002	1.089	1.076	1.030	1.173	1.002	1.091	1.088	1.029	1.190	1.003	1.095	1.080	1.029	1.208	1.003	1.098	1.027	1.030	1.216	1.004	1.101	1.016	1.027	1.080	1.069	1.059	1.077	1.056	
1.157	1.002	1.089	1.077	1.030	1.174	1.003	1.091	1.087	1.029	1.191	1.004	1.095	1.081	1.029	1.208	1.003	1.097	1.028	1.030	1.216	1.005	1.102	1.016	1.028	1.082	1.066	1.061	1.076	1.055	
1.157	1.002	1.089	1.078	1.031	1.174	1.003	1.091	1.086	1.030	1.191	1.004	1.095	1.082	1.030	1.208	1.004	1.097	1.028	1.030	1.216	1.005	1.103	1.016	1.029	1.084	1.063	1.064	1.074	1.053	
1.157	1.002	1.090	1.077	1.031	1.174	1.003	1.092	1.086	1.030	1.191	1.004	1.096	1.081	1.030	1.208	1.004	1.098	1.027	1.030	1.216	1.004	1.103	1.017	1.028	1.081	1.062	1.067	1.070	1.057	
1.158	1.002	1.090	1.076	1.031	1.174	1.003	1.092	1.086	1.030	1.191	1.003	1.096	1.080	1.029	1.207	1.003	1.098	1.027	1.030	1.215	1.004	1.103	1.018	1.028	1.079	1.060	1.071	1.067	1.060	
1.158	1.002	1.091	1.075	1.031	1.174	1.002	1.092	1.086	1.030	1.191	1.003	1.097	1.079	1.029	1.207	1.003	1.099	1.026	1.031	1.214	1.003	1.103	1.019	1.027	1.077	1.058	1.074	1.063	1.064	
1.159	1.003	1.091	1.075	1.031	1.174	1.002	1.092	1.086	1.030	1.192	1.002	1.098	1.079	1.029	1.207	1.003	1.099	1.025	1.031	1.214	1.002	1.103	1.019	1.027	1.074	1.057	1.077	1.060	1.068	
1.159	1.002	1.091	1.075	1.031	1.174	1.002	1.093	1.086	1.030	1.192	1.002	1.098	1.079	1.029	1.207	1.003	1.100	1.026	1.031	1.215	1.002	1.103	1.019	1.027	1.072	1.060	1.075	1.058	1.070	
1.159	1.002	1.091	1.076	1.031	1.175	1.003	1.093	1.087	1.030	1.193	1.003	1.098	1.079	1.030	1.208	1.003	1.100	1.026	1.032	1.216	1.002	1.103	1.019	1.028	1.070	1.063	1.073	1.057	1.071	
1.159	1.002	1.091	1.077	1.031	1.175	1.003	1.093	1.087	1.031	1.193	1.003	1.098	1.080	1.030	1.208	1.004	1.100	1.027	1.032	1.216	1.002	1.103	1.019	1.029	1.068	1.066	1.071	1.056	1.073	
1.159	1.002	1.091	1.077	1.031	1.175	1.003	1.093	1.087	1.031	1.194	1.003	1.098	1.080	1.031	1.209	1.004	1.100	1.028	1.032	1.217	1.002	1.102	1.018	1.029	1.065	1.069	1.069	1.055	1.074	
1.159	1.002	1.091	1.077	1.031	1.175	1.003	1.093	1.087	1.031	1.194	1.003	1.098	1.080	1.031	1.209	1.004	1.100	1.027	1.032	1.217	1.003	1.103	1.018	1.029	1.065	1.072	1.065	1.060	1.073	
1.160	1.002	1.091	1.076	1.031	1.175	1.003	1.093	1.087	1.031	1.194	1.003	1.098	1.080	1.031	1.210	1.005	1.100	1.027	1.032	1.218	1.003	1.103	1.017	1.029	1.064	1.074	1.061	1.064	1.072	
1.160	1.002	1.091	1.076	1.031	1.174	1.002	1.093	1.087	1.031	1.194	1.003	1.098	1.080	1.031	1.210	1.005	1.100	1.027	1.032	1.218	1.004	1.103	1.017	1.029	1.064	1.076	1.057	1.068	1.071	
1.161	1.002	1.091	1.075	1.031	1.174	1.002	1.093	1.086	1.031	1.194	1.003	1.098	1.079	1.031	1.210	1.005	1.100	1.026	1.032	1.218	1.004	1.104	1.016	1.029	1.063	1.078	1.053	1.072	1.071	
1.161	1.002	1.092	1.075	1.032	1.174	1.003	1.093	1.086	1.031	1.194	1.003	1.099	1.080	1.031	1.210	1.005	1.099	1.027	1.032	1.218	1.004	1.104	1.017	1.029	1.066	1.077	1.052	1.076	1.067	
1.161	1.002	1.092	1.075	1.032	1.175	1.003	1.094	1.086	1.031	1.193	1.004	1.099	1.080	1.030	1.210	1.005	1.099	1.027	1.032	1.219	1.004	1.104	1.018	1.029	1.070	1.075	1.051	1.079	1.064	
1.162	1.002	1.093	1.075	1.032	1.175	1.004	1.094	1.085	1.031	1.193	1.004	1.099	1.080	1.030	1.210	1.005	1.099	1.027	1.032	1.219	1.004	1.104	1.018	1.030	1.073	1.073	1.050	1.083	1.061	
1.162	1.001	1.093	1.075	1.032	1.175	1.005	1.094	1.085	1.031	1.193	1.004	1.100	1.081	1.029	1.210	1.005	1.099	1.027	1.032	1.219	1.004	1.104	1.019	1.030	1.077	1.072	1.049	1.086	1.058	
1.162	1.001	1.093	1.075	1.032	1.175	1.004	1.094	1.085	1.031	1.193	1.004	1.100	1.081	1.030	1.211	1.005	1.100	1.027	1.033	1.219	1.004	1.103	1.018	1.030	1.078	1.068	1.053	1.085	1.059	
1.163	1.001	1.093	1.075	1.032	1.175	1.004	1.094	1.085	1.031	1.194	1.003	1.100	1.081	1.030	1.211	1.005	1.100	1.027	1.033	1.218	1.004	1.102	1.017	1.030	1.079	1.063	1.057	1.084	1.061	
1.163	1.001	1.093	1.075	1.032	1.174	1.003	1.094	1.085	1.032	1.195	1.002	1.101	1.081	1.031	1.211	1.005	1.101	1.027	1.033	1.218	1.004	1.101	1.016	1.031	1.080	1.059	1.060	1.082	1.062	
1.163	1.001	1.093	1.074	1.033	1.174	1.003	1.093	1.085	1.032	1.196	1.001	1.101	1.082	1.031	1.211	1.005	1.102	1.027	1.034	1.218	1.003	1.100	1.014	1.031	1.082	1.055	1.064	1.081	1.063	
1.163	1.001	1.094	1.075	1.032	1.175	1.003	1.094	1.085	1.032	1.196	1.001	1.101	1.082	1.031	1.211	1.005	1.102	1.027	1.033	1.218	1.003	1.101	1.016	1.031	1.078	1.053	1.068	1.078	1.069	
1.163	1.001	1.095	1.075	1.032	1.176	1.003	1.095	1.086	1.032	1.196	1.002	1.101	1.082	1.031	1.211	1.004	1.102	1.028	1.033	1.219	1.004	1.102	1.017	1.031	1.074	1.052	1.072	1.074	1.074	
1.163	1.002	1.096	1.075	1.032	1.176	1.003	1.095	1.086	1.032	1.195	1.002	1.101	1.082	1.031	1.211	1.004	1.101	1.028	1.032	1.219	1.004	1.103	1.018	1.031	1.071	1.051	1.077	1.071	1.079	
1.163	1.002	1.097	1.075	1.032	1.177	1.003	1.096	1.087	1.032	1.195	1.002	1.101	1.082	1.031	1.211	1.003	1.101	1.029	1.032	1.220	1.004	1.104	1.019	1.031	1.067	1.049	1.081	1.067	1.085	
1.163	1.002	1.096	1.075	1.032	1.177	1.003	1.096	1.087	1.033	1.196	1.002	1.101	1.082	1.031	1.210	1.003	1.102	1.028	1.032	1.220	1.003	1.105	1.019	1.031	1.063	1.052	1.080	1.068	1.088	
1.163	1.002	1.096	1.074	1.033	1.177	1.003	1.096	1.088	1.033	1.196	1.003	1.101	1.082	1.032	1.210	1.002	1.102	1.028	1.033	1.220	1.003	1.105	1.018	1.030	1.060	1.054	1.079	1.068	1.091	
1.163	1.002	1.096	1.074	1.033	1.177	1.004	1.097	1.088	1.033	1.197	1.004	1.101	1.082	1.033	1.210	1.001	1.103	1.027	1.034	1.220	1.003	1.106	1.017	1.030	1.056	1.057	1.078	1.068	1.094	
1.163	1.002	1.095	1.074	1.033	1.176	1.004	1.097	1.089	1.034	1.197	1.004	1.100	1.082	1.034	1.210	1.000	1.103	1.026	1.034	1.220	1.003	1.106	1.016	1.030	1.052	1.059	1.077	1.069	1.097	
1.163	1.002	1.095	1.074	1.033	1.177	1.003	1.097	1.088	1.034	1.198	1.004	1.101	1.081	1.034	1.210	1.001	1.104	1.026	1.034	1.220	1.003	1.107	1.016	1.030	1.052	1.064	1.076	1.073	1.095	
1.163	1.002	1.095	1.075	1.033	1.178	1.003	1.097	1.088	1.033	1.198	1.003	1.101	1.080	1.034	1.211	1.001	1.104	1.027	1.035	1.220	1.003	1.107	1.016	1.030	1.052	1.068	1.074	1.078	1.094	
1.163	1.002	1.095	1.075	1.033	1.178	1.002	1.097	1.088	1.033	1.198	1.003	1.102	1.079	1.034	1.212	1.002	1.104	1.027	1.035	1.220	1.003	1.107	1.016	1.030	1.051	1.072	1.072	1.083	1.093	
1.163	1.002	1.095	1.076	1.034	1.179	1.002	1.097	1.088	1.033	1.198	1.003	1.102	1.078	1.034	1.213	1.003	1.105	1.027	1.035	1.219	1.003	1.108	1.016	1.030	1.051	1.077	1.070	1.088	1.091	
1.164	1.002	1.095	1.076	1.034	1.180	1.003	1.097	1.087	1.033	1.198	1.003	1.102	1.078	1.034	1.213	1.003	1.105	1.027	1.035	1.219	1.003	1.108	1.017	1.031	1.055	1.077	1.070	1.090	1.087	
1.164	1.003	1.095	1.076	1.034	1.180	1.003	1.097	1.087	1.034	1.198	1.003	1.101	1.079	1.034	1.213	1.003	1.106	1.027	1.035	1.219	1.003	1.108	1.018	1.032	1.059	1.078	1.070	1.093	1.082	
1.164	1.003	1.095	1.076	1.034	1.181	1.004	1.097	1.087	1.034	1.198	1.003	1.101	1.080	1.033	1.213	1.003	1.107	1.028	1.035	1.219	1.003	1.108	1.018	1.032	1.063	1.079	1.071	1.095	1.077	
1.165	1.004	1.095	1.076	1.034	1.182	1.005	1.097	1.086	1.034	1.198	1.003	1.101	1.081	1.033	1.213	1.003	1.107	1.028	1.035	1.219	1.003	1.109	1.019	1.033	1.068	1.079	1.071	1.097	1.072	
1.165	1.003	1.096	1.076	1.034	1.181	1.004	1.098	1.086	1.034	1.197	1.002	1.102	1.081	1.034	1.214	1.003	1.107	1.028	1.035	1.220	1.003	1.108	1.019	1.033	1.071	1.078	1.075	1.095	1.072	
1.165	1.003	1.096	1.076	1.035	1.180	1.003	1.098	1.087	1.034	1.197	1.002	1.102	1.081	1.034	1.214	1.003	1.106	1.028	1.035	1.221	1.003	1.108	1.019	1.033	1.074	1.076	1.080	1.092	1.072	
1.165	1.003	1.097	1.076	1.035	1.180	1.002	1.099	1.087	1.034	1.197	1.002	1.103	1.081	1.035	1.214	1.003	1.106	1.028	1.035	1.221	1.003	1.108	1.019	1.033	1.077	1.074	1.084	1.090	1.072	
1.165	1.002	1.097	1.076	1.035	1.179	1.002	1.099	1.087	1.034	1.197	1.002	1.104	1.081	1.035	1.215	1.003	1.106	1.028	1.035	1.222	1.004	1.107	1.019	1.033	1.080	1.073	1.089	1.087	1.072	
1.165	1.003	1.097	1.076	1.035	1.180	1.002	1.099	1.087	1.035	1.197	1.002	1.104	1.081	1.035	1.215	1.003	1.106	1.027	1.035	1.222	1.004	1.108	1.019	1.033	1.079	1.072	1.093	1.082	1.076	
1.165	1.003	1.097	1.076	1.035	1.180	1.002	1.099	1.087	1.035	1.197	1.002	1.104	1.081	1.035	1.215	1.003	1.107	1.027	1.035	1.221	1.004	1.108	1.018	1.032	1.078	1.071	1.097	1.078	1.079	
1.165	1.003	1.097	1.076	1.035	1.180	1.002	1.099	1.087	1.035	1.198	1.002	1.104	1.081	1.035	1.215	1.003	1.107	1.027	1.036	1.221	1.004	1.108	1.017	1.032	1.077	1.070	1.101	1.073	1.083	
1.165	1.003	1.097	1.075	1.035	1.181	1.002	1.100	1.087	1.036	1.198	1.002	1.104	1.081	1.035	1.215	1.003	1.108	1.027	1.036	1.221	1.004	1.108	1.016	1.031	1.076	1.069	1.105	1.069	1.087	
1.166	1.004	1.097	1.076	1.036	1.181	1.003	1.100	1.087	1.036	1.198	1.002	1.104	1.081	1.035	1.215	1.003	1.108	1.027	1.036	1.221	1.004	1.109	1.016	1.032	1.073	1.074	1.104	1.068	1.089	
1.167	1.004	1.097	1.076	1.036	1.181	1.003	1.101	1.087	1.036	1.198	1.002	1.104	1.081	1.035	1.215	1.003	1.108	1.027	1.036	1.221	1.004	1.109	1.016	1.032	1.070	1.080	1.103	1.067	1.091	
1.167	1.004	1.097	1.077	1.036	1.181	1.003	1.101	1.086	1.036	1.198	1.002	1.104	1.081	1.035	1.215	1.003	1.108	1.027	1.036	1.221	1.004	1.110	1.015	1.033	1.068	1.085	1.102	1.066	1.093	
1.168	1.005	1.097	1.077	1.036	1.181	1.003	1.102	1.086	1.037	1.199	1.002	1.104	1.082	1.035	1.216	1.003	1.107	1.027	1.035	1.221	1.004	1.110	1.015	1.033	1.065	1.091	1.101	1.065	1.096	
1.168	1.004	1.098	1.077	1.036	1.181	1.003	1.102	1.086	1.037	1.198	1.003	1.105	1.081	1.035	1.216	1.004	1.108	1.027	1.036	1.221	1.004	1.110	1.016	1.034	1.067	1.095	1.095	1.068	1.093	
1.168	1.004	1.099	1.077	1.037	1.181	1.003	1.103	1.086	1.037	1.198	1.003	1.105	1.080	1.036	1.217	1.004	1.108	1.027	1.036	1.221	1.003	1.110	1.016	1.034	1.070	1.099	1.089	1.071	1.091	
1.169	1.004	1.100	1.076	1.037	1.182	1.003	1.103	1.087	1.037	1.198	1.003	1.106	1.079	1.036	1.217	1.005	1.108	1.026	1.036	1.222	1.003	1.110	1.017	1.034	1.072	1.103	1.084	1.075	1.088	
1.169	1.003	1.101	1.076	1.037	1.182	1.003	1.103	1.087	1.038	1.198	1.003	1.106	1.079	1.036	1.218	1.005	1.108	1.026	1.036	1.222	1.003	1.110	1.018	1.034	1.074	1.107	1.078	1.078	1.086	
1.169	1.003	1.102	1.076	1.038	1.182	1.003	1.103	1.088	1.038	1.199	1.003	1.106	1.079	1.036	1.218	1.004	1.108	1.026	1.036	1.222	1.003	1.110	1.019	1.034	1.080	1.106	1.075	1.080	1.083	
1.169	1.003	1.102	1.076	1.039	1.182	1.002	1.102	1.088	1.038	1.199	1.002	1.106	1.079	1.036	1.218	1.004	1.108	1.026	1.037	1.222	1.003	1.111	1.019	1.034	1.086	1.106	1.072	1.083	1.079	
1.170	1.002	1.102	1.076	1.039	1.183	1.002	1.102	1.089	1.038	1.200	1.002	1.107	1.079	1.036	1.218	1.003	1.108	1.027	1.037	1.223	1.004	1.111	1.020	1.034	1.092	1.106	1.069	1.085	1.076	
1.170	1.002	1.102	1.075	1.040	1.183	1.002	1.101	1.090	1.039	1.200	1.001	1.107	1.079	1.036	1.218	1.002	1.107	1.027	1.037	1.223	1.004	1.111	1.021	1.033	1.098	1.106	1.066	1.087	1.073	
1.170	1.002	1.102	1.076	1.039	1.183	1.002	1.102	1.089	1.038	1.200	1.001	1.107	1.080	1.036	1.218	1.003	1.108	1.027	1.038	1.223	1.004	1.111	1.020	1.034	1.100	1.101	1.069	1.086	1.075	
1.171	1.002	1.102	1.076	1.039	1.183	1.003	1.102	1.089	1.038	1.200	1.001	1.107	1.080	1.036	1.218	1.003	1.109	1.027	1.038	1.223	1.004	1.111	1.019	1.035	1.103	1.096	1.073	1.084	1.078	
1.171	1.002	1.102	1.076	1.038	1.183	1.003	1.102	1.089	1.038	1.200	1.000	1.108	1.081	1.036	1.217	1.004	1.109	1.027	1.039	1.223	1.003	1.111	1.018	1.036	1.106	1.091	1.077	1.083	1.080	
1.172	1.002	1.102	1.076	1.038	1.183	1.003	1.103	1.088	1.038	1.200	1.000	1.108	1.082	1.036	1.217	1.004	1.110	1.027	1.039	1.223	1.003	1.111	1.017	1.037	1.109	1.087	1.081	1.081	1.083	
1.171	1.002	1.102	1.076	1.038	1.183	1.003	1.103	1.088	1.038	1.200	1.001	1.108	1.082	1.036	1.217	1.004	1.110	1.028	1.039	1.224	1.004	1.111	1.017	1.037	1.107	1.084	1.084	1.078	1.088	
1.171	1.002	1.101	1.076	1.038	1.183	1.003	1.104	1.088	1.038	1.201	1.001	1.108	1.081	1.037	1.217	1.004	1.110	1.028	1.039	1.224	1.004	1.112	1.016	1.037	1.104	1.080	1.087	1.075	1.092	
1.171	1.002	1.101	1.076	1.038	1.183	1.002	1.105	1.087	1.038	1.202	1.002	1.108	1.081	1.037	1.217	1.004	1.110	1.028	1.039	1.224	1.004	1.112	1.015	1.037	1.102	1.077	1.090	1.072	1.097	
1.171	1.002	1.101	1.076	1.039	1.182	1.002	1.106	1.087	1.038	1.203	1.003	1.108	1.080	1.037	1.217	1.004	1.110	1.029	1.039	1.224	1.004	1.113	1.015	1.037	1.099	1.074	1.093	1.069	1.102	
1.171	1.002	1.101	1.076	1.039	1.182	1.001	1.106	1.087	1.039	1.203	1.003	1.108	1.081	1.037	1.217	1.004	1.111	1.029	1.039	1.225	1.004	1.113	1.015	1.037	1.095	1.077	1.090	1.070	1.105	
1.171	1.002	1.102	1.076	1.039	1.183	1.001	1.106	1.087	1.039	1.203	1.003	1.109	1.081	1.038	1.217	1.004	1.111	1.029	1.040	1.225	1.003	1.114	1.015	1.037	1.090	1.079	1.088	1.071	1.108	
1.171	1.002	1.102	1.076	1.039	1.183	1.000	1.107	1.087	1.039	1.204	1.002	1.109	1.081	1.038	1.217	1.003	1.111	1.029	1.040	1.225	1.003	1.115	1.016	1.037	1.086	1.082	1.086	1.072	1.111	
1.172	1.002	1.102	1.076	1.039	1.183	1.000	1.107	1.087	1.039	1.204	1.002	1.109	1.081	1.038	1.217	1.003	1.111	1.029	1.041	1.225	1.002	1.115	1.016	1.036	1.081	1.084	1.084	1.073	1.114	
1.172	1.002	1.102	1.076	1.039	1.183	1.000	1.107	1.087	1.040	1.204	1.002	1.110	1.082	1.038	1.218	1.003	1.112	1.028	1.040	1.225	1.003	1.115	1.016	1.036	1.080	1.087	1.081	1.079	1.110	
1.172	1.002	1.102	1.077	1.039	1.183	1.001	1.106	1.087	1.040	1.203	1.002	1.110	1.082	1.038	1.218	1.003	1.112	1.028	1.040	1.225	1.003	1.115	1.017	1.036	1.079	1.090	1.078	1.085	1.107	
1.172	1.002	1.103	1.077	1.040	1.183	1.001	1.106	1.088	1.040	1.202	1.002	1.111	1.083	1.038	1.218	1.003	1.112	1.027	1.040	1.225	1.004	1.115	1.017	1.036	1.078	1.094	1.075	1.091	1.104	
1.171	1.002	1.103	1.077	1.040	1.183	1.002	1.105	1.088	1.041	1.202	1.001	1.112	1.084	1.038	1.219	1.002	1.112	1.026	1.040	1.224	1.005	1.115	1.017	1.036	1.077	1.097	1.072	1.097	1.100	
1.171	1.002	1.103	1.077	1.040	1.183	1.002	1.105	1.088	1.041	1.202	1.002	1.111	1.083	1.038	1.219	1.003	1.113	1.026	1.040	1.224	1.004	1.116	1.018	1.037	1.080	1.096	1.072	1.101	1.095	
1.171	1.002	1.103	1.077	1.041	1.183	1.002	1.105	1.088	1.041	1.203	1.003	1.111	1.083	1.039	1.218	1.003	1.113	1.026	1.040	1.224	1.003	1.116	1.019	1.037	1.084	1.095	1.072	1.105	1.090	
1.171	1.002	1.103	1.077	1.041	1.183	1.002	1.105	1.088	1.041	1.203	1.003	1.110	1.082	1.039	1.218	1.003	1.113	1.026	1.040	1.224	1.002	1.116	1.019	1.038	1.088	1.094	1.072	1.109	1.084	
1.170	1.002	1.103	1.076	1.041	1.183	1.002	1.106	1.088	1.041	1.204	1.004	1.110	1.081	1.039	1.218	1.004	1.113	1.026	1.041	1.224	1.001	1.117	1.020	1.038	1.091	1.093	1.072	1.113	1.079	
1.171	1.002	1.104	1.076	1.041	1.183	1.003	1.106	1.088	1.042	1.205	1.004	1.111	1.081	1.040	1.218	1.004	1.113	1.026	1.041	1.224	1.002	1.116	1.020	1.038	1.094	1.089	1.077	1.110	1.079	
1.171	1.003	1.104	1.077	1.041	1.184	1.004	1.107	1.088	1.042	1.205	1.004	1.112	1.082	1.040	1.218	1.005	1.114	1.026	1.040	1.225	1.003	1.116	1.019	1.038	1.096	1.085	1.082	1.106	1.079	
1.172	1.004	1.104	1.077	1.041	1.184	1.005	1.108	1.088	1.043	1.206	1.004	1.113	1.082	1.040	1.218	1.006	1.114	1.027	1.040	1.225	1.004	1.116	1.019	1.038	1.098	1.081	1.086	1.103	1.079	
1.172	1.005	1.105	1.077	1.041	1.184	1.005	1.109	1.088	1.043	1.206	1.004	1.113	1.082	1.041	1.218	1.006	1.114	1.027	1.040	1.225	1.005	1.115	1.018	1.037	1.100	1.077	1.091	1.100	1.079	
1.173	1.005	1.105	1.077	1.041	1.184	1.005	1.108	1.088	1.043	1.206	1.004	1.113	1.082	1.041	1.219	1.006	1.115	1.027	1.041	1.226	1.004	1.115	1.017	1.038	1.097	1.076	1.095	1.095	1.082	
1.173	1.004	1.105	1.077	1.041	1.184	1.006	1.108	1.088	1.044	1.206	1.005	1.114	1.081	1.041	1.219	1.006	1.116	1.028	1.041	1.226	1.004	1.116	1.017	1.038	1.094	1.075	1.099	1.090	1.085	
1.173	1.004	1.106	1.077	1.041	1.184	1.006	1.107	1.088	1.044	1.206	1.005	1.114	1.081	1.041	1.220	1.005	1.117	1.028	1.042	1.227	1.004	1.116	1.016	1.039	1.091	1.074	1.103	1.084	1.088	
1.174	1.004	1.106	1.077	1.042	1.184	1.006	1.107	1.088	1.044	1.206	1.006	1.114	1.081	1.041	1.220	1.005	1.118	1.029	1.043	1.227	1.003	1.116	1.016	1.039	1.088	1.072	1.107	1.079	1.091	
1.174	1.004	1.106	1.077	1.043	1.185	1.004	1.107	1.088	1.045	1.206	1.005	1.114	1.081	1.042	1.220	1.004	1.117	1.028	1.043	1.227	1.003	1.117	1.016	1.040	1.084	1.076	1.106	1.078	1.094	
1.174	1.004	1.106	1.077	1.044	1.186	1.003	1.108	1.088	1.045	1.206	1.004	1.115	1.082	1.042	1.220	1.003	1.117	1.028	1.043	1.227	1.003	1.117	1.016	1.041	1.080	1.080	1.105	1.076	1.097	
1.173	1.003	1.106	1.077	1.045	1.186	1.001	1.108	1.088	1.045	1.206	1.003	1.115	1.082	1.043	1.220	1.003	1.117	1.028	1.043	1.227	1.002	1.118	1.017	1.042	1.075	1.084	1.104	1.075	1.099	
1.173	1.003	1.106	1.077	1.046	1.187	1.000	1.109	1.088	1.045	1.206	1.003	1.115	1.083	1.044	1.220	1.002	1.117	1.027	1.043	1.227	1.002	1.119	1.017	1.043	1.071	1.088	1.103	1.074	1.102	
1.173	1.003	1.107	1.077	1.045	1.187	1.000	1.109	1.089	1.045	1.206	1.003	1.115	1.083	1.043	1.220	1.002	1.116	1.027	1.043	1.228	1.002	1.119	1.017	1.042	1.073	1.094	1.097	1.077	1.099	
1.173	1.003	1.107	1.077	1.045	1.187	1.001	1.109	1.089	1.044	1.206	1.003	1.115	1.082	1.043	1.221	1.002	1.116	1.027	1.043	1.228	1.003	1.118	1.017	1.042	1.074	1.099	1.091	1.080	1.096	
1.173	1.003	1.108	1.077	1.044	1.187	1.001	1.109	1.089	1.044	1.207	1.003	1.114	1.082	1.042	1.221	1.002	1.116	1.026	1.042	1.229	1.003	1.118	1.017	1.042	1.076	1.104	1.086	1.083	1.093	
1.173	1.003	1.108	1.077	1.044	1.187	1.001	1.109	1.089	1.044	1.207	1.004	1.114	1.082	1.042	1.221	1.001	1.116	1.026	1.042	1.230	1.003	1.118	1.017	1.042	1.077	1.109	1.080	1.087	1.090	
1.173	1.003	1.108	1.078	1.044	1.187	1.001	1.110	1.090	1.044	1.207	1.003	1.114	1.082	1.042	1.220	1.002	1.116	1.027	1.043	1.230	1.003	1.118	1.018	1.042	1.082	1.109	1.079	1.089	1.088	
1.173	1.003	1.108	1.078	1.043	1.188	1.002	1.111	1.090	1.045	1.207	1.002	1.115	1.081	1.042	1.220	1.002	1.117	1.027	1.043	1.229	1.003	1.118	1.019	1.041	1.087	1.108	1.077	1.092	1.085	
1.174	1.003	1.107	1.079	1.043	1.189	1.002	1.112	1.090	1.045	1.206	1.002	1.116	1.081	1.042	1.220	1.003	1.118	1.028	1.043	1.229	1.002	1.119	1.019	1.041	1.092	1.108	1.075	1.094	1.082	
1.174	1.003	1.107	1.079	1.043	1.189	1.002	1.113	1.090	1.045	1.206	1.001	1.116	1.081	1.043	1.220	1.003	1.118	1.029	1.044	1.228	1.002	1.119	1.020	1.041	1.097	1.107	1.074	1.097	1.080	
1.175	1.003	1.108	1.079	1.044	1.190	1.002	1.112	1.090	1.045	1.206	1.002	1.116	1.081	1.042	1.220	1.003	1.118	1.028	1.044	1.228	1.002	1.120	1.019	1.041	1.100	1.102	1.076	1.095	1.082	
1.175	1.003	1.108	1.078	1.045	1.190	1.002	1.112	1.089	1.045	1.206	1.002	1.116	1.081	1.042	1.220	1.003	1.118	1.027	1.044	1.229	1.002	1.121	1.018	1.041	1.103	1.096	1.079	1.092	1.085	
1.175	1.002	1.108	1.078	1.045	1.190	1.003	1.111	1.089	1.044	1.206	1.002	1.117	1.081	1.042	1.221	1.003	1.117	1.026	1.043	1.229	1.002	1.122	1.017	1.041	1.106	1.091	1.081	1.090	1.088	
1.176	1.002	1.109	1.077	1.046	1.191	1.003	1.110	1.088	1.044	1.206	1.003	1.117	1.081	1.042	1.221	1.003	1.117	1.025	1.043	1.229	1.003	1.124	1.015	1.041	1.109	1.085	1.084	1.088	1.090	
1.176	1.002	1.109	1.077	1.046	1.191	1.003	1.111	1.088	1.044	1.206	1.003	1.117	1.081	1.043	1.222	1.003	1.118	1.026	1.044	1.229	1.003	1.122	1.016	1.041	1.107	1.082	1.087	1.085	1.097	
1.176	1.003	1.109	1.077	1.045	1.191	1.003	1.112	1.088	1.044	1.206	1.003	1.117	1.081	1.044	1.222	1.003	1.118	1.027	1.045	1.230	1.003	1.121	1.016	1.041	1.105	1.078	1.090	1.081	1.103	
1.176	1.003	1.109	1.076	1.045	1.191	1.004	1.113	1.088	1.044	1.207	1.004	1.117	1.080	1.044	1.222	1.003	1.119	1.028	1.045	1.230	1.003	1.119	1.016	1.042	1.103	1.075	1.094	1.078	1.109	
1.176	1.003	1.110	1.076	1.045	1.191	1.004	1.115	1.088	1.044	1.207	1.004	1.117	1.080	1.045	1.222	1.003	1.120	1.029	1.046	1.231	1.003	1.118	1.016	1.042	1.101	1.071	1.097	1.075	1.115	
1.176	1.003	1.110	1.076	1.045	1.191	1.004	1.114	1.088	1.044	1.207	1.004	1.118	1.080	1.045	1.222	1.003	1.120	1.029	1.046	1.231	1.003	1.120	1.016	1.042	1.094	1.073	1.096	1.077	1.118	
1.176	1.003	1.110	1.076	1.046	1.192	1.003	1.114	1.088	1.044	1.208	1.004	1.118	1.081	1.045	1.222	1.003	1.120	1.029	1.046	1.231	1.003	1.121	1.016	1.042	1.088	1.075	1.094	1.079	1.121	
1.176	1.003	1.110	1.076	1.046	1.192	1.003	1.114	1.088	1.044	1.208	1.004	1.118	1.081	1.045	1.221	1.003	1.121	1.029	1.046	1.232	1.003	1.123	1.016	1.042	1.081	1.077	1.093	1.081	1.125	
1.176	1.002	1.110	1.076	1.047	1.192	1.002	1.113	1.089	1.044	1.209	1.004	1.119	1.082	1.045	1.221	1.004	1.121	1.029	1.046	1.232	1.003	1.124	1.016	1.043	1.074	1.079	1.091	1.084	1.128	
1.176	1.002	1.110	1.077	1.046	1.192	1.003	1.114	1.089	1.045	1.208	1.004	1.118	1.081	1.045	1.222	1.003	1.121	1.029	1.046	1.232	1.003	1.124	1.017	1.043	1.073	1.083	1.087	1.089	1.123	
1.177	1.003	1.110	1.077	1.046	1.191	1.003	1.114	1.089	1.046	1.208	1.004	1.118	1.081	1.045	1.222	1.003	1.121	1.028	1.046	1.232	1.003	1.123	1.018	1.043	1.072	1.088	1.083	1.094	1.119	
1.177	1.003	1.110	1.078	1.046	1.191	1.004	1.114	1.089	1.047	1.207	1.004	1.118	1.080	1.045	1.223	1.003	1.121	1.028	1.046	1.232	1.004	1.123	1.019	1.043	1.071	1.092	1.079	1.100	1.115	
1.178	1.003	1.110	1.078	1.046	1.191	1.004	1.114	1.089	1.048	1.207	1.003	1.118	1.080	1.045	1.224	1.002	1.121	1.027	1.046	1.232	1.004	1.122	1.020	1.044	1.070	1.096	1.074	1.105	1.110	
1.177	1.003	1.111	1.078	1.046	1.191	1.004	1.114	1.089	1.048	1.207	1.003	1.119	1.080	1.045	1.224	1.002	1.120	1.027	1.046	1.232	1.003	1.123	1.019	1.044	1.074	1.096	1.076	1.110	1.105	
1.177	1.003	1.112	1.078	1.046	1.191	1.003	1.114	1.088	1.048	1.208	1.002	1.119	1.081	1.045	1.224	1.003	1.120	1.027	1.047	1.232	1.002	1.124	1.018	1.044	1.078	1.095	1.078	1.114	1.100	
1.177	1.003	1.113	1.077	1.046	1.191	1.003	1.115	1.088	1.047	1.208	1.002	1.120	1.081	1.045	1.224	1.003	1.120	1.027	1.047	1.232	1.001	1.124	1.017	1.044	1.082	1.094	1.079	1.118	1.094	
1.177	1.003	1.115	1.077	1.046	1.191	1.003	1.115	1.088	1.047	1.209	1.001	1.120	1.081	1.045	1.223	1.003	1.120	1.027	1.048	1.232	1.001	1.125	1.016	1.043	1.086	1.094	1.081	1.123	1.089	
1.177	1.003	1.115	1.077	1.047	1.191	1.003	1.115	1.089	1.047	1.208	1.002	1.120	1.082	1.045	1.224	1.003	1.120	1.027	1.048	1.232	1.001	1.126	1.017	1.044	1.089	1.090	1.086	1.120	1.088	
1.178	1.003	1.115	1.078	1.048	1.192	1.003	1.115	1.090	1.047	1.208	1.002	1.119	1.082	1.046	1.224	1.003	1.120	1.027	1.048	1.232	1.001	1.126	1.018	1.045	1.092	1.085	1.091	1.117	1.088	
1.178	1.003	1.115	1.078	1.049	1.192	1.003	1.115	1.090	1.047	1.208	1.002	1.119	1.083	1.046	1.224	1.003	1.121	1.027	1.049	1.232	1.001	1.126	1.019	1.046	1.095	1.081	1.096	1.114	1.087	
1.179	1.003	1.115	1.078	1.050	1.193	1.003	1.115	1.091	1.047	1.207	1.002	1.119	1.083	1.047	1.225	1.003	1.121	1.027	1.049	1.232	1.002	1.127	1.019	1.046	1.098	1.077	1.101	1.111	1.086	
1.179	1.003	1.115	1.078	1.050	1.192	1.003	1.116	1.091	1.048	1.208	1.003	1.119	1.083	1.047	1.225	1.003	1.121	1.027	1.049	1.232	1.001	1.127	1.019	1.046	1.095	1.077	1.107	1.105	1.090	
1.179	1.003	1.115	1.078	1.049	1.192	1.003	1.116	1.090	1.048	1.208	1.003	1.120	1.083	1.046	1.225	1.004	1.122	1.027	1.048	1.233	1.001	1.128	1.019	1.046	1.093	1.077	1.112	1.099	1.094	
1.179	1.003	1.114	1.078	1.049	1.192	1.003	1.116	1.089	1.048	1.209	1.004	1.120	1.083	1.046	1.225	1.004	1.122	1.027	1.048	1.233	1.001	1.128	1.019	1.045	1.090	1.076	1.117	1.093	1.098	
1.180	1.003	1.114	1.078	1.049	1.191	1.003	1.116	1.088	1.048	1.209	1.004	1.121	1.083	1.046	1.226	1.005	1.123	1.027	1.047	1.233	1.001	1.128	1.019	1.045	1.088	1.076	1.122	1.087	1.102	
1.180	1.003	1.114	1.078	1.049	1.191	1.004	1.116	1.089	1.049	1.209	1.004	1.121	1.083	1.046	1.226	1.004	1.122	1.027	1.048	1.233	1.001	1.128	1.018	1.045	1.084	1.081	1.120	1.085	1.103	
1.180	1.003	1.114	1.078	1.049	1.192	1.004	1.117	1.089	1.049	1.210	1.003	1.121	1.083	1.047	1.226	1.004	1.122	1.027	1.049	1.233	1.001	1.129	1.018	1.045	1.080	1.085	1.118	1.083	1.104	
1.180	1.003	1.114	1.078	1.049	1.192	1.004	1.117	1.090	1.049	1.210	1.002	1.122	1.083	1.047	1.227	1.004	1.122	1.027	1.050	1.233	1.002	1.129	1.017	1.044	1.077	1.090	1.117	1.081	1.106	
1.180	1.003	1.115	1.079	1.049	1.192	1.005	1.118	1.090	1.050	1.210	1.001	1.122	1.083	1.048	1.227	1.004	1.122	1.026	1.051	1.233	1.002	1.129	1.016	1.044	1.073	1.094	1.115	1.079	1.107	
1.180	1.003	1.115	1.078	1.049	1.192	1.005	1.118	1.089	1.050	1.211	1.001	1.122	1.083	1.048	1.228	1.003	1.123	1.027	1.051	1.232	1.002	1.128	1.017	1.045	1.076	1.100	1.108	1.083	1.104	
1.180	1.003	1.115	1.078	1.049	1.192	1.004	1.118	1.088	1.050	1.211	1.002	1.123	1.083	1.048	1.228	1.003	1.124	1.027	1.050	1.232	1.003	1.128	1.018	1.046	1.078	1.105	1.102	1.088	1.101	
1.179	1.003	1.116	1.078	1.049	1.193	1.004	1.118	1.088	1.051	1.211	1.002	1.123	1.083	1.047	1.228	1.003	1.125	1.028	1.050	1.232	1.003	1.127	1.019	1.047	1.080	1.110	1.095	1.092	1.098	
1.179	1.003	1.116	1.078	1.049	1.193	1.004	1.119	1.087	1.051	1.212	1.002	1.124	1.082	1.047	1.228	1.003	1.125	1.028	1.050	1.232	1.003	1.127	1.020	1.048	1.083	1.116	1.089	1.096	1.095	
1.180	1.003	1.116	1.078	1.050	1.193	1.004	1.119	1.087	1.051	1.212	1.002	1.125	1.082	1.048	1.228	1.003	1.125	1.028	1.050	1.232	1.003	1.126	1.018	1.048	1.089	1.116	1.087	1.099	1.093	
1.180	1.003	1.116	1.078	1.051	1.193	1.004	1.120	1.087	1.051	1.211	1.002	1.125	1.082	1.048	1.228	1.003	1.125	1.028	1.050	1.232	1.003	1.126	1.017	1.048	1.095	1.117	1.085	1.101	1.091	
1.181	1.003	1.116	1.078	1.052	1.193	1.004	1.121	1.088	1.051	1.211	1.002	1.126	1.082	1.048	1.228	1.003	1.125	1.029	1.050	1.232	1.003	1.125	1.016	1.049	1.101	1.117	1.082	1.103	1.088	
1.182	1.003	1.116	1.078	1.053	1.193	1.003	1.122	1.088	1.050	1.211	1.002	1.127	1.082	1.048	1.228	1.004	1.125	1.029	1.050	1.232	1.003	1.125	1.015	1.049	1.108	1.118	1.080	1.105	1.086	
1.181	1.003	1.116	1.078	1.052	1.193	1.003	1.121	1.088	1.050	1.211	1.002	1.127	1.081	1.049	1.229	1.003	1.127	1.028	1.050	1.233	1.003	1.126	1.015	1.049	1.111	1.111	1.083	1.103	1.090	
1.181	1.003	1.116	1.078	1.052	1.194	1.003	1.121	1.089	1.051	1.211	1.003	1.128	1.081	1.049	1.229	1.003	1.128	1.027	1.050	1.233	1.002	1.127	1.015	1.048	1.115	1.105	1.085	1.101	1.093	
1.180	1.003	1.116	1.078	1.052	1.194	1.003	1.120	1.089	1.051	1.210	1.003	1.128	1.081	1.050	1.229	1.003	1.129	1.026	1.050	1.234	1.002	1.128	1.015	1.048	1.118	1.098	1.088	1.098	1.097	
1.180	1.003	1.116	1.078	1.051	1.194	1.003	1.120	1.089	1.051	1.210	1.003	1.128	1.080	1.050	1.229	1.003	1.130	1.025	1.050	1.234	1.002	1.129	1.015	1.047	1.122	1.092	1.091	1.096	1.100	
1.181	1.003	1.116	1.078	1.052	1.194	1.003	1.120	1.089	1.051	1.211	1.003	1.128	1.081	1.051	1.229	1.003	1.129	1.026	1.051	1.234	1.002	1.130	1.016	1.047	1.119	1.089	1.094	1.094	1.108	
1.181	1.003	1.117	1.078	1.052	1.194	1.003	1.120	1.088	1.051	1.211	1.003	1.128	1.081	1.051	1.229	1.003	1.128	1.026	1.052	1.234	1.002	1.131	1.016	1.047	1.117	1.086	1.097	1.091	1.115	
1.182	1.003	1.117	1.079	1.052	1.194	1.004	1.120	1.087	1.052	1.211	1.004	1.128	1.082	1.051	1.229	1.003	1.127	1.026	1.052	1.235	1.001	1.132	1.016	1.047	1.114	1.083	1.100	1.089	1.123	
1.183	1.003	1.118	1.079	1.052	1.194	1.004	1.121	1.087	1.052	1.212	1.004	1.128	1.082	1.051	1.229	1.003	1.127	1.026	1.053	1.235	1.001	1.133	1.017	1.047	1.112	1.080	1.103	1.086	1.131	
1.182	1.003	1.118	1.079	1.053	1.195	1.004	1.121	1.088	1.053	1.212	1.004	1.128	1.082	1.051	1.229	1.003	1.128	1.026	1.053	1.235	1.001	1.133	1.017	1.048	1.105	1.081	1.101	1.089	1.134	
1.182	1.003	1.118	1.079	1.053	1.195	1.004	1.122	1.089	1.053	1.211	1.004	1.127	1.082	1.052	1.230	1.003	1.129	1.027	1.052	1.235	1.001	1.133	1.017	1.049	1.098	1.083	1.099	1.092	1.137	
1.181	1.003	1.118	1.079	1.054	1.195	1.004	1.122	1.090	1.053	1.211	1.004	1.127	1.081	1.052	1.230	1.003	1.130	1.027	1.052	1.235	1.001	1.133	1.018	1.049	1.092	1.084	1.097	1.095	1.140	
1.180	1.003	1.119	1.079	1.054	1.195	1.004	1.123	1.091	1.054	1.211	1.004	1.126	1.081	1.052	1.231	1.003	1.131	1.027	1.052	1.235	1.001	1.132	1.018	1.050	1.085	1.086	1.095	1.097	1.143	
1.180	1.003	1.119	1.079	1.055	1.195	1.005	1.123	1.090	1.054	1.212	1.004	1.127	1.081	1.052	1.231	1.003	1.131	1.027	1.052	1.235	1.002	1.133	1.018	1.050	1.084	1.089	1.092	1.104	1.138	
1.181	1.003	1.119	1.079	1.055	1.195	1.005	1.123	1.090	1.054	1.213	1.004	1.127	1.081	1.052	1.231	1.004	1.132	1.026	1.052	1.235	1.002	1.133	1.019	1.050	1.082	1.093	1.089	1.111	1.133	
1.181	1.002	1.119	1.078	1.056	1.195	1.005	1.122	1.090	1.054	1.214	1.004	1.128	1.081	1.052	1.230	1.004	1.132	1.026	1.053	1.235	1.003	1.133	1.019	1.051	1.081	1.097	1.087	1.118	1.128	
1.181	1.002	1.120	1.078	1.056	1.195	1.005	1.122	1.090	1.054	1.215	1.005	1.129	1.081	1.052	1.230	1.004	1.133	1.026	1.053	1.235	1.003	1.133	1.019	1.051	1.080	1.101	1.084	1.125	1.122	
1.181	1.002	1.120	1.078	1.056	1.196	1.005	1.123	1.090	1.054	1.214	1.004	1.129	1.082	1.053	1.230	1.004	1.132	1.026	1.053	1.236	1.003	1.133	1.019	1.051	1.083	1.100	1.085	1.129	1.116	
1.182	1.003	1.121	1.078	1.055	1.196	1.004	1.124	1.090	1.054	1.214	1.004	1.129	1.082	1.053	1.230	1.004	1.132	1.026	1.053	1.236	1.003	1.134	1.019	1.051	1.086	1.100	1.087	1.133	1.111	
1.182	1.003	1.121	1.078	1.055	1.197	1.003	1.125	1.090	1.054	1.213	1.004	1.129	1.083	1.054	1.230	1.004	1.131	1.026	1.053	1.236	1.003	1.134	1.019	1.051	1.089	1.099	1.088	1.137	1.105	
1.183	1.003	1.121	1.078	1.055	1.197	1.003	1.126	1.090	1.054	1.212	1.004	1.129	1.084	1.055	1.230	1.004	1.131	1.026	1.053	1.236	1.002	1.134	1.019	1.051	1.092	1.099	1.090	1.141	1.099	
1.184	1.003	1.122	1.078	1.055	1.198	1.003	1.125	1.090	1.054	1.213	1.004	1.129	1.083	1.055	1.231	1.004	1.131	1.026	1.054	1.236	1.002	1.134	1.019	1.050	1.095	1.095	1.097	1.137	1.098	
1.184	1.003	1.122	1.078	1.054	1.198	1.004	1.125	1.090	1.054	1.214	1.003	1.130	1.083	1.055	1.231	1.004	1.131	1.026	1.054	1.236	1.002	1.135	1.019	1.050	1.098	1.091	1.104	1.132	1.098	
1.185	1.004	1.122	1.078	1.054	1.198	1.004	1.125	1.089	1.054	1.215	1.003	1.130	1.082	1.055	1.231	1.004	1.132	1.025	1.054	1.236	1.002	1.135	1.018	1.050	1.100	1.088	1.110	1.128	1.097	
1.186	1.004	1.122	1.078	1.054	1.198	1.005	1.124	1.089	1.054	1.216	1.003	1.130	1.081	1.055	1.232	1.004	1.132	1.025	1.054	1.236	1.001	1.135	1.018	1.050	1.103	1.084	1.117	1.123	1.097	
1.185	1.004	1.122	1.078	1.055	1.197	1.004	1.124	1.090	1.054	1.216	1.003	1.130	1.082	1.055	1.231	1.004	1.132	1.025	1.054	1.236	1.002	1.134	1.018	1.050	1.101	1.084	1.123	1.116	1.102	
1.185	1.004	1.122	1.078	1.055	1.196	1.004	1.124	1.090	1.054	1.216	1.002	1.130	1.083	1.055	1.231	1.004	1.132	1.026	1.055	1.236	1.002	1.134	1.018	1.050	1.098	1.084	1.130	1.109	1.106	
1.184	1.003	1.121	1.078	1.055	1.195	1.004	1.124	1.091	1.054	1.216	1.002	1.130	1.083	1.055	1.230	1.004	1.132	1.026	1.055	1.236	1.003	1.134	1.019	1.051	1.096	1.084	1.136	1.103	1.111	
1.183	1.003	1.121	1.077	1.055	1.195	1.004	1.124	1.091	1.055	1.216	1.001	1.130	1.084	1.055	1.230	1.004	1.132	1.026	1.055	1.236	1.004	1.134	1.019	1.051	1.093	1.084	1.142	1.096	1.116	
1.184	1.003	1.121	1.078	1.056	1.195	1.004	1.124	1.091	1.055	1.216	1.001	1.129	1.083	1.055	1.230	1.004	1.131	1.026	1.055	1.236	1.003	1.133	1.018	1.052	1.091	1.090	1.138	1.094	1.117	
1.184	1.003	1.120	1.078	1.056	1.195	1.004	1.123	1.090	1.055	1.216	1.002	1.128	1.083	1.054	1.230	1.003	1.131	1.026	1.055	1.236	1.003	1.133	1.018	1.052	1.088	1.097	1.135	1.092	1.118	
1.184	1.003	1.120	1.078	1.056	1.195	1.004	1.123	1.090	1.055	1.216	1.002	1.127	1.082	1.054	1.230	1.003	1.131	1.026	1.056	1.236	1.003	1.133	1.017	1.052	1.086	1.103	1.131	1.090	1.119	
1.184	1.002	1.119	1.078	1.057	1.196	1.003	1.122	1.089	1.055	1.216	1.003	1.126	1.082	1.054	1.230	1.002	1.130	1.026	1.056	1.237	1.003	1.132	1.017	1.052	1.083	1.110	1.127	1.088	1.120	
1.184	1.003	1.119	1.079	1.057	1.196	1.004	1.123	1.089	1.055	1.216	1.003	1.127	1.082	1.055	1.230	1.002	1.131	1.026	1.056	1.237	1.003	1.132	1.017	1.052	1.085	1.116	1.120	1.092	1.117	
1.184	1.003	1.119	1.079	1.058	1.196	1.004	1.123	1.089	1.056	1.216	1.003	1.128	1.082	1.055	1.230	1.002	1.131	1.027	1.056	1.237	1.003	1.131	1.016	1.053	1.086	1.123	1.113	1.095	1.113	
1.184	1.003	1.119	1.079	1.058	1.196	1.004	1.123	1.090	1.056	1.215	1.003	1.129	1.082	1.055	1.230	1.002	1.131	1.028	1.057	1.237	1.002	1.131	1.016	1.054	1.087	1.130	1.105	1.099	1.110	
1.184	1.004	1.119	1.079	1.059	1.196	1.005	1.124	1.090	1.057	1.215	1.002	1.130	1.082	1.056	1.230	1.002	1.131	1.028	1.057	1.237	1.002	1.130	1.015	1.054	1.088	1.137	1.098	1.103	1.106	
1.184	1.003	1.120	1.079	1.059	1.197	1.005	1.124	1.090	1.057	1.216	1.002	1.130	1.083	1.056	1.231	1.002	1.132	1.028	1.057	1.237	1.003	1.132	1.015	1.055	1.096	1.135	1.095	1.105	1.104	
1.184	1.003	1.120	1.079	1.058	1.197	1.004	1.124	1.090	1.058	1.217	1.002	1.130	1.083	1.056	1.231	1.001	1.132	1.027	1.058	1.238	1.003	1.133	1.016	1.055	1.103	1.133	1.092	1.107	1.101	
1.184	1.003	1.120	1.079	1.058	1.198	1.004	1.124	1.090	1.058	1.219	1.002	1.130	1.084	1.056	1.232	1.001	1.132	1.026	1.058	1.238	1.003	1.134	1.016	1.056	1.110	1.132	1.088	1.109	1.099	
1.185	1.003	1.120	1.079	1.057	1.198	1.004	1.124	1.091	1.058	1.220	1.002	1.130	1.085	1.056	1.233	1.001	1.132	1.026	1.058	1.239	1.003	1.136	1.016	1.056	1.117	1.130	1.085	1.111	1.096	
1.185	1.003	1.121	1.079	1.058	1.199	1.004	1.124	1.091	1.058	1.219	1.002	1.131	1.084	1.056	1.232	1.001	1.132	1.026	1.058	1.239	1.003	1.135	1.016	1.056	1.122	1.124	1.088	1.108	1.099	
1.185	1.003	1.121	1.079	1.058	1.199	1.004	1.125	1.091	1.058	1.219	1.003	1.131	1.084	1.056	1.232	1.002	1.132	1.025	1.058	1.239	1.004	1.135	1.016	1.056	1.127	1.118	1.091	1.105	1.103	
1.185	1.004	1.122	1.079	1.059	1.200	1.004	1.125	1.091	1.058	1.218	1.003	1.132	1.083	1.056	1.231	1.002	1.132	1.025	1.058	1.239	1.004	1.135	1.016	1.056	1.131	1.112	1.094	1.101	1.106	
1.185	1.004	1.123	1.079	1.059	1.201	1.004	1.126	1.091	1.058	1.218	1.003	1.132	1.083	1.056	1.231	1.003	1.132	1.025	1.058	1.239	1.004	1.135	1.016	1.056	1.136	1.106	1.097	1.098	1.109	
1.185	1.003	1.123	1.079	1.060	1.201	1.004	1.126	1.091	1.059	1.218	1.003	1.132	1.083	1.057	1.231	1.003	1.132	1.025	1.058	1.239	1.003	1.135	1.017	1.055	1.132	1.101	1.100	1.095	1.116	
1.185	1.003	1.123	1.079	1.061	1.200	1.004	1.126	1.091	1.059	1.218	1.002	1.132	1.083	1.057	1.232	1.004	1.133	1.026	1.058	1.239	1.003	1.136	1.017	1.054	1.127	1.097	1.103	1.092	1.122	
1.184	1.002	1.123	1.079	1.061	1.200	1.004	1.126	1.091	1.059	1.218	1.002	1.131	1.083	1.057	1.232	1.004	1.134	1.026	1.058	1.239	1.003	1.137	1.018	1.053	1.123	1.092	1.107	1.088	1.128	
1.184	1.002	1.123	1.079	1.062	1.200	1.005	1.126	1.091	1.060	1.218	1.002	1.131	1.083	1.057	1.232	1.004	1.134	1.027	1.058	1.239	1.002	1.138	1.018	1.052	1.118	1.088	1.110	1.085	1.134	
1.185	1.002	1.123	1.080	1.062	1.200	1.005	1.127	1.092	1.060	1.217	1.002	1.131	1.083	1.058	1.232	1.004	1.135	1.027	1.058	1.239	1.002	1.138	1.018	1.053	1.110	1.088	1.106	1.087	1.136	
1.185	1.003	1.124	1.080	1.062	1.200	1.004	1.128	1.092	1.059	1.217	1.002	1.131	1.083	1.058	1.232	1.003	1.135	1.027	1.059	1.240	1.002	1.137	1.018	1.054	1.103	1.089	1.103	1.089	1.137	
1.185	1.003	1.124	1.080	1.062	1.200	1.004	1.128	1.093	1.059	1.217	1.002	1.131	1.082	1.058	1.232	1.003	1.136	1.028	1.059	1.240	1.002	1.137	1.018	1.054	1.095	1.090	1.099	1.090	1.138	
1.185	1.003	1.124	1.080	1.062	1.200	1.004	1.129	1.093	1.059	1.217	1.002	1.131	1.082	1.058	1.232	1.002	1.137	1.028	1.059	1.240	1.002	1.137	1.018	1.055	1.088	1.091	1.095	1.092	1.139	
1.186	1.004	1.124	1.080	1.062	1.200	1.004	1.129	1.092	1.060	1.217	1.002	1.131	1.082	1.058	1.232	1.002	1.136	1.028	1.059	1.241	1.002	1.138	1.018	1.055	1.085	1.095	1.092	1.100	1.134	
1.186	1.004	1.124	1.080	1.062	1.200	1.004	1.129	1.090	1.061	1.218	1.003	1.132	1.082	1.058	1.232	1.002	1.136	1.027	1.059	1.241	1.002	1.138	1.018	1.055	1.083	1.099	1.088	1.108	1.130	
1.186	1.005	1.124	1.080	1.062	1.201	1.005	1.128	1.089	1.062	1.219	1.003	1.132	1.082	1.058	1.232	1.001	1.136	1.027	1.060	1.242	1.001	1.139	1.018	1.056	1.081	1.103	1.084	1.116	1.125	
1.186	1.005	1.124	1.080	1.062	1.201	1.005	1.128	1.088	1.063	1.219	1.003	1.133	1.082	1.058	1.232	1.001	1.136	1.026	1.060	1.243	1.001	1.139	1.018	1.056	1.079	1.107	1.080	1.123	1.120	
1.186	1.005	1.125	1.081	1.062	1.201	1.005	1.128	1.088	1.062	1.219	1.003	1.134	1.083	1.059	1.232	1.002	1.136	1.026	1.059	1.243	1.002	1.140	1.018	1.057	1.082	1.105	1.081	1.126	1.115	
1.186	1.004	1.125	1.082	1.062	1.201	1.005	1.129	1.089	1.062	1.219	1.003	1.134	1.083	1.060	1.233	1.002	1.137	1.026	1.059	1.243	1.002	1.140	1.018	1.057	1.086	1.103	1.081	1.129	1.110	
1.186	1.004	1.126	1.082	1.062	1.201	1.005	1.129	1.090	1.061	1.218	1.004	1.135	1.083	1.061	1.233	1.003	1.138	1.026	1.059	1.243	1.002	1.140	1.017	1.058	1.089	1.101	1.082	1.131	1.105	
1.186	1.003	1.126	1.083	1.063	1.201	1.005	1.129	1.090	1.061	1.218	1.004	1.136	1.084	1.063	1.233	1.003	1.138	1.026	1.059	1.243	1.002	1.141	1.017	1.058	1.093	1.099	1.082	1.134	1.100	
1.186	1.003	1.126	1.082	1.063	1.201	1.006	1.130	1.090	1.061	1.218	1.003	1.136	1.083	1.062	1.234	1.003	1.139	1.027	1.059	1.243	1.003	1.141	1.018	1.058	1.095	1.094	1.088	1.130	1.101	
1.186	1.003	1.127	1.082	1.063	1.202	1.006	1.130	1.090	1.062	1.219	1.003	1.137	1.083	1.062	1.235	1.003	1.139	1.028	1.059	1.244	1.003	1.142	1.018	1.058	1.097	1.089	1.094	1.126	1.102	
1.186	1.003	1.127	1.081	1.063	1.202	1.006	1.131	1.090	1.062	1.220	1.003	1.138	1.083	1.061	1.235	1.003	1.139	1.028	1.060	1.244	1.003	1.143	1.019	1.057	1.099	1.084	1.100	1.122	1.103	
1.186	1.003	1.127	1.080	1.063	1.203	1.006	1.132	1.090	1.062	1.220	1.002	1.138	1.083	1.061	1.236	1.003	1.140	1.029	1.060	1.244	1.003	1.143	1.019	1.057	1.101	1.079	1.106	1.118	1.104	
1.186	1.004	1.127	1.080	1.063	1.203	1.006	1.131	1.090	1.063	1.220	1.002	1.138	1.083	1.061	1.235	1.003	1.140	1.029	1.061	1.244	1.002	1.144	1.019	1.058	1.097	1.078	1.110	1.112	1.111	
1.187	1.004	1.128	1.080	1.063	1.203	1.005	1.131	1.090	1.063	1.221	1.003	1.138	1.083	1.062	1.235	1.003	1.141	1.028	1.062	1.244	1.002	1.144	1.019	1.058	1.094	1.077	1.114	1.107	1.117	
1.187	1.004	1.128	1.080	1.063	1.203	1.005	1.131	1.090	1.063	1.221	1.003	1.138	1.083	1.062	1.234	1.003	1.142	1.028	1.062	1.245	1.002	1.145	1.019	1.059	1.090	1.077	1.118	1.101	1.123	
1.188	1.005	1.128	1.080	1.063	1.203	1.005	1.130	1.090	1.064	1.221	1.003	1.138	1.084	1.063	1.234	1.004	1.142	1.028	1.063	1.245	1.001	1.145	1.019	1.060	1.087	1.076	1.122	1.096	1.129	
1.188	1.004	1.128	1.080	1.064	1.204	1.004	1.131	1.090	1.064	1.221	1.003	1.138	1.084	1.063	1.235	1.003	1.142	1.028	1.063	1.245	1.001	1.144	1.019	1.060	1.082	1.080	1.119	1.096	1.131	
1.189	1.004	1.128	1.080	1.064	1.205	1.004	1.131	1.090	1.064	1.220	1.004	1.139	1.084	1.063	1.236	1.003	1.142	1.028	1.063	1.245	1.001	1.144	1.019	1.060	1.077	1.085	1.117	1.096	1.132	
1.190	1.003	1.129	1.081	1.065	1.206	1.003	1.132	1.091	1.065	1.220	1.004	1.139	1.084	1.063	1.237	1.003	1.142	1.028	1.063	1.245	1.001	1.143	1.019	1.060	1.073	1.089	1.114	1.096	1.133	
1.191	1.003	1.129	1.081	1.065	1.207	1.003	1.132	1.091	1.065	1.220	1.005	1.140	1.083	1.063	1.238	1.003	1.142	1.028	1.063	1.245	1.002	1.142	1.019	1.061	1.068	1.094	1.111	1.097	1.134	
1.191	1.003	1.129	1.081	1.066	1.206	1.003	1.133	1.091	1.065	1.220	1.004	1.139	1.083	1.063	1.237	1.003	1.142	1.027	1.063	1.245	1.002	1.142	1.019	1.060	1.069	1.099	1.105	1.102	1.130	
1.192	1.003	1.129	1.080	1.066	1.205	1.003	1.134	1.091	1.064	1.221	1.003	1.139	1.083	1.062	1.236	1.003	1.143	1.027	1.063	1.246	1.002	1.143	1.019	1.060	1.071	1.105	1.099	1.107	1.125	
1.192	1.003	1.129	1.080	1.067	1.204	1.003	1.134	1.091	1.064	1.221	1.003	1.139	1.083	1.062	1.235	1.003	1.143	1.026	1.063	1.247	1.003	1.143	1.019	1.060	1.072	1.111	1.093	1.113	1.121	
1.193	1.003	1.130	1.079	1.067	1.204	1.003	1.135	1.090	1.064	1.221	1.002	1.139	1.083	1.062	1.234	1.003	1.143	1.026	1.063	1.247	1.003	1.143	1.019	1.059	1.074	1.117	1.087	1.118	1.116	
1.192	1.003	1.130	1.080	1.067	1.204	1.003	1.135	1.090	1.064	1.221	1.003	1.138	1.083	1.063	1.235	1.003	1.143	1.026	1.064	1.247	1.003	1.144	1.018	1.060	1.080	1.115	1.087	1.121	1.111	
1.192	1.003	1.130	1.080	1.067	1.205	1.003	1.136	1.090	1.064	1.221	1.004	1.138	1.083	1.063	1.235	1.003	1.143	1.027	1.064	1.247	1.003	1.144	1.017	1.060	1.087	1.113	1.087	1.123	1.106	
1.191	1.003	1.131	1.080	1.067	1.206	1.003	1.136	1.090	1.064	1.221	1.004	1.138	1.084	1.064	1.236	1.003	1.142	1.027	1.064	1.247	1.003	1.145	1.016	1.060	1.093	1.111	1.087	1.125	1.100	
1.191	1.003	1.131	1.080	1.067	1.207	1.003	1.136	1.090	1.064	1.221	1.005	1.138	1.084	1.065	1.236	1.004	1.142	1.028	1.065	1.247	1.002	1.145	1.015	1.061	1.100	1.109	1.087	1.128	1.095	
1.191	1.003	1.131	1.080	1.067	1.206	1.004	1.136	1.090	1.065	1.221	1.005	1.139	1.084	1.065	1.237	1.003	1.143	1.027	1.065	1.247	1.002	1.146	1.015	1.061	1.103	1.103	1.092	1.123	1.096	
1.192	1.003	1.132	1.080	1.067	1.205	1.004	1.136	1.091	1.066	1.222	1.004	1.140	1.083	1.064	1.238	1.003	1.143	1.027	1.065	1.248	1.002	1.146	1.016	1.061	1.106	1.097	1.098	1.119	1.097	
1.192	1.003	1.132	1.080	1.067	1.204	1.004	1.136	1.091	1.067	1.223	1.004	1.141	1.083	1.064	1.238	1.003	1.144	1.027	1.065	1.249	1.002	1.147	1.017	1.061	1.109	1.091	1.103	1.115	1.098	
1.193	1.003	1.132	1.080	1.067	1.203	1.005	1.136	1.092	1.068	1.224	1.003	1.142	1.082	1.064	1.239	1.003	1.144	1.027	1.065	1.250	1.002	1.147	1.017	1.062	1.113	1.085	1.109	1.110	1.099	
1.192	1.003	1.133	1.080	1.067	1.203	1.004	1.136	1.092	1.067	1.224	1.003	1.142	1.082	1.064	1.239	1.003	1.144	1.027	1.065	1.249	1.002	1.147	1.017	1.062	1.109	1.083	1.113	1.105	1.104	
1.191	1.003	1.133	1.080	1.067	1.203	1.004	1.137	1.092	1.067	1.224	1.003	1.141	1.083	1.064	1.239	1.003	1.144	1.027	1.066	1.249	1.002	1.147	1.016	1.062	1.105	1.081	1.117	1.099	1.109	
1.191	1.003	1.133	1.080	1.067	1.204	1.004	1.137	1.092	1.067	1.225	1.003	1.141	1.083	1.064	1.238	1.003	1.144	1.027	1.066	1.249	1.002	1.148	1.015	1.062	1.101	1.079	1.121	1.093	1.114	
1.190	1.003	1.133	1.079	1.067	1.204	1.004	1.138	1.092	1.066	1.225	1.003	1.141	1.083	1.064	1.238	1.004	1.143	1.027	1.066	1.249	1.002	1.148	1.015	1.062	1.097	1.076	1.124	1.087	1.119	
1.191	1.003	1.133	1.080	1.067	1.205	1.004	1.137	1.091	1.066	1.224	1.003	1.142	1.083	1.065	1.239	1.003	1.144	1.026	1.066	1.249	1.002	1.147	1.015	1.063	1.091	1.081	1.120	1.086	1.120	
1.192	1.003	1.133	1.080	1.067	1.205	1.004	1.137	1.091	1.067	1.224	1.003	1.143	1.083	1.066	1.239	1.003	1.145	1.026	1.067	1.249	1.002	1.147	1.016	1.063	1.086	1.085	1.116	1.086	1.121	
1.192	1.003	1.134	1.080	1.067	1.206	1.004	1.137	1.091	1.067	1.224	1.003	1.143	1.083	1.066	1.240	1.003	1.146	1.026	1.067	1.249	1.002	1.146	1.017	1.063	1.080	1.090	1.112	1.085	1.122	
1.193	1.003	1.134	1.081	1.067	1.206	1.004	1.137	1.091	1.067	1.223	1.003	1.144	1.083	1.067	1.240	1.003	1.147	1.026	1.068	1.250	1.002	1.146	1.018	1.063	1.075	1.094	1.108	1.084	1.124	
1.193	1.003	1.135	1.080	1.067	1.206	1.005	1.138	1.091	1.068	1.223	1.003	1.144	1.082	1.067	1.240	1.003	1.147	1.026	1.068	1.249	1.003	1.146	1.018	1.063	1.074	1.099	1.101	1.090	1.119	
1.193	1.004	1.136	1.080	1.068	1.205	1.005	1.138	1.091	1.069	1.223	1.003	1.145	1.082	1.067	1.241	1.003	1.147	1.026	1.068	1.249	1.003	1.147	1.017	1.063	1.073	1.103	1.095	1.095	1.115	
1.192	1.004	1.137	1.079	1.068	1.205	1.005	1.139	1.091	1.069	1.223	1.003	1.145	1.081	1.067	1.241	1.004	1.147	1.026	1.068	1.249	1.004	1.147	1.016	1.062	1.073	1.108	1.089	1.101	1.111	
1.192	1.004	1.138	1.079	1.069	1.204	1.005	1.140	1.091	1.070	1.224	1.003	1.145	1.081	1.067	1.241	1.004	1.147	1.026	1.068	1.249	1.004	1.147	1.016	1.062	1.072	1.113	1.082	1.106	1.107	
1.192	1.004	1.138	1.079	1.069	1.205	1.005	1.139	1.091	1.070	1.224	1.003	1.145	1.081	1.067	1.241	1.004	1.147	1.026	1.068	1.249	1.003	1.148	1.015	1.063	1.078	1.112	1.081	1.108	1.103	
1.192	1.004	1.137	1.080	1.069	1.205	1.005	1.139	1.091	1.070	1.225	1.003	1.145	1.082	1.067	1.241	1.004	1.147	1.025	1.068	1.249	1.002	1.148	1.015	1.063	1.084	1.111	1.079	1.110	1.099	
1.192	1.004	1.137	1.081	1.069	1.205	1.004	1.139	1.091	1.069	1.225	1.003	1.145	1.083	1.067	1.241	1.004	1.148	1.024	1.068	1.249	1.001	1.148	1.014	1.063	1.090	1.110	1.077	1.112	1.096	
1.192	1.003	1.136	1.081	1.069	1.205	1.004	1.139	1.091	1.069	1.226	1.004	1.145	1.084	1.067	1.241	1.003	1.148	1.024	1.068	1.248	1.000	1.149	1.013	1.063	1.096	1.110	1.075	1.113	1.092	
1.192	1.003	1.137	1.082	1.070	1.205	1.004	1.139	1.090	1.070	1.226	1.003	1.146	1.084	1.067	1.242	1.003	1.148	1.025	1.069	1.249	1.001	1.150	1.014	1.065	1.099	1.104	1.080	1.110	1.096	
1.192	1.003	1.137	1.082	1.071	1.205	1.004	1.140	1.090	1.071	1.226	1.003	1.146	1.084	1.068	1.242	1.003	1.148	1.025	1.069	1.249	1.002	1.151	1.015	1.066	1.103	1.098	1.084	1.107	1.101	
1.192	1.003	1.138	1.083	1.072	1.205	1.004	1.140	1.089	1.072	1.225	1.003	1.147	1.084	1.068	1.243	1.003	1.149	1.026	1.070	1.250	1.003	1.153	1.016	1.067	1.106	1.092	1.089	1.104	1.105	
1.193	1.003	1.138	1.083	1.072	1.205	1.004	1.141	1.088	1.072	1.225	1.003	1.147	1.084	1.069	1.243	1.003	1.149	1.027	1.070	1.250	1.004	1.154	1.017	1.068	1.109	1.086	1.093	1.101	1.109	
1.193	1.003	1.139	1.083	1.072	1.205	1.004	1.141	1.089	1.073	1.226	1.004	1.147	1.084	1.069	1.243	1.004	1.149	1.027	1.070	1.250	1.004	1.153	1.017	1.068	1.106	1.082	1.096	1.097	1.117	
1.193	1.003	1.139	1.082	1.072	1.205	1.005	1.142	1.089	1.073	1.226	1.004	1.147	1.084	1.070	1.243	1.004	1.149	1.028	1.070	1.250	1.003	1.153	1.016	1.068	1.103	1.077	1.099	1.093	1.124	
1.193	1.003	1.140	1.082	1.071	1.205	1.005	1.143	1.090	1.073	1.226	1.004	1.147	1.083	1.070	1.243	1.005	1.149	1.028	1.070	1.250	1.002	1.152	1.016	1.067	1.100	1.073	1.102	1.089	1.132	
1.193	1.003	1.140	1.082	1.071	1.206	1.006	1.144	1.090	1.073	1.226	1.004	1.147	1.083	1.070	1.244	1.005	1.150	1.029	1.070	1.250	1.002	1.151	1.015	1.067	1.097	1.069	1.106	1.085	1.139	
1.193	1.003	1.140	1.082	1.071	1.205	1.006	1.144	1.090	1.074	1.226	1.004	1.148	1.083	1.070	1.244	1.005	1.150	1.029	1.070	1.249	1.002	1.152	1.015	1.068	1.091	1.072	1.103	1.088	1.140	
1.194	1.003	1.140	1.082	1.071	1.205	1.006	1.145	1.090	1.074	1.226	1.004	1.149	1.083	1.070	1.245	1.004	1.150	1.028	1.070	1.249	1.002	1.152	1.015	1.068	1.084	1.075	1.101	1.091	1.141	
1.194	1.004	1.140	1.083	1.072	1.205	1.005	1.145	1.089	1.074	1.226	1.004	1.150	1.083	1.070	1.246	1.004	1.150	1.028	1.070	1.249	1.002	1.152	1.015	1.068	1.078	1.079	1.099	1.094	1.142	
1.195	1.004	1.140	1.083	1.072	1.205	1.005	1.145	1.089	1.074	1.225	1.004	1.150	1.083	1.069	1.246	1.003	1.151	1.028	1.070	1.248	1.002	1.153	1.015	1.069	1.071	1.082	1.096	1.097	1.143	
1.195	1.004	1.140	1.082	1.072	1.205	1.005	1.145	1.089	1.073	1.226	1.004	1.150	1.083	1.070	1.246	1.003	1.151	1.027	1.071	1.249	1.003	1.154	1.015	1.069	1.069	1.086	1.092	1.104	1.138	
1.195	1.004	1.140	1.082	1.072	1.206	1.005	1.144	1.089	1.073	1.226	1.003	1.150	1.084	1.070	1.245	1.003	1.151	1.027	1.072	1.250	1.003	1.155	1.014	1.068	1.067	1.091	1.087	1.111	1.132	
1.194	1.004	1.141	1.081	1.073	1.206	1.004	1.144	1.089	1.073	1.226	1.002	1.150	1.084	1.070	1.244	1.003	1.152	1.026	1.072	1.251	1.003	1.156	1.014	1.068	1.065	1.096	1.082	1.118	1.127	
1.194	1.004	1.141	1.081	1.073	1.206	1.004	1.143	1.089	1.072	1.226	1.001	1.150	1.084	1.071	1.244	1.003	1.152	1.025	1.073	1.252	1.003	1.157	1.013	1.068	1.063	1.100	1.078	1.126	1.122	
1.194	1.004	1.141	1.081	1.073	1.206	1.004	1.144	1.090	1.072	1.226	1.002	1.150	1.084	1.071	1.245	1.003	1.152	1.025	1.073	1.252	1.003	1.157	1.014	1.068	1.067	1.098	1.079	1.128	1.116	
1.195	1.004	1.141	1.081	1.073	1.207	1.004	1.145	1.090	1.072	1.226	1.003	1.150	1.084	1.071	1.245	1.003	1.153	1.026	1.074	1.252	1.002	1.157	1.015	1.068	1.072	1.096	1.081	1.131	1.110	
1.195	1.003	1.141	1.082	1.073	1.207	1.004	1.146	1.091	1.072	1.226	1.003	1.150	1.083	1.072	1.246	1.003	1.153	1.026	1.075	1.252	1.002	1.158	1.016	1.068	1.077	1.093	1.082	1.133	1.104	
1.195	1.003	1.141	1.082	1.073	1.207	1.004	1.147	1.091	1.072	1.226	1.004	1.150	1.083	1.072	1.247	1.003	1.153	1.026	1.075	1.252	1.001	1.158	1.017	1.068	1.081	1.091	1.084	1.136	1.098	
1.194	1.003	1.141	1.082	1.073	1.208	1.004	1.147	1.091	1.072	1.226	1.004	1.150	1.083	1.072	1.247	1.003	1.153	1.026	1.075	1.252	1.001	1.157	1.016	1.069	1.084	1.086	1.091	1.130	1.099	
1.194	1.003	1.142	1.081	1.074	1.209	1.004	1.147	1.091	1.073	1.226	1.003	1.151	1.083	1.071	1.246	1.003	1.154	1.026	1.075	1.252	1.001	1.156	1.015	1.070	1.086	1.081	1.097	1.125	1.101	
1.194	1.004	1.142	1.081	1.075	1.209	1.004	1.147	1.092	1.073	1.226	1.003	1.151	1.084	1.071	1.246	1.003	1.154	1.026	1.075	1.252	1.002	1.155	1.014	1.070	1.088	1.076	1.104	1.120	1.102	
1.193	1.004	1.142	1.081	1.076	1.210	1.004	1.147	1.092	1.073	1.225	1.003	1.151	1.084	1.070	1.246	1.004	1.155	1.026	1.075	1.252	1.002	1.154	1.013	1.071	1.091	1.071	1.111	1.115	1.104	
1.194	1.003	1.143	1.081	1.076	1.209	1.004	1.147	1.092	1.074	1.226	1.003	1.152	1.084	1.071	1.247	1.003	1.155	1.026	1.075	1.252	1.002	1.154	1.013	1.070	1.088	1.070	1.115	1.107	1.110	
1.194	1.003	1.143	1.081	1.076	1.209	1.003	1.148	1.092	1.074	1.227	1.004	1.153	1.084	1.071	1.248	1.003	1.155	1.025	1.075	1.251	1.001	1.155	1.014	1.069	1.085	1.069	1.118	1.100	1.116	
1.194	1.002	1.144	1.081	1.076	1.208	1.002	1.148	1.093	1.075	1.228	1.004	1.154	1.085	1.072	1.248	1.003	1.155	1.025	1.075	1.251	1.001	1.155	1.014	1.069	1.082	1.068	1.122	1.093	1.122	
1.194	1.002	1.145	1.081	1.076	1.207	1.002	1.148	1.093	1.076	1.228	1.005	1.155	1.085	1.072	1.249	1.003	1.155	1.024	1.075	1.251	1.001	1.156	1.014	1.068	1.079	1.067	1.125	1.086	1.128	
1.194	1.002	1.145	1.081	1.076	1.208	1.002	1.148	1.092	1.076	1.228	1.005	1.155	1.084	1.072	1.249	1.003	1.156	1.025	1.075	1.251	1.001	1.156	1.014	1.069	1.074	1.074	1.122	1.085	1.130	
1.194	1.003	1.145	1.081	1.076	1.208	1.002	1.148	1.092	1.076	1.228	1.005	1.156	1.084	1.072	1.248	1.003	1.157	1.025	1.075	1.252	1.001	1.157	1.014	1.069	1.070	1.080	1.118	1.085	1.132	
1.194	1.003	1.145	1.082	1.076	1.208	1.002	1.148	1.091	1.076	1.228	1.004	1.156	1.083	1.072	1.248	1.003	1.158	1.025	1.075	1.252	1.001	1.157	1.014	1.070	1.065	1.087	1.115	1.084	1.134	
1.194	1.004	1.146	1.082	1.076	1.209	1.002	1.148	1.090	1.076	1.228	1.004	1.157	1.082	1.072	1.247	1.003	1.158	1.026	1.074	1.253	1.001	1.158	1.015	1.070	1.061	1.094	1.111	1.084	1.136	
1.194	1.004	1.146	1.081	1.076	1.209	1.003	1.149	1.090	1.076	1.228	1.004	1.156	1.082	1.073	1.248	1.003	1.158	1.025	1.075	1.254	1.001	1.158	1.015	1.071	1.062	1.099	1.104	1.090	1.130	
1.194	1.004	1.147	1.081	1.076	1.208	1.004	1.150	1.090	1.076	1.229	1.005	1.156	1.082	1.074	1.248	1.004	1.157	1.025	1.075	1.254	1.002	1.158	1.015	1.072	1.063	1.104	1.097	1.096	1.124	
1.194	1.004	1.147	1.080	1.077	1.208	1.004	1.151	1.090	1.077	1.229	1.005	1.156	1.082	1.075	1.248	1.004	1.157	1.024	1.076	1.254	1.002	1.158	1.016	1.074	1.065	1.109	1.090	1.102	1.118	
1.195	1.004	1.148	1.080	1.077	1.208	1.005	1.152	1.089	1.077	1.230	1.005	1.156	1.081	1.076	1.249	1.004	1.156	1.024	1.076	1.255	1.002	1.158	1.016	1.075	1.066	1.114	1.083	1.108	1.112	
1.195	1.004	1.148	1.080	1.077	1.208	1.005	1.152	1.089	1.077	1.230	1.005	1.156	1.081	1.076	1.249	1.004	1.157	1.024	1.077	1.254	1.002	1.159	1.016	1.074	1.072	1.112	1.080	1.110	1.108	
1.195	1.004	1.148	1.080	1.078	1.209	1.004	1.152	1.090	1.076	1.230	1.005	1.157	1.081	1.076	1.248	1.004	1.158	1.024	1.077	1.254	1.002	1.161	1.016	1.074	1.079	1.110	1.078	1.112	1.104	
1.196	1.004	1.148	1.080	1.078	1.209	1.004	1.152	1.090	1.076	1.230	1.005	1.157	1.081	1.076	1.248	1.004	1.159	1.024	1.077	1.253	1.002	1.162	1.015	1.074	1.086	1.109	1.075	1.115	1.100	
1.196	1.004	1.148	1.080	1.079	1.209	1.004	1.152	1.090	1.076	1.231	1.005	1.157	1.080	1.076	1.248	1.004	1.160	1.024	1.077	1.253	1.002	1.163	1.015	1.073	1.092	1.107	1.072	1.117	1.096	
1.196	1.004	1.148	1.080	1.079	1.210	1.004	1.151	1.090	1.077	1.231	1.005	1.158	1.081	1.076	1.249	1.004	1.160	1.025	1.077	1.254	1.002	1.164	1.016	1.073	1.096	1.100	1.076	1.112	1.098	
1.196	1.005	1.148	1.080	1.079	1.211	1.004	1.151	1.090	1.078	1.232	1.005	1.158	1.081	1.077	1.249	1.003	1.161	1.026	1.077	1.254	1.002	1.164	1.017	1.073	1.100	1.093	1.080	1.107	1.101	
1.196	1.005	1.149	1.080	1.079	1.211	1.004	1.151	1.091	1.079	1.232	1.005	1.159	1.081	1.078	1.249	1.003	1.161	1.026	1.078	1.255	1.002	1.165	1.018	1.073	1.105	1.086	1.084	1.102	1.104	
1.196	1.006	1.149	1.081	1.079	1.212	1.004	1.151	1.091	1.080	1.233	1.005	1.159	1.081	1.079	1.250	1.003	1.162	1.027	1.078	1.256	1.002	1.165	1.018	1.074	1.109	1.079	1.088	1.098	1.107	
1.196	1.005	1.149	1.081	1.080	1.211	1.004	1.151	1.091	1.080	1.233	1.005	1.159	1.081	1.078	1.249	1.003	1.162	1.027	1.078	1.256	1.002	1.164	1.017	1.074	1.104	1.075	1.092	1.093	1.112	
1.196	1.005	1.149	1.081	1.081	1.211	1.005	1.152	1.092	1.080	1.233	1.004	1.159	1.081	1.077	1.249	1.003	1.163	1.027	1.078	1.257	1.002	1.164	1.017	1.074	1.099	1.070	1.096	1.088	1.117	
1.195	1.005	1.148	1.081	1.081	1.210	1.005	1.152	1.092	1.079	1.233	1.004	1.159	1.081	1.077	1.249	1.003	1.163	1.027	1.078	1.257	1.003	1.164	1.016	1.075	1.094	1.066	1.100	1.083	1.123	
1.195	1.005	1.148	1.081	1.082	1.210	1.006	1.152	1.092	1.079	1.234	1.004	1.159	1.081	1.076	1.249	1.003	1.164	1.027	1.078	1.257	1.003	1.163	1.015	1.075	1.089	1.062	1.104	1.078	1.128	
1.196	1.004	1.149	1.081	1.082	1.210	1.005	1.153	1.092	1.079	1.234	1.004	1.160	1.081	1.077	1.250	1.003	1.164	1.027	1.079	1.257	1.002	1.163	1.015	1.076	1.082	1.064	1.101	1.080	1.128	
1.196	1.004	1.150	1.081	1.081	1.211	1.005	1.155	1.092	1.080	1.234	1.004	1.160	1.082	1.078	1.251	1.004	1.164	1.027	1.079	1.257	1.002	1.163	1.015	1.076	1.075	1.066	1.097	1.082	1.128	
1.197	1.004	1.150	1.081	1.081	1.211	1.005	1.156	1.092	1.080	1.234	1.004	1.160	1.082	1.078	1.252	1.004	1.165	1.027	1.080	1.257	1.001	1.163	1.015	1.077	1.067	1.068	1.094	1.084	1.128	
1.197	1.004	1.151	1.082	1.080	1.212	1.004	1.157	1.092	1.080	1.235	1.004	1.161	1.082	1.079	1.253	1.004	1.165	1.027	1.080	1.257	1.001	1.163	1.016	1.078	1.060	1.070	1.090	1.086	1.128	
1.197	1.004	1.151	1.082	1.080	1.212	1.004	1.157	1.092	1.080	1.235	1.004	1.161	1.083	1.079	1.252	1.004	1.164	1.027	1.081	1.258	1.001	1.163	1.016	1.077	1.058	1.075	1.083	1.091	1.122	
1.197	1.004	1.151	1.082	1.081	1.212	1.004	1.157	1.092	1.080	1.235	1.004	1.162	1.083	1.078	1.252	1.004	1.163	1.028	1.081	1.258	1.002	1.164	1.016	1.077	1.055	1.079	1.076	1.096	1.116	
1.197	1.004	1.151	1.082	1.081	1.212	1.004	1.157	1.092	1.081	1.235	1.004	1.162	1.083	1.078	1.251	1.003	1.162	1.028	1.081	1.258	1.002	1.164	1.015	1.076	1.052	1.084	1.068	1.102	1.110	
1.197	1.004	1.151	1.082	1.081	1.212	1.004	1.157	1.092	1.081	1.235	1.004	1.163	1.084	1.077	1.250	1.003	1.161	1.028	1.081	1.259	1.003	1.164	1.015	1.076	1.050	1.088	1.061	1.107	1.104	
1.198	1.005	1.151	1.082	1.081	1.212	1.004	1.158	1.091	1.081	1.236	1.004	1.163	1.083	1.078	1.250	1.003	1.161	1.028	1.082	1.258	1.003	1.165	1.015	1.076	1.054	1.087	1.062	1.109	1.100	
1.199	1.005	1.152	1.082	1.082	1.213	1.003	1.158	1.091	1.081	1.236	1.004	1.163	1.082	1.079	1.250	1.003	1.162	1.028	1.082	1.258	1.004	1.166	1.015	1.076	1.059	1.086	1.063	1.111	1.096	
1.200	1.005	1.153	1.082	1.082	1.213	1.002	1.159	1.091	1.081	1.236	1.004	1.163	1.081	1.080	1.250	1.003	1.163	1.027	1.082	1.257	1.004	1.166	1.015	1.077	1.064	1.085	1.063	1.113	1.092	
1.201	1.005	1.153	1.083	1.082	1.214	1.002	1.159	1.090	1.081	1.237	1.004	1.163	1.080	1.081	1.250	1.003	1.163	1.027	1.082	1.257	1.005	1.167	1.015	1.077	1.068	1.083	1.064	1.115	1.088	
1.200	1.005	1.153	1.082	1.083	1.214	1.003	1.159	1.091	1.082	1.236	1.004	1.164	1.081	1.082	1.250	1.003	1.164	1.027	1.082	1.257	1.005	1.168	1.014	1.077	1.073	1.076	1.069	1.110	1.092	
1.200	1.005	1.153	1.082	1.084	1.215	1.003	1.159	1.091	1.082	1.236	1.004	1.165	1.081	1.082	1.250	1.003	1.165	1.027	1.082	1.257	1.004	1.169	1.014	1.077	1.077	1.069	1.074	1.106	1.097	
1.199	1.005	1.154	1.081	1.085	1.215	1.004	1.159	1.091	1.082	1.235	1.005	1.165	1.081	1.083	1.250	1.002	1.166	1.027	1.083	1.257	1.004	1.171	1.014	1.078	1.081	1.062	1.078	1.101	1.101	
1.199	1.006	1.154	1.080	1.085	1.216	1.005	1.159	1.091	1.083	1.235	1.005	1.166	1.082	1.083	1.250	1.002	1.167	1.027	1.083	1.257	1.004	1.172	1.014	1.078	1.085	1.055	1.083	1.097	1.106	
1.199	1.006	1.154	1.080	1.085	1.216	1.004	1.159	1.091	1.083	1.235	1.005	1.166	1.082	1.083	1.250	1.003	1.167	1.027	1.083	1.258	1.003	1.172	1.014	1.078	1.081	1.053	1.086	1.092	1.113	
1.199	1.005	1.155	1.080	1.084	1.216	1.004	1.159	1.090	1.083	1.235	1.005	1.166	1.082	1.083	1.251	1.003	1.167	1.027	1.083	1.258	1.003	1.171	1.015	1.078	1.077	1.051	1.090	1.087	1.120	
1.199	1.005	1.155	1.080	1.084	1.216	1.003	1.159	1.090	1.082	1.235	1.005	1.166	1.083	1.083	1.252	1.004	1.167	1.027	1.083	1.258	1.002	1.171	1.015	1.079	1.072	1.049	1.093	1.082	1.127	
1.199	1.005	1.155	1.080	1.084	1.217	1.002	1.159	1.089	1.082	1.235	1.004	1.165	1.083	1.083	1.253	1.005	1.166	1.028	1.083	1.258	1.002	1.170	1.016	1.079	1.068	1.046	1.097	1.077	1.134	
1.199	1.005	1.155	1.080	1.083	1.217	1.002	1.160	1.089	1.083	1.235	1.004	1.166	1.082	1.083	1.253	1.005	1.167	1.027	1.083	1.258	1.002	1.171	1.016	1.079	1.062	1.051	1.093	1.080	1.135	
1.200	1.005	1.156	1.080	1.083	1.217	1.003	1.160	1.089	1.083	1.236	1.004	1.166	1.082	1.084	1.253	1.004	1.168	1.026	1.084	1.259	1.002	1.171	1.016	1.080	1.055	1.055	1.090	1.083	1.135	
1.200	1.005	1.156	1.081	1.083	1.218	1.003	1.161	1.090	1.083	1.236	1.005	1.166	1.082	1.085	1.253	1.004	1.168	1.026	1.084	1.259	1.003	1.172	1.016	1.081	1.049	1.060	1.087	1.085	1.135	
1.201	1.004	1.156	1.081	1.083	1.218	1.003	1.162	1.090	1.084	1.237	1.005	1.166	1.081	1.085	1.253	1.004	1.169	1.025	1.084	1.260	1.003	1.172	1.016	1.081	1.043	1.064	1.084	1.088	1.136	
1.201	1.004	1.156	1.081	1.084	1.218	1.003	1.162	1.090	1.084	1.237	1.005	1.166	1.081	1.085	1.253	1.004	1.169	1.025	1.084	1.260	1.003	1.172	1.015	1.081	1.042	1.068	1.078	1.096	1.128	
1.202	1.004	1.157	1.081	1.085	1.218	1.004	1.163	1.091	1.084	1.237	1.005	1.166	1.081	1.085	1.254	1.004	1.169	1.026	1.085	1.260	1.003	1.171	1.015	1.081	1.041	1.072	1.072	1.104	1.121	
1.202	1.003	1.157	1.081	1.085	1.218	1.004	1.164	1.092	1.085	1.237	1.005	1.166	1.081	1.085	1.254	1.004	1.169	1.026	1.085	1.260	1.002	1.170	1.014	1.081	1.040	1.077	1.066	1.113	1.113	
1.203	1.003	1.158	1.081	1.086	1.218	1.005	1.165	1.092	1.085	1.237	1.005	1.166	1.080	1.084	1.254	1.004	1.168	1.026	1.086	1.260	1.002	1.170	1.014	1.081	1.039	1.081	1.060	1.121	1.106	
1.203	1.003	1.158	1.081	1.086	1.218	1.005	1.165	1.092	1.085	1.237	1.005	1.167	1.081	1.085	1.254	1.004	1.168	1.026	1.086	1.261	1.002	1.171	1.014	1.081	1.045	1.079	1.061	1.122	1.101	
1.202	1.003	1.158	1.081	1.087	1.218	1.005	1.165	1.091	1.085	1.237	1.005	1.167	1.081	1.085	1.254	1.003	1.169	1.026	1.086	1.261	1.002	1.171	1.014	1.081	1.052	1.077	1.063	1.124	1.095	
1.202	1.004	1.158	1.081	1.087	1.218	1.005	1.165	1.091	1.086	1.237	1.004	1.168	1.082	1.086	1.254	1.002	1.169	1.025	1.086	1.262	1.002	1.172	1.014	1.081	1.058	1.076	1.065	1.126	1.090	
1.202	1.004	1.158	1.081	1.088	1.218	1.005	1.165	1.090	1.086	1.237	1.004	1.169	1.083	1.086	1.253	1.001	1.169	1.025	1.085	1.263	1.002	1.173	1.014	1.081	1.064	1.074	1.067	1.128	1.085	
1.202	1.004	1.159	1.081	1.088	1.218	1.005	1.165	1.090	1.087	1.237	1.004	1.169	1.083	1.086	1.254	1.002	1.169	1.025	1.086	1.263	1.002	1.173	1.014	1.081	1.066	1.068	1.074	1.122	1.087	
1.202	1.004	1.159	1.081	1.088	1.218	1.005	1.165	1.090	1.087	1.237	1.004	1.170	1.083	1.086	1.254	1.003	1.170	1.025	1.087	1.263	1.002	1.172	1.013	1.081	1.068	1.063	1.081	1.116	1.089	
1.203	1.005	1.159	1.081	1.088	1.218	1.005	1.165	1.090	1.088	1.236	1.003	1.170	1.083	1.085	1.254	1.003	1.170	1.024	1.087	1.262	1.002	1.172	1.013	1.081	1.070	1.057	1.089	1.110	1.091	
1.203	1.005	1.160	1.081	1.088	1.218	1.005	1.164	1.090	1.089	1.236	1.003	1.170	1.083	1.085	1.254	1.004	1.170	1.024	1.088	1.262	1.002	1.172	1.013	1.081	1.072	1.051	1.096	1.104	1.093	
1.203	1.005	1.160	1.081	1.089	1.218	1.005	1.165	1.091	1.089	1.236	1.004	1.170	1.083	1.085	1.254	1.004	1.172	1.024	1.088	1.263	1.003	1.173	1.013	1.081	1.068	1.050	1.102	1.096	1.098	
1.204	1.005	1.160	1.081	1.090	1.218	1.005	1.165	1.091	1.088	1.236	1.004	1.170	1.083	1.085	1.254	1.003	1.173	1.024	1.088	1.263	1.003	1.174	1.013	1.082	1.064	1.049	1.107	1.088	1.103	
1.204	1.005	1.160	1.082	1.090	1.218	1.005	1.165	1.091	1.088	1.236	1.005	1.171	1.083	1.085	1.254	1.003	1.174	1.024	1.088	1.264	1.003	1.175	1.013	1.082	1.059	1.047	1.113	1.081	1.108	
1.204	1.005	1.160	1.082	1.091	1.218	1.004	1.166	1.091	1.087	1.236	1.005	1.171	1.083	1.085	1.254	1.003	1.175	1.025	1.088	1.264	1.003	1.176	1.013	1.082	1.055	1.046	1.118	1.073	1.113	
1.204	1.005	1.160	1.081	1.091	1.219	1.005	1.166	1.091	1.087	1.236	1.006	1.171	1.083	1.086	1.254	1.004	1.175	1.024	1.088	1.264	1.003	1.176	1.012	1.083	1.050	1.052	1.113	1.073	1.113	
1.204	1.005	1.161	1.080	1.091	1.219	1.005	1.167	1.091	1.088	1.237	1.006	1.172	1.082	1.086	1.255	1.004	1.175	1.024	1.088	1.264	1.003	1.176	1.012	1.084	1.044	1.058	1.108	1.073	1.113	
1.204	1.005	1.161	1.080	1.092	1.219	1.005	1.168	1.090	1.088	1.237	1.006	1.173	1.082	1.087	1.255	1.004	1.175	1.024	1.088	1.264	1.003	1.176	1.012	1.085	1.038	1.065	1.103	1.074	1.113	
1.204	1.004	1.161	1.079	1.092	1.220	1.005	1.169	1.090	1.088	1.238	1.006	1.173	1.082	1.088	1.255	1.005	1.175	1.024	1.088	1.264	1.003	1.176	1.011	1.086	1.033	1.071	1.098	1.074	1.113	
1.204	1.005	1.162	1.079	1.091	1.220	1.005	1.169	1.090	1.089	1.238	1.006	1.173	1.082	1.088	1.256	1.005	1.175	1.024	1.088	1.264	1.003	1.177	1.011	1.086	1.034	1.078	1.090	1.078	1.109	
1.204	1.005	1.163	1.080	1.091	1.221	1.005	1.168	1.091	1.089	1.238	1.006	1.174	1.082	1.089	1.256	1.005	1.176	1.024	1.088	1.265	1.004	1.178	1.011	1.086	1.035	1.086	1.082	1.082	1.104	
1.205	1.005	1.164	1.080	1.091	1.221	1.005	1.168	1.091	1.089	1.238	1.006	1.174	1.082	1.089	1.257	1.005	1.176	1.024	1.089	1.265	1.004	1.179	1.011	1.086	1.036	1.093	1.074	1.086	1.100	
1.205	1.005	1.165	1.081	1.091	1.222	1.006	1.168	1.092	1.090	1.238	1.006	1.174	1.081	1.090	1.257	1.005	1.177	1.024	1.089	1.265	1.004	1.180	1.011	1.085	1.037	1.100	1.067	1.090	1.095	
1.205	1.005	1.165	1.081	1.091	1.221	1.006	1.168	1.091	1.090	1.238	1.005	1.174	1.082	1.090	1.257	1.005	1.177	1.024	1.089	1.266	1.004	1.179	1.012	1.086	1.044	1.098	1.064	1.091	1.094	
1.206	1.005	1.165	1.081	1.091	1.220	1.006	1.169	1.091	1.091	1.238	1.005	1.175	1.082	1.089	1.257	1.004	1.176	1.024	1.089	1.266	1.004	1.178	1.013	1.086	1.051	1.096	1.062	1.092	1.092	
1.206	1.005	1.165	1.081	1.091	1.220	1.007	1.169	1.090	1.091	1.239	1.005	1.175	1.082	1.089	1.256	1.003	1.176	1.024	1.089	1.266	1.004	1.177	1.014	1.087	1.058	1.094	1.059	1.094	1.091	
1.206	1.005	1.165	1.081	1.091	1.219	1.007	1.170	1.089	1.092	1.239	1.004	1.176	1.083	1.089	1.256	1.003	1.176	1.024	1.089	1.266	1.003	1.176	1.014	1.087	1.065	1.092	1.057	1.095	1.089	
1.206	1.006	1.165	1.081	1.091	1.219	1.007	1.170	1.090	1.092	1.239	1.004	1.176	1.083	1.089	1.257	1.003	1.177	1.024	1.089	1.267	1.003	1.177	1.015	1.087	1.070	1.084	1.062	1.090	1.096	
1.206	1.006	1.166	1.081	1.092	1.220	1.007	1.171	1.090	1.093	1.239	1.005	1.175	1.083	1.089	1.257	1.004	1.178	1.024	1.090	1.268	1.003	1.177	1.015	1.087	1.075	1.076	1.067	1.085	1.102	
1.206	1.006	1.166	1.081	1.092	1.220	1.007	1.171	1.091	1.093	1.240	1.005	1.175	1.083	1.089	1.258	1.004	1.180	1.024	1.091	1.269	1.002	1.178	1.016	1.087	1.080	1.068	1.072	1.080	1.109	
1.206	1.006	1.167	1.082	1.093	1.220	1.007	1.172	1.091	1.093	1.240	1.005	1.175	1.083	1.089	1.258	1.005	1.181	1.025	1.092	1.270	1.002	1.179	1.016	1.087	1.085	1.060	1.076	1.075	1.115	
1.206	1.006	1.167	1.081	1.093	1.220	1.007	1.172	1.091	1.093	1.240	1.005	1.176	1.083	1.090	1.259	1.005	1.181	1.025	1.092	1.270	1.002	1.179	1.015	1.088	1.081	1.055	1.078	1.073	1.124	
1.206	1.007	1.167	1.081	1.093	1.220	1.006	1.173	1.090	1.092	1.240	1.005	1.176	1.082	1.090	1.260	1.004	1.180	1.025	1.092	1.270	1.002	1.179	1.014	1.088	1.077	1.050	1.081	1.070	1.133	
1.207	1.007	1.167	1.080	1.093	1.220	1.005	1.173	1.090	1.092	1.241	1.005	1.177	1.082	1.090	1.260	1.004	1.180	1.025	1.092	1.271	1.003	1.180	1.013	1.088	1.073	1.046	1.083	1.067	1.141	
1.207	1.008	1.167	1.080	1.093	1.220	1.005	1.174	1.090	1.091	1.241	1.005	1.177	1.081	1.090	1.261	1.004	1.180	1.025	1.092	1.271	1.003	1.180	1.012	1.088	1.069	1.041	1.085	1.064	1.150	
1.206	1.008	1.167	1.080	1.093	1.221	1.005	1.174	1.090	1.092	1.241	1.005	1.177	1.082	1.090	1.261	1.004	1.180	1.025	1.092	1.271	1.004	1.181	1.012	1.088	1.062	1.044	1.080	1.070	1.151	
1.206	1.008	1.167	1.080	1.094	1.222	1.006	1.174	1.089	1.092	1.240	1.005	1.178	1.082	1.091	1.261	1.004	1.181	1.025	1.093	1.272	1.004	1.183	1.012	1.088	1.055	1.047	1.075	1.075	1.151	
1.206	1.007	1.166	1.080	1.094	1.223	1.007	1.174	1.089	1.093	1.240	1.005	1.178	1.083	1.091	1.261	1.004	1.181	1.025	1.093	1.272	1.004	1.184	1.012	1.088	1.048	1.051	1.071	1.080	1.152	
1.205	1.007	1.166	1.079	1.095	1.224	1.007	1.174	1.089	1.094	1.240	1.005	1.179	1.083	1.092	1.261	1.004	1.182	1.025	1.093	1.272	1.005	1.185	1.012	1.088	1.041	1.054	1.066	1.085	1.152	
1.206	1.007	1.167	1.080	1.095	1.224	1.007	1.175	1.089	1.095	1.240	1.005	1.179	1.083	1.092	1.261	1.004	1.182	1.024	1.094	1.272	1.004	1.185	1.013	1.089	1.038	1.058	1.063	1.093	1.145	
1.206	1.006	1.168	1.080	1.096	1.223	1.007	1.175	1.089	1.095	1.240	1.005	1.179	1.083	1.093	1.261	1.004	1.182	1.024	1.094	1.272	1.003	1.184	1.013	1.089	1.036	1.062	1.059	1.101	1.139	
1.207	1.006	1.169	1.080	1.096	1.223	1.006	1.176	1.089	1.096	1.241	1.004	1.180	1.082	1.094	1.261	1.005	1.181	1.024	1.094	1.271	1.003	1.183	1.013	1.090	1.033	1.066	1.055	1.109	1.132	
1.207	1.005	1.169	1.080	1.097	1.223	1.006	1.176	1.089	1.096	1.241	1.004	1.180	1.082	1.094	1.261	1.005	1.181	1.023	1.095	1.271	1.002	1.183	1.013	1.090	1.031	1.070	1.051	1.117	1.125	
1.207	1.005	1.170	1.080	1.097	1.223	1.006	1.176	1.089	1.096	1.241	1.004	1.181	1.082	1.094	1.261	1.005	1.181	1.023	1.095	1.271	1.003	1.183	1.013	1.090	1.035	1.068	1.053	1.121	1.121	
1.207	1.005	1.170	1.080	1.097	1.223	1.007	1.176	1.089	1.096	1.241	1.004	1.182	1.082	1.094	1.261	1.005	1.182	1.024	1.095	1.272	1.004	1.184	1.014	1.090	1.039	1.065	1.055	1.124	1.117	
1.207	1.006	1.170	1.080	1.097	1.223	1.007	1.176	1.089	1.095	1.241	1.004	1.182	1.082	1.093	1.261	1.005	1.182	1.024	1.095	1.272	1.004	1.184	1.014	1.090	1.043	1.063	1.057	1.128	1.112	
1.207	1.006	1.170	1.080	1.097	1.224	1.007	1.176	1.089	1.095	1.241	1.004	1.183	1.082	1.093	1.261	1.005	1.182	1.024	1.095	1.273	1.005	1.185	1.014	1.090	1.048	1.061	1.058	1.131	1.108	
1.207	1.006	1.171	1.079	1.097	1.223	1.007	1.177	1.089	1.096	1.242	1.004	1.183	1.082	1.093	1.262	1.005	1.183	1.024	1.095	1.273	1.005	1.185	1.013	1.090	1.050	1.055	1.066	1.126	1.112	
1.207	1.006	1.171	1.079	1.098	1.223	1.007	1.178	1.090	1.096	1.242	1.005	1.183	1.082	1.094	1.263	1.005	1.184	1.024	1.096	1.272	1.004	1.184	1.013	1.090	1.053	1.050	1.075	1.120	1.116	
1.207	1.006	1.171	1.079	1.098	1.223	1.006	1.179	1.090	1.097	1.242	1.005	1.183	1.082	1.094	1.263	1.004	1.184	1.024	1.096	1.272	1.003	1.184	1.012	1.090	1.056	1.044	1.083	1.115	1.119	
1.207	1.006	1.171	1.079	1.098	1.222	1.006	1.180	1.090	1.097	1.243	1.005	1.183	1.081	1.095	1.264	1.004	1.185	1.025	1.096	1.272	1.003	1.183	1.012	1.090	1.059	1.039	1.091	1.110	1.123	
1.207	1.006	1.172	1.079	1.098	1.222	1.006	1.179	1.090	1.097	1.243	1.006	1.183	1.081	1.095	1.264	1.004	1.185	1.024	1.096	1.273	1.003	1.184	1.012	1.091	1.055	1.038	1.095	1.104	1.129	
1.207	1.006	1.172	1.079	1.098	1.223	1.006	1.179	1.090	1.098	1.243	1.006	1.183	1.081	1.096	1.264	1.004	1.185	1.024	1.096	1.274	1.003	1.185	1.013	1.092	1.051	1.037	1.100	1.099	1.134	
1.208	1.006	1.172	1.079	1.099	1.223	1.006	1.179	1.091	1.098	1.243	1.006	1.184	1.081	1.096	1.264	1.004	1.186	1.023	1.096	1.275	1.002	1.186	1.013	1.092	1.047	1.036	1.105	1.093	1.140	
1.208	1.005	1.173	1.078	1.099	1.223	1.006	1.178	1.091	1.098	1.243	1.007	1.184	1.081	1.097	1.264	1.005	1.186	1.023	1.096	1.276	1.002	1.186	1.014	1.093	1.043	1.035	1.109	1.088	1.146	
1.208	1.006	1.173	1.079	1.099	1.224	1.006	1.178	1.090	1.098	1.243	1.006	1.184	1.081	1.097	1.264	1.005	1.186	1.023	1.096	1.276	1.003	1.187	1.013	1.093	1.038	1.042	1.105	1.089	1.147	
1.208	1.006	1.174	1.079	1.099	1.225	1.006	1.179	1.090	1.099	1.244	1.006	1.184	1.081	1.097	1.265	1.005	1.187	1.024	1.097	1.276	1.003	1.188	1.013	1.094	1.033	1.050	1.101	1.091	1.148	
1.208	1.006	1.174	1.079	1.100	1.225	1.006	1.179	1.090	1.099	1.244	1.005	1.184	1.081	1.096	1.265	1.005	1.187	1.024	1.098	1.276	1.004	1.188	1.012	1.095	1.028	1.058	1.097	1.093	1.150	
1.208	1.006	1.175	1.080	1.100	1.226	1.006	1.179	1.089	1.099	1.244	1.005	1.184	1.082	1.096	1.265	1.005	1.187	1.025	1.098	1.276	1.005	1.189	1.012	1.096	1.023	1.066	1.094	1.094	1.151	
1.208	1.006	1.175	1.080	1.100	1.225	1.006	1.180	1.090	1.099	1.245	1.005	1.185	1.081	1.097	1.266	1.005	1.187	1.025	1.098	1.277	1.004	1.189	1.012	1.096	1.025	1.072	1.087	1.101	1.146	
1.208	1.006	1.175	1.080	1.100	1.225	1.006	1.180	1.090	1.099	1.245	1.005	1.185	1.081	1.097	1.266	1.006	1.186	1.026	1.098	1.278	1.003	1.189	1.011	1.095	1.026	1.077	1.081	1.108	1.142	
1.208	1.006	1.176	1.080	1.101	1.224	1.006	1.181	1.090	1.099	1.245	1.006	1.186	1.081	1.098	1.266	1.006	1.186	1.026	1.098	1.278	1.003	1.189	1.011	1.095	1.028	1.082	1.074	1.115	1.137	
1.208	1.006	1.176	1.080	1.101	1.223	1.006	1.182	1.090	1.099	1.245	1.006	1.186	1.081	1.099	1.267	1.006	1.185	1.026	1.098	1.279	1.002	1.189	1.011	1.095	1.029	1.088	1.068	1.122	1.132	
1.208	1.006	1.177	1.081	1.101	1.224	1.006	1.182	1.090	1.100	1.245	1.006	1.187	1.081	1.099	1.267	1.005	1.186	1.026	1.098	1.279	1.002	1.190	1.011	1.095	1.037	1.086	1.068	1.124	1.129	
1.209	1.006	1.178	1.081	1.101	1.225	1.006	1.183	1.089	1.100	1.245	1.006	1.187	1.082	1.100	1.268	1.005	1.188	1.026	1.099	1.279	1.002	1.191	1.011	1.095	1.044	1.084	1.067	1.127	1.126	
1.209	1.006	1.180	1.081	1.101	1.226	1.006	1.183	1.089	1.101	1.245	1.005	1.187	1.082	1.100	1.268	1.004	1.189	1.025	1.100	1.279	1.003	1.192	1.011	1.095	1.051	1.082	1.067	1.129	1.122	
1.210	1.007	1.181	1.081	1.101	1.227	1.005	1.184	1.088	1.102	1.245	1.005	1.188	1.082	1.100	1.269	1.004	1.190	1.025	1.100	1.280	1.003	1.193	1.011	1.096	1.059	1.080	1.067	1.131	1.119	
1.210	1.007	1.180	1.081	1.101	1.227	1.005	1.184	1.088	1.101	1.245	1.006	1.188	1.082	1.101	1.269	1.004	1.190	1.025	1.100	1.280	1.003	1.193	1.012	1.096	1.063	1.073	1.073	1.128	1.124	
1.210	1.007	1.180	1.080	1.102	1.227	1.005	1.184	1.088	1.101	1.246	1.006	1.189	1.081	1.101	1.269	1.004	1.190	1.025	1.100	1.280	1.004	1.192	1.013	1.096	1.068	1.066	1.079	1.124	1.129	
1.210	1.008	1.179	1.079	1.102	1.227	1.005	1.184	1.088	1.101	1.246	1.006	1.189	1.081	1.101	1.269	1.005	1.191	1.026	1.100	1.280	1.004	1.192	1.014	1.096	1.073	1.059	1.085	1.120	1.134	
1.210	1.008	1.179	1.079	1.103	1.227	1.005	1.184	1.088	1.101	1.247	1.007	1.190	1.080	1.102	1.269	1.005	1.191	1.026	1.100	1.280	1.004	1.192	1.015	1.096	1.078	1.052	1.091	1.116	1.140	
1.210	1.008	1.179	1.080	1.104	1.226	1.005	1.184	1.088	1.102	1.247	1.006	1.190	1.080	1.102	1.269	1.005	1.191	1.025	1.100	1.280	1.004	1.193	1.015	1.096	1.073	1.049	1.095	1.111	1.147	
1.209	1.008	1.179	1.080	1.104	1.226	1.005	1.184	1.089	1.102	1.248	1.006	1.191	1.080	1.102	1.270	1.005	1.192	1.025	1.100	1.280	1.004	1.193	1.015	1.096	1.069	1.046	1.099	1.106	1.155	
1.209	1.007	1.179	1.081	1.105	1.225	1.005	1.185	1.089	1.102	1.248	1.006	1.192	1.080	1.102	1.270	1.005	1.192	1.024	1.101	1.281	1.004	1.194	1.015	1.097	1.064	1.042	1.103	1.101	1.163	
1.209	1.007	1.179	1.082	1.105	1.225	1.005	1.185	1.089	1.102	1.249	1.006	1.192	1.080	1.102	1.270	1.005	1.192	1.023	1.101	1.281	1.004	1.194	1.015	1.097	1.060	1.039	1.107	1.096	1.171	
1.209	1.007	1.180	1.081	1.105	1.225	1.005	1.185	1.090	1.102	1.249	1.006	1.193	1.080	1.101	1.271	1.005	1.192	1.023	1.101	1.281	1.004	1.194	1.015	1.097	1.052	1.044	1.105	1.100	1.170	
1.210	1.007	1.181	1.081	1.105	1.224	1.005	1.185	1.090	1.103	1.250	1.006	1.193	1.080	1.101	1.271	1.005	1.192	1.023	1.102	1.282	1.004	1.194	1.015	1.097	1.045	1.048	1.103	1.103	1.169	
1.211	1.007	1.182	1.080	1.104	1.224	1.005	1.185	1.090	1.103	1.251	1.006	1.193	1.080	1.100	1.272	1.005	1.192	1.022	1.102	1.282	1.004	1.195	1.015	1.098	1.037	1.053	1.101	1.107	1.168	
1.211	1.007	1.183	1.079	1.104	1.224	1.005	1.185	1.091	1.104	1.252	1.006	1.194	1.080	1.099	1.272	1.004	1.192	1.022	1.103	1.282	1.004	1.195	1.015	1.098	1.030	1.058	1.099	1.110	1.168	
1.212	1.007	1.184	1.079	1.104	1.224	1.005	1.186	1.090	1.104	1.251	1.005	1.194	1.080	1.100	1.273	1.005	1.193	1.022	1.103	1.283	1.004	1.195	1.015	1.098	1.028	1.064	1.094	1.118	1.161	
1.212	1.006	1.184	1.079	1.105	1.224	1.005	1.187	1.090	1.105	1.251	1.005	1.194	1.080	1.101	1.273	1.005	1.194	1.023	1.103	1.284	1.004	1.195	1.014	1.098	1.027	1.070	1.088	1.125	1.154	
1.212	1.006	1.184	1.079	1.105	1.225	1.006	1.187	1.090	1.105	1.251	1.005	1.194	1.080	1.102	1.274	1.005	1.195	1.023	1.103	1.284	1.004	1.195	1.013	1.098	1.026	1.076	1.082	1.133	1.147	
1.213	1.005	1.184	1.079	1.105	1.225	1.006	1.188	1.089	1.106	1.251	1.005	1.194	1.081	1.103	1.275	1.005	1.196	1.024	1.103	1.285	1.003	1.194	1.012	1.098	1.024	1.083	1.077	1.140	1.140	
1.212	1.005	1.184	1.079	1.106	1.225	1.006	1.188	1.089	1.106	1.251	1.005	1.195	1.080	1.103	1.275	1.005	1.196	1.023	1.104	1.286	1.004	1.195	1.011	1.098	1.030	1.082	1.077	1.141	1.135	
1.212	1.006	1.184	1.080	1.107	1.225	1.006	1.188	1.090	1.106	1.250	1.005	1.196	1.080	1.103	1.275	1.005	1.196	1.023	1.104	1.287	1.004	1.195	1.010	1.098	1.036	1.081	1.078	1.143	1.130	
1.211	1.006	1.183	1.080	1.107	1.226	1.005	1.188	1.090	1.106	1.250	1.006	1.196	1.080	1.103	1.276	1.005	1.197	1.023	1.104	1.288	1.004	1.195	1.010	1.098	1.042	1.080	1.079	1.144	1.126	
1.211	1.006	1.183	1.080	1.108	1.226	1.005	1.188	1.090	1.105	1.250	1.006	1.197	1.080	1.103	1.276	1.005	1.197	1.023	1.104	1.289	1.004	1.195	1.009	1.098	1.047	1.078	1.080	1.145	1.121	
1.211	1.006	1.184	1.080	1.108	1.226	1.005	1.189	1.090	1.106	1.250	1.006	1.197	1.080	1.104	1.276	1.005	1.197	1.023	1.104	1.289	1.004	1.196	1.010	1.099	1.052	1.074	1.087	1.139	1.126	
1.212	1.006	1.185	1.080	1.107	1.226	1.006	1.189	1.089	1.106	1.251	1.005	1.197	1.080	1.105	1.276	1.005	1.197	1.023	1.105	1.289	1.004	1.197	1.011	1.100	1.056	1.069	1.095	1.133	1.130	
1.213	1.006	1.186	1.080	1.107	1.227	1.006	1.189	1.089	1.106	1.251	1.005	1.197	1.080	1.106	1.275	1.006	1.197	1.023	1.106	1.289	1.005	1.197	1.012	1.101	1.060	1.065	1.102	1.128	1.134	
1.214	1.006	1.186	1.080	1.107	1.227	1.006	1.190	1.089	1.106	1.251	1.005	1.198	1.080	1.107	1.275	1.006	1.197	1.023	1.106	1.289	1.005	1.198	1.014	1.101	1.064	1.060	1.110	1.122	1.139	
1.213	1.007	1.186	1.080	1.108	1.227	1.007	1.190	1.089	1.106	1.251	1.006	1.198	1.079	1.106	1.276	1.005	1.198	1.023	1.106	1.290	1.005	1.199	1.014	1.101	1.062	1.058	1.114	1.116	1.144	
1.213	1.007	1.187	1.080	1.109	1.228	1.007	1.190	1.089	1.106	1.252	1.006	1.198	1.079	1.106	1.276	1.005	1.198	1.023	1.106	1.291	1.005	1.200	1.014	1.101	1.060	1.057	1.119	1.110	1.149	
1.212	1.008	1.187	1.080	1.109	1.228	1.008	1.190	1.088	1.107	1.252	1.007	1.198	1.079	1.106	1.276	1.005	1.198	1.023	1.106	1.291	1.005	1.201	1.014	1.100	1.058	1.055	1.123	1.104	1.155	
1.212	1.008	1.187	1.080	1.110	1.228	1.008	1.190	1.088	1.107	1.253	1.007	1.198	1.079	1.105	1.277	1.004	1.199	1.023	1.106	1.292	1.005	1.202	1.015	1.100	1.056	1.053	1.127	1.098	1.160	
1.212	1.009	1.187	1.080	1.110	1.229	1.008	1.191	1.088	1.107	1.253	1.006	1.198	1.079	1.106	1.277	1.005	1.199	1.023	1.107	1.292	1.005	1.202	1.014	1.101	1.051	1.059	1.123	1.100	1.160	
1.213	1.009	1.187	1.079	1.110	1.230	1.008	1.191	1.088	1.108	1.254	1.006	1.199	1.080	1.107	1.278	1.005	1.200	1.022	1.107	1.292	1.004	1.201	1.013	1.102	1.046	1.065	1.118	1.103	1.159	
1.213	1.009	1.187	1.079	1.110	1.231	1.007	1.192	1.089	1.109	1.255	1.005	1.199	1.080	1.108	1.278	1.005	1.200	1.022	1.107	1.292	1.004	1.201	1.012	1.103	1.041	1.072	1.114	1.105	1.158	
1.214	1.010	1.187	1.079	1.110	1.232	1.007	1.192	1.089	1.110	1.256	1.005	1.199	1.080	1.109	1.278	1.006	1.201	1.021	1.107	1.293	1.003	1.201	1.011	1.104	1.035	1.078	1.109	1.108	1.157	
1.214	1.009	1.187	1.079	1.110	1.232	1.006	1.193	1.089	1.109	1.257	1.005	1.200	1.081	1.108	1.279	1.006	1.202	1.021	1.107	1.293	1.004	1.201	1.011	1.104	1.036	1.084	1.102	1.114	1.151	
1.214	1.009	1.187	1.079	1.109	1.232	1.006	1.193	1.089	1.109	1.257	1.006	1.200	1.081	1.108	1.279	1.006	1.202	1.022	1.107	1.294	1.004	1.202	1.011	1.104	1.037	1.091	1.095	1.121	1.146	
1.214	1.008	1.188	1.080	1.109	1.232	1.006	1.193	1.089	1.109	1.258	1.006	1.200	1.081	1.108	1.279	1.006	1.203	1.022	1.107	1.294	1.004	1.203	1.010	1.104	1.037	1.097	1.088	1.128	1.140	
1.214	1.008	1.188	1.080	1.109	1.232	1.006	1.194	1.089	1.108	1.258	1.007	1.201	1.082	1.107	1.280	1.006	1.203	1.022	1.107	1.295	1.005	1.203	1.010	1.103	1.038	1.104	1.081	1.134	1.135	
1.214	1.008	1.188	1.080	1.110	1.232	1.006	1.194	1.089	1.109	1.258	1.007	1.201	1.081	1.108	1.280	1.006	1.203	1.023	1.108	1.295	1.004	1.203	1.011	1.104	1.045	1.102	1.081	1.135	1.133	
1.214	1.008	1.189	1.080	1.110	1.232	1.006	1.195	1.090	1.109	1.258	1.007	1.201	1.081	1.108	1.281	1.006	1.203	1.023	1.108	1.296	1.004	1.203	1.011	1.104	1.052	1.099	1.080	1.137	1.132	
1.214	1.007	1.189	1.080	1.110	1.232	1.006	1.196	1.090	1.110	1.258	1.007	1.201	1.080	1.109	1.281	1.006	1.203	1.023	1.108	1.296	1.004	1.203	1.011	1.105	1.060	1.097	1.080	1.138	1.130	
1.215	1.007	1.190	1.079	1.111	1.232	1.007	1.197	1.091	1.110	1.258	1.007	1.200	1.080	1.110	1.281	1.006	1.203	1.023	1.109	1.297	1.004	1.203	1.012	1.105	1.067	1.095	1.079	1.139	1.129	
1.215	1.007	1.190	1.079	1.112	1.232	1.007	1.197	1.090	1.111	1.259	1.007	1.201	1.080	1.110	1.282	1.006	1.203	1.023	1.109	1.297	1.004	1.203	1.012	1.105	1.072	1.089	1.086	1.134	1.137	
1.215	1.008	1.190	1.079	1.113	1.233	1.007	1.197	1.090	1.112	1.260	1.007	1.202	1.080	1.110	1.282	1.006	1.203	1.023	1.109	1.298	1.004	1.203	1.012	1.105	1.076	1.082	1.093	1.129	1.144	
1.216	1.008	1.191	1.079	1.113	1.234	1.007	1.197	1.089	1.112	1.261	1.007	1.203	1.081	1.110	1.283	1.006	1.203	1.023	1.110	1.298	1.004	1.203	1.012	1.106	1.081	1.075	1.100	1.124	1.152	
1.216	1.008	1.191	1.079	1.114	1.234	1.007	1.197	1.089	1.113	1.262	1.007	1.204	1.081	1.110	1.283	1.005	1.203	1.023	1.110	1.298	1.004	1.204	1.013	1.106	1.086	1.068	1.106	1.119	1.160	
1.216	1.008	1.191	1.079	1.114	1.234	1.007	1.197	1.089	1.113	1.261	1.007	1.204	1.081	1.110	1.284	1.005	1.203	1.023	1.110	1.299	1.004	1.204	1.013	1.107	1.082	1.065	1.109	1.117	1.167	
1.216	1.008	1.192	1.079	1.114	1.234	1.007	1.198	1.089	1.113	1.261	1.006	1.203	1.080	1.111	1.284	1.005	1.203	1.022	1.111	1.300	1.004	1.204	1.013	1.107	1.078	1.062	1.111	1.114	1.175	
1.216	1.008	1.192	1.080	1.114	1.234	1.007	1.198	1.090	1.113	1.261	1.006	1.203	1.080	1.111	1.285	1.005	1.203	1.022	1.111	1.301	1.004	1.204	1.013	1.108	1.074	1.058	1.114	1.111	1.182	
1.216	1.008	1.193	1.080	1.114	1.233	1.007	1.198	1.090	1.113	1.260	1.005	1.202	1.079	1.112	1.285	1.005	1.204	1.021	1.112	1.302	1.004	1.204	1.013	1.109	1.070	1.055	1.116	1.109	1.189	
1.217	1.008	1.193	1.080	1.114	1.234	1.008	1.199	1.090	1.114	1.261	1.005	1.203	1.079	1.111	1.286	1.005	1.205	1.021	1.112	1.303	1.004	1.206	1.012	1.109	1.064	1.060	1.114	1.114	1.190	
1.218	1.008	1.193	1.080	1.114	1.234	1.008	1.200	1.090	1.114	1.261	1.005	1.203	1.079	1.111	1.287	1.006	1.206	1.022	1.112	1.304	1.004	1.207	1.011	1.110	1.057	1.064	1.111	1.120	1.190	
1.218	1.008	1.193	1.080	1.114	1.235	1.008	1.200	1.090	1.114	1.261	1.005	1.204	1.079	1.111	1.288	1.006	1.207	1.022	1.112	1.305	1.004	1.208	1.011	1.110	1.050	1.069	1.108	1.125	1.191	
1.219	1.008	1.193	1.080	1.114	1.235	1.008	1.201	1.089	1.114	1.261	1.005	1.205	1.079	1.110	1.289	1.007	1.207	1.022	1.111	1.306	1.004	1.209	1.010	1.110	1.044	1.074	1.105	1.130	1.191	
1.219	1.008	1.194	1.080	1.114	1.235	1.008	1.201	1.090	1.114	1.262	1.005	1.206	1.078	1.111	1.289	1.006	1.208	1.022	1.112	1.307	1.004	1.209	1.010	1.109	1.042	1.080	1.101	1.138	1.184	
1.219	1.008	1.194	1.080	1.114	1.235	1.008	1.200	1.090	1.114	1.262	1.006	1.207	1.078	1.112	1.289	1.006	1.208	1.022	1.112	1.307	1.004	1.209	1.010	1.108	1.040	1.086	1.097	1.146	1.176	
1.218	1.008	1.195	1.080	1.114	1.235	1.008	1.200	1.090	1.114	1.262	1.006	1.208	1.078	1.112	1.289	1.005	1.209	1.022	1.113	1.308	1.004	1.208	1.010	1.107	1.039	1.092	1.093	1.154	1.169	
1.218	1.008	1.195	1.079	1.114	1.235	1.008	1.199	1.090	1.114	1.263	1.006	1.209	1.077	1.113	1.289	1.004	1.209	1.023	1.113	1.308	1.004	1.208	1.009	1.106	1.037	1.098	1.089	1.162	1.161	
1.219	1.008	1.195	1.079	1.115	1.236	1.007	1.200	1.090	1.114	1.263	1.006	1.209	1.078	1.114	1.290	1.005	1.209	1.023	1.113	1.309	1.004	1.208	1.010	1.108	1.043	1.096	1.092	1.164	1.158	
1.219	1.008	1.195	1.079	1.115	1.236	1.007	1.201	1.090	1.114	1.264	1.006	1.208	1.079	1.114	1.291	1.005	1.208	1.023	1.113	1.309	1.004	1.208	1.011	1.109	1.049	1.094	1.094	1.167	1.154	
1.220	1.008	1.196	1.079	1.115	1.237	1.007	1.201	1.089	1.114	1.265	1.006	1.208	1.080	1.115	1.292	1.005	1.208	1.023	1.113	1.309	1.005	1.209	1.011	1.111	1.056	1.092	1.097	1.169	1.150	
1.220	1.008	1.196	1.079	1.115	1.238	1.006	1.202	1.089	1.114	1.265	1.006	1.207	1.081	1.115	1.293	1.006	1.208	1.023	1.113	1.310	1.005	1.209	1.012	1.112	1.062	1.090	1.099	1.172	1.147	
1.221	1.008	1.196	1.079	1.116	1.238	1.006	1.202	1.089	1.115	1.265	1.006	1.208	1.080	1.115	1.293	1.006	1.209	1.023	1.114	1.311	1.005	1.210	1.012	1.112	1.066	1.086	1.107	1.165	1.150	
1.221	1.008	1.196	1.079	1.117	1.238	1.006	1.202	1.090	1.116	1.265	1.006	1.209	1.080	1.115	1.294	1.006	1.210	1.023	1.115	1.312	1.004	1.211	1.012	1.112	1.070	1.082	1.115	1.159	1.154	
1.221	1.008	1.197	1.079	1.117	1.238	1.007	1.202	1.090	1.118	1.265	1.006	1.210	1.080	1.115	1.294	1.007	1.210	1.023	1.115	1.313	1.004	1.211	1.012	1.113	1.074	1.077	1.124	1.152	1.157	
1.221	1.008	1.197	1.079	1.118	1.237	1.007	1.202	1.090	1.119	1.265	1.006	1.211	1.080	1.115	1.295	1.007	1.211	1.023	1.116	1.314	1.004	1.212	1.012	1.113	1.078	1.073	1.132	1.146	1.161	
1.222	1.008	1.198	1.079	1.118	1.238	1.007	1.204	1.089	1.119	1.265	1.006	1.212	1.080	1.116	1.296	1.007	1.211	1.023	1.116	1.314	1.004	1.213	1.011	1.113	1.075	1.072	1.137	1.139	1.166	
1.222	1.009	1.198	1.079	1.118	1.239	1.007	1.205	1.088	1.118	1.266	1.006	1.212	1.080	1.116	1.297	1.007	1.212	1.023	1.116	1.315	1.004	1.214	1.011	1.112	1.072	1.071	1.142	1.133	1.172	
1.222	1.009	1.199	1.079	1.119	1.239	1.007	1.206	1.087	1.118	1.266	1.006	1.212	1.080	1.117	1.297	1.007	1.212	1.023	1.116	1.315	1.004	1.214	1.010	1.112	1.069	1.070	1.147	1.126	1.177	
1.222	1.009	1.199	1.079	1.119	1.240	1.007	1.208	1.087	1.118	1.266	1.007	1.212	1.081	1.117	1.298	1.006	1.212	1.023	1.115	1.315	1.004	1.215	1.010	1.112	1.067	1.069	1.152	1.120	1.183	
1.223	1.010	1.199	1.079	1.119	1.240	1.007	1.207	1.087	1.119	1.266	1.006	1.212	1.081	1.117	1.298	1.007	1.212	1.023	1.116	1.317	1.004	1.214	1.009	1.112	1.061	1.076	1.147	1.122	1.181	
1.223	1.010	1.199	1.080	1.119	1.240	1.007	1.207	1.087	1.119	1.266	1.006	1.212	1.081	1.118	1.299	1.007	1.212	1.023	1.116	1.318	1.004	1.214	1.009	1.112	1.056	1.083	1.142	1.125	1.180	
1.224	1.010	1.200	1.081	1.120	1.241	1.007	1.207	1.088	1.119	1.267	1.006	1.212	1.081	1.118	1.299	1.007	1.213	1.022	1.116	1.320	1.004	1.213	1.008	1.113	1.051	1.090	1.137	1.127	1.179	
1.224	1.011	1.200	1.081	1.120	1.241	1.008	1.206	1.088	1.120	1.267	1.006	1.213	1.081	1.118	1.299	1.007	1.213	1.022	1.116	1.321	1.004	1.212	1.008	1.113	1.046	1.098	1.131	1.130	1.178	
1.225	1.011	1.200	1.081	1.120	1.241	1.008	1.207	1.089	1.120	1.268	1.006	1.213	1.081	1.118	1.299	1.007	1.214	1.022	1.116	1.322	1.005	1.214	1.009	1.113	1.048	1.106	1.124	1.135	1.173	
1.226	1.010	1.200	1.081	1.121	1.241	1.008	1.207	1.089	1.120	1.270	1.007	1.214	1.081	1.118	1.299	1.007	1.214	1.021	1.117	1.322	1.005	1.216	1.010	1.114	1.050	1.114	1.117	1.140	1.168	
1.226	1.010	1.200	1.081	1.121	1.241	1.008	1.207	1.089	1.121	1.271	1.007	1.215	1.081	1.119	1.299	1.007	1.215	1.021	1.118	1.323	1.005	1.217	1.012	1.115	1.052	1.122	1.110	1.145	1.163	
1.227	1.010	1.200	1.081	1.122	1.242	1.008	1.208	1.089	1.121	1.273	1.008	1.216	1.081	1.119	1.299	1.007	1.215	1.021	1.119	1.323	1.005	1.219	1.013	1.115	1.054	1.130	1.103	1.150	1.159	
1.227	1.010	1.201	1.081	1.122	1.242	1.008	1.208	1.089	1.121	1.273	1.008	1.216	1.081	1.119	1.301	1.007	1.215	1.021	1.119	1.324	1.005	1.218	1.011	1.116	1.062	1.128	1.103	1.151	1.159	
1.227	1.009	1.202	1.080	1.122	1.243	1.008	1.208	1.088	1.121	1.273	1.008	1.216	1.081	1.120	1.302	1.007	1.216	1.021	1.119	1.325	1.005	1.218	1.010	1.116	1.071	1.127	1.102	1.152	1.159	
1.226	1.009	1.203	1.080	1.122	1.244	1.008	1.209	1.088	1.121	1.273	1.008	1.216	1.081	1.120	1.303	1.007	1.216	1.021	1.119	1.326	1.005	1.217	1.008	1.116	1.080	1.125	1.101	1.153	1.159	
1.226	1.009	1.203	1.079	1.122	1.244	1.008	1.209	1.087	1.121	1.273	1.008	1.215	1.081	1.120	1.305	1.007	1.217	1.022	1.120	1.327	1.005	1.216	1.007	1.116	1.089	1.123	1.101	1.154	1.160	
1.227	1.009	1.204	1.079	1.123	1.245	1.008	1.209	1.088	1.122	1.274	1.008	1.216	1.081	1.121	1.305	1.007	1.217	1.021	1.120	1.327	1.005	1.217	1.008	1.116	1.094	1.115	1.106	1.149	1.168	
1.227	1.009	1.204	1.079	1.124	1.245	1.008	1.209	1.088	1.122	1.274	1.007	1.217	1.081	1.121	1.306	1.007	1.217	1.021	1.120	1.327	1.005	1.219	1.010	1.115	1.099	1.107	1.111	1.144	1.177	
1.227	1.009	1.205	1.079	1.125	1.246	1.008	1.209	1.089	1.123	1.275	1.007	1.218	1.081	1.121	1.306	1.006	1.217	1.021	1.120	1.328	1.005	1.220	1.011	1.115	1.104	1.099	1.116	1.140	1.186	
1.228	1.009	1.205	1.079	1.126	1.246	1.008	1.209	1.089	1.123	1.276	1.006	1.219	1.081	1.122	1.307	1.006	1.217	1.021	1.121	1.328	1.005	1.221	1.013	1.115	1.110	1.092	1.121	1.135	1.194	
1.228	1.009	1.206	1.079	1.126	1.246	1.008	1.210	1.089	1.124	1.276	1.007	1.219	1.081	1.122	1.307	1.006	1.218	1.021	1.121	1.329	1.005	1.221	1.012	1.115	1.107	1.088	1.123	1.133	1.202	
1.228	1.008	1.206	1.079	1.126	1.246	1.009	1.211	1.089	1.124	1.276	1.007	1.219	1.080	1.121	1.307	1.007	1.218	1.021	1.122	1.329	1.005	1.221	1.012	1.116	1.103	1.084	1.125	1.132	1.210	
1.228	1.008	1.207	1.079	1.126	1.245	1.010	1.212	1.089	1.124	1.276	1.008	1.220	1.080	1.121	1.308	1.007	1.219	1.021	1.122	1.329	1.005	1.221	1.012	1.117	1.100	1.080	1.127	1.130	1.218	
1.229	1.008	1.207	1.079	1.127	1.245	1.010	1.213	1.089	1.124	1.276	1.008	1.220	1.079	1.121	1.308	1.007	1.220	1.021	1.123	1.329	1.005	1.221	1.012	1.118	1.097	1.076	1.129	1.129	1.226	
1.229	1.008	1.208	1.079	1.127	1.245	1.010	1.213	1.089	1.124	1.278	1.009	1.220	1.079	1.122	1.309	1.007	1.220	1.021	1.123	1.330	1.005	1.221	1.011	1.118	1.089	1.080	1.126	1.136	1.224	
1.229	1.009	1.208	1.079	1.127	1.245	1.009	1.213	1.089	1.124	1.279	1.009	1.221	1.079	1.122	1.310	1.007	1.221	1.021	1.123	1.331	1.006	1.222	1.011	1.118	1.081	1.083	1.122	1.143	1.222	
1.229	1.009	1.208	1.079	1.127	1.246	1.009	1.214	1.089	1.124	1.280	1.009	1.221	1.079	1.123	1.311	1.007	1.221	1.021	1.123	1.332	1.006	1.223	1.011	1.119	1.073	1.087	1.119	1.151	1.220	
1.230	1.009	1.208	1.079	1.127	1.246	1.008	1.214	1.089	1.124	1.281	1.009	1.222	1.079	1.124	1.311	1.006	1.222	1.021	1.123	1.333	1.006	1.224	1.011	1.119	1.065	1.091	1.116	1.158	1.217	
1.230	1.009	1.208	1.078	1.127	1.246	1.008	1.215	1.089	1.124	1.281	1.009	1.222	1.079	1.124	1.312	1.007	1.222	1.021	1.123	1.334	1.006	1.224	1.010	1.119	1.063	1.095	1.112	1.168	1.208	
1.230	1.009	1.208	1.078	1.127	1.247	1.009	1.215	1.088	1.125	1.282	1.008	1.222	1.079	1.125	1.313	1.007	1.221	1.022	1.124	1.334	1.005	1.225	1.009	1.120	1.062	1.100	1.108	1.178	1.198	
1.230	1.009	1.207	1.078	1.127	1.247	1.009	1.216	1.088	1.125	1.282	1.007	1.222	1.079	1.125	1.314	1.007	1.221	1.022	1.124	1.334	1.005	1.225	1.009	1.121	1.060	1.104	1.104	1.188	1.189	
1.231	1.009	1.207	1.077	1.127	1.248	1.009	1.217	1.087	1.125	1.283	1.007	1.222	1.079	1.126	1.315	1.007	1.221	1.022	1.125	1.334	1.004	1.225	1.008	1.121	1.058	1.109	1.100	1.198	1.179	
1.231	1.009	1.208	1.077	1.127	1.249	1.009	1.217	1.088	1.125	1.283	1.007	1.223	1.079	1.126	1.316	1.007	1.222	1.022	1.125	1.336	1.005	1.225	1.009	1.121	1.064	1.107	1.105	1.199	1.175	
1.232	1.009	1.209	1.078	1.128	1.250	1.009	1.217	1.088	1.126	1.283	1.007	1.223	1.080	1.126	1.316	1.007	1.223	1.023	1.125	1.338	1.005	1.224	1.009	1.121	1.069	1.104	1.110	1.200	1.172	
1.233	1.009	1.210	1.078	1.129	1.252	1.008	1.218	1.088	1.126	1.283	1.007	1.224	1.080	1.126	1.317	1.008	1.224	1.023	1.125	1.340	1.006	1.224	1.010	1.120	1.075	1.102	1.115	1.201	1.168	
1.233	1.009	1.211	1.078	1.129	1.253	1.008	1.218	1.089	1.127	1.284	1.008	1.224	1.081	1.127	1.317	1.008	1.225	1.023	1.125	1.342	1.006	1.224	1.010	1.120	1.081	1.099	1.120	1.202	1.164	
1.233	1.009	1.212	1.079	1.130	1.253	1.008	1.218	1.089	1.128	1.284	1.008	1.224	1.081	1.127	1.319	1.008	1.225	1.023	1.126	1.343	1.006	1.224	1.010	1.120	1.084	1.095	1.131	1.193	1.169	
1.233	1.009	1.212	1.079	1.130	1.253	1.008	1.218	1.090	1.128	1.285	1.008	1.224	1.081	1.127	1.320	1.008	1.225	1.023	1.126	1.343	1.006	1.224	1.010	1.120	1.087	1.091	1.141	1.184	1.174	
1.233	1.010	1.213	1.079	1.131	1.253	1.008	1.219	1.090	1.129	1.285	1.008	1.225	1.081	1.127	1.322	1.008	1.225	1.023	1.127	1.343	1.005	1.224	1.009	1.120	1.090	1.087	1.152	1.175	1.179	
1.233	1.010	1.213	1.080	1.131	1.253	1.008	1.219	1.091	1.130	1.286	1.008	1.225	1.081	1.127	1.323	1.008	1.225	1.024	1.127	1.344	1.005	1.224	1.009	1.120	1.093	1.083	1.163	1.166	1.184	
1.234	1.010	1.213	1.081	1.131	1.254	1.008	1.219	1.091	1.130	1.286	1.008	1.226	1.081	1.128	1.324	1.008	1.226	1.024	1.128	1.344	1.005	1.224	1.010	1.120	1.090	1.084	1.167	1.160	1.191	
1.236	1.010	1.213	1.081	1.131	1.254	1.008	1.219	1.091	1.129	1.287	1.008	1.227	1.081	1.129	1.324	1.007	1.227	1.024	1.128	1.345	1.005	1.224	1.010	1.121	1.086	1.085	1.172	1.154	1.198	
1.237	1.010	1.213	1.082	1.130	1.255	1.008	1.219	1.091	1.129	1.287	1.008	1.228	1.081	1.129	1.324	1.007	1.227	1.024	1.128	1.345	1.005	1.224	1.010	1.121	1.083	1.086	1.176	1.147	1.205	
1.238	1.009	1.214	1.083	1.130	1.255	1.009	1.219	1.091	1.129	1.288	1.008	1.229	1.081	1.130	1.324	1.007	1.228	1.025	1.129	1.346	1.005	1.224	1.011	1.122	1.079	1.087	1.180	1.141	1.212	
1.238	1.009	1.214	1.086	1.131	1.256	1.009	1.219	1.094	1.130	1.289	1.008	1.229	1.084	1.130	1.326	1.007	1.228	1.027	1.130	1.347	1.005	1.225	1.014	1.122	1.076	1.096	1.176	1.145	1.212	
1.237	1.009	1.214	1.088	1.131	1.257	1.009	1.220	1.097	1.130	1.290	1.008	1.230	1.088	1.130	1.327	1.007	1.228	1.030	1.130	1.347	1.005	1.226	1.018	1.123	1.072	1.105	1.171	1.148	1.212	
1.237	1.009	1.215	1.091	1.131	1.258	1.009	1.220	1.101	1.131	1.291	1.007	1.230	1.091	1.130	1.328	1.007	1.228	1.033	1.131	1.348	1.005	1.227	1.022	1.124	1.068	1.114	1.166	1.152	1.212	
1.237	1.009	1.215	1.094	1.131	1.260	1.009	1.221	1.104	1.132	1.292	1.007	1.230	1.095	1.130	1.330	1.007	1.229	1.036	1.132	1.349	1.005	1.228	1.025	1.124	1.065	1.123	1.162	1.155	1.212	
1.238	1.009	1.216	1.088	1.132	1.260	1.010	1.221	1.094	1.132	1.292	1.008	1.230	1.088	1.130	1.330	1.007	1.229	1.027	1.132	1.350	1.006	1.229	1.019	1.124	1.069	1.132	1.153	1.163	1.206	
1.239	1.009	1.216	1.082	1.132	1.260	1.010	1.222	1.085	1.133	1.292	1.008	1.230	1.082	1.130	1.331	1.006	1.230	1.018	1.131	1.350	1.006	1.230	1.013	1.124	1.074	1.141	1.145	1.171	1.200	
1.240	1.009	1.217	1.076	1.132	1.261	1.010	1.222	1.076	1.133	1.293	1.009	1.229	1.077	1.130	1.331	1.005	1.230	1.009	1.131	1.351	1.006	1.232	1.008	1.124	1.079	1.150	1.137	1.179	1.195	
1.241	1.009	1.217	1.070	1.133	1.261	1.011	1.223	1.067	1.133	1.293	1.009	1.229	1.071	1.130	1.331	1.005	1.230	1.000	1.130	1.352	1.006	1.233	1.002	1.124	1.084	1.159	1.129	1.187	1.189	
1.241	1.009	1.218	1.074	1.133	1.262	1.011	1.224	1.075	1.133	1.294	1.009	1.229	1.074	1.130	1.332	1.005	1.231	1.008	1.131	1.352	1.007	1.234	1.005	1.125	1.094	1.158	1.131	1.189	1.189	
1.240	1.009	1.218	1.077	1.133	1.262	1.010	1.225	1.082	1.133	1.296	1.009	1.229	1.078	1.131	1.333	1.005	1.231	1.015	1.132	1.352	1.007	1.234	1.009	1.126	1.104	1.156	1.133	1.191	1.190	
1.240	1.009	1.218	1.081	1.134	1.263	1.010	1.226	1.089	1.133	1.297	1.009	1.229	1.082	1.131	1.333	1.006	1.231	1.023	1.132	1.353	1.007	1.235	1.012	1.127	1.114	1.154	1.135	1.193	1.190	
1.240	1.009	1.218	1.085	1.134	1.263	1.009	1.228	1.096	1.133	1.299	1.009	1.229	1.086	1.131	1.334	1.006	1.231	1.030	1.133	1.353	1.007	1.236	1.016	1.128	1.125	1.153	1.136	1.194	1.191	
1.241	1.009	1.218	1.083	1.134	1.263	1.010	1.227	1.094	1.133	1.299	1.009	1.229	1.084	1.132	1.335	1.007	1.232	1.029	1.132	1.353	1.007	1.235	1.015	1.128	1.132	1.145	1.145	1.190	1.202	
1.241	1.009	1.219	1.082	1.134	1.263	1.010	1.227	1.092	1.134	1.300	1.009	1.229	1.082	1.132	1.335	1.008	1.233	1.027	1.132	1.354	1.006	1.235	1.014	1.128	1.139	1.138	1.155	1.186	1.213	
1.242	1.009	1.219	1.080	1.134	1.263	1.011	1.227	1.091	1.134	1.301	1.009	1.230	1.081	1.133	1.335	1.008	1.234	1.025	1.132	1.354	1.005	1.234	1.014	1.128	1.146	1.130	1.164	1.182	1.224	
1.242	1.010	1.219	1.079	1.135	1.263	1.011	1.227	1.089	1.135	1.302	1.009	1.230	1.079	1.134	1.336	1.009	1.235	1.023	1.132	1.354	1.004	1.234	1.013	1.128	1.153	1.123	1.173	1.179	1.235	
1.243	1.010	1.221	1.078	1.135	1.263	1.011	1.227	1.089	1.135	1.302	1.009	1.231	1.079	1.134	1.336	1.009	1.235	1.023	1.133	1.355	1.005	1.234	1.013	1.128	1.151	1.123	1.179	1.177	1.249	
1.243	1.010	1.222	1.078	1.136	1.264	1.010	1.227	1.089	1.136	1.302	1.009	1.232	1.079	1.134	1.336	1.008	1.234	1.022	1.133	1.355	1.006	1.234	1.012	1.129	1.148	1.123	1.185	1.176	1.264	
1.244	1.010	1.224	1.077	1.136	1.265	1.010	1.226	1.089	1.137	1.302	1.009	1.233	1.079	1.134	1.336	1.008	1.234	1.022	1.133	1.356	1.007	1.234	1.012	1.129	1.145	1.123	1.191	1.175	1.279	
1.245	1.009	1.225	1.077	1.137	1.265	1.010	1.226	1.089	1.138	1.303	1.008	1.234	1.079	1.134	1.336	1.008	1.234	1.021	1.134	1.356	1.007	1.234	1.012	1.130	1.143	1.123	1.197	1.174	1.294	
1.245	1.010	1.226	1.078	1.137	1.266	1.010	1.227	1.088	1.137	1.303	1.008	1.235	1.079	1.134	1.337	1.008	1.234	1.021	1.134	1.356	1.007	1.234	1.011	1.130	1.137	1.131	1.195	1.183	1.299	
1.245	1.010	1.226	1.078	1.137	1.266	1.010	1.228	1.087	1.137	1.304	1.008	1.236	1.079	1.134	1.337	1.008	1.235	1.021	1.134	1.356	1.007	1.234	1.009	1.130	1.132	1.140	1.194	1.193	1.304	
1.246	1.010	1.226	1.079	1.137	1.266	1.010	1.228	1.087	1.137	1.305	1.007	1.237	1.079	1.135	1.338	1.008	1.236	1.021	1.134	1.356	1.006	1.234	1.008	1.131	1.126	1.149	1.193	1.202	1.308	
1.246	1.011	1.226	1.080	1.137	1.267	1.010	1.229	1.086	1.136	1.305	1.007	1.238	1.079	1.135	1.339	1.008	1.237	1.021	1.134	1.357	1.006	1.234	1.007	1.131	1.121	1.158	1.192	1.212	1.313	
1.247	1.011	1.226	1.080	1.137	1.268	1.010	1.230	1.086	1.137	1.306	1.007	1.237	1.079	1.135	1.339	1.009	1.237	1.021	1.135	1.356	1.006	1.234	1.007	1.130	1.124	1.169	1.189	1.229	1.312	
1.247	1.011	1.226	1.079	1.138	1.268	1.010	1.231	1.087	1.137	1.307	1.007	1.236	1.079	1.134	1.340	1.009	1.237	1.021	1.135	1.356	1.006	1.235	1.007	1.130	1.128	1.179	1.186	1.247	1.310	
1.247	1.011	1.226	1.079	1.138	1.269	1.010	1.232	1.088	1.137	1.308	1.007	1.236	1.079	1.134	1.341	1.009	1.237	1.021	1.135	1.356	1.006	1.236	1.007	1.130	1.131	1.190	1.184	1.265	1.308	
1.248	1.011	1.225	1.079	1.138	1.270	1.010	1.233	1.088	1.138	1.309	1.007	1.235	1.078	1.134	1.342	1.010	1.236	1.021	1.135	1.356	1.006	1.237	1.007	1.129	1.135	1.201	1.181	1.283	1.307	
1.248	1.011	1.226	1.078	1.138	1.271	1.010	1.233	1.088	1.138	1.309	1.007	1.235	1.079	1.135	1.343	1.010	1.237	1.021	1.136	1.357	1.006	1.237	1.006	1.130	1.147	1.205	1.189	1.293	1.311	
1.249	1.011	1.227	1.078	1.138	1.272	1.009	1.232	1.088	1.139	1.309	1.007	1.236	1.079	1.135	1.344	1.010	1.238	1.021	1.136	1.358	1.007	1.237	1.006	1.130	1.159	1.209	1.198	1.303	1.315	
1.250	1.011	1.228	1.078	1.138	1.272	1.009	1.232	1.089	1.139	1.310	1.007	1.236	1.079	1.136	1.346	1.010	1.238	1.021	1.137	1.359	1.007	1.237	1.005	1.130	1.171	1.213	1.206	1.313	1.318	
1.250	1.011	1.228	1.077	1.138	1.273	1.009	1.232	1.089	1.140	1.310	1.007	1.237	1.079	1.136	1.347	1.010	1.239	1.021	1.137	1.359	1.007	1.236	1.005	1.131	1.183	1.217	1.215	1.323	1.322	
1.251	1.010	1.229	1.078	1.138	1.275	1.009	1.232	1.088	1.140	1.311	1.008	1.238	1.078	1.137	1.348	1.009	1.238	1.020	1.138	1.360	1.007	1.237	1.006	1.131	1.195	1.217	1.233	1.325	1.340	
1.251	1.010	1.230	1.078	1.139	1.276	1.010	1.232	1.087	1.140	1.311	1.008	1.239	1.077	1.137	1.349	1.009	1.238	1.019	1.139	1.360	1.008	1.238	1.007	1.132	1.208	1.216	1.252	1.327	1.358	
1.252	1.010	1.231	1.079	1.139	1.278	1.010	1.233	1.086	1.141	1.312	1.009	1.240	1.076	1.137	1.349	1.009	1.238	1.018	1.139	1.360	1.008	1.239	1.009	1.133	1.221	1.216	1.271	1.329	1.377	
1.252	1.010	1.231	1.079	1.139	1.279	1.010	1.233	1.085	1.141	1.313	1.009	1.241	1.075	1.138	1.350	1.009	1.237	1.017	1.140	1.360	1.008	1.240	1.010	1.134	1.233	1.215	1.291	1.331	1.395	
1.253	1.010	1.231	1.079	1.140	1.278	1.010	1.233	1.085	1.142	1.313	1.009	1.241	1.076	1.138	1.351	1.008	1.238	1.018	1.140	1.360	1.008	1.240	1.010	1.134	1.237	1.222	1.307	1.336	1.418	
1.253	1.010	1.231	1.079	1.140	1.278	1.011	1.234	1.086	1.143	1.314	1.009	1.241	1.077	1.138	1.351	1.008	1.239	1.019	1.140	1.360	1.007	1.240	1.009	1.134	1.241	1.228	1.323	1.341	1.442	
1.253	1.010	1.230	1.079	1.140	1.277	1.011	1.234	1.086	1.143	1.315	1.008	1.241	1.077	1.139	1.351	1.008	1.240	1.021	1.140	1.361	1.007	1.240	1.009	1.134	1.245	1.235	1.339	1.346	1.466	
1.254	1.010	1.230	1.079	1.141	1.276	1.011	1.235	1.086	1.144	1.315	1.008	1.242	1.078	1.139	1.351	1.008	1.242	1.022	1.140	1.361	1.007	1.240	1.009	1.134	1.249	1.242	1.355	1.352	1.490	
1.255	1.010	1.230	1.079	1.142	1.277	1.011	1.236	1.086	1.144	1.317	1.008	1.242	1.077	1.140	1.352	1.008	1.242	1.021	1.140	1.360	1.006	1.241	1.009	1.134	1.251	1.261	1.363	1.370	1.507	
1.256	1.011	1.231	1.079	1.143	1.278	1.010	1.237	1.087	1.143	1.318	1.009	1.243	1.077	1.141	1.353	1.008	1.243	1.021	1.140	1.359	1.006	1.241	1.009	1.135	1.253	1.280	1.370	1.390	1.524	
1.257	1.011	1.232	1.079	1.145	1.279	1.010	1.238	1.087	1.142	1.319	1.009	1.244	1.077	1.141	1.355	1.008	1.244	1.020	1.140	1.358	1.006	1.242	1.008	1.135	1.255	1.300	1.377	1.409	1.541	
1.258	1.011	1.232	1.079	1.146	1.280	1.009	1.239	1.087	1.142	1.321	1.009	1.245	1.076	1.142	1.356	1.008	1.245	1.020	1.140	1.357	1.006	1.243	1.008	1.135	1.256	1.320	1.385	1.429	1.558	
1.259	1.011	1.233	1.079	1.146	1.281	1.010	1.239	1.086	1.143	1.321	1.009	1.245	1.077	1.142	1.356	1.009	1.244	1.020	1.140	1.358	1.006	1.244	1.008	1.136	1.270	1.343	1.391	1.457	1.572	
1.259	1.011	1.233	1.079	1.146	1.282	1.010	1.239	1.086	1.144	1.321	1.009	1.244	1.077	1.143	1.356	1.009	1.244	1.019	1.139	1.359	1.006	1.244	1.008	1.136	1.283	1.366	1.396	1.487	1.586	
1.259	1.012	1.233	1.078	1.147	1.283	1.010	1.239	1.086	1.145	1.322	1.009	1.244	1.077	1.143	1.355	1.009	1.243	1.019	1.139	1.359	1.006	1.245	1.007	1.136	1.297	1.390	1.402	1.517	1.601	
1.260	1.012	1.233	1.078	1.147	1.284	1.011	1.239	1.086	1.146	1.322	1.009	1.244	1.078	1.144	1.355	1.009	1.242	1.018	1.138	1.360	1.006	1.246	1.007	1.137	1.311	1.414	1.408	1.547	1.615	
1.261	1.012	1.234	1.079	1.147	1.285	1.012	1.240	1.086	1.147	1.323	1.009	1.244	1.077	1.144	1.356	1.009	1.243	1.019	1.139	1.360	1.007	1.246	1.008	1.137	1.336	1.430	1.427	1.574	1.638	
1.263	1.011	1.234	1.079	1.147	1.286	1.012	1.241	1.086	1.147	1.324	1.010	1.245	1.077	1.144	1.356	1.009	1.244	1.019	1.140	1.360	1.007	1.246	1.008	1.137	1.361	1.445	1.446	1.602	1.661	
1.264	1.011	1.235	1.079	1.148	1.287	1.013	1.242	1.086	1.148	1.326	1.010	1.245	1.076	1.144	1.357	1.009	1.245	1.020	1.141	1.360	1.007	1.246	1.009	1.137	1.387	1.460	1.466	1.630	1.684	
1.265	1.011	1.235	1.079	1.148	1.287	1.014	1.243	1.085	1.148	1.327	1.010	1.246	1.076	1.144	1.357	1.009	1.246	1.020	1.142	1.360	1.007	1.246	1.009	1.137	1.413	1.476	1.486	1.658	1.708	
1.265	1.011	1.236	1.079	1.147	1.288	1.013	1.242	1.086	1.148	1.327	1.010	1.247	1.076	1.144	1.358	1.009	1.246	1.020	1.143	1.359	1.007	1.245	1.008	1.138	1.440	1.486	1.519	1.678	1.749	
1.265	1.011	1.236	1.078	1.147	1.289	1.012	1.242	1.086	1.148	1.328	1.010	1.247	1.076	1.145	1.358	1.009	1.247	1.019	1.144	1.359	1.006	1.245	1.007	1.138	1.468	1.495	1.553	1.699	1.792	
1.265	1.011	1.237	1.078	1.147	1.289	1.012	1.242	1.087	1.149	1.329	1.010	1.248	1.077	1.146	1.359	1.010	1.248	1.018	1.145	1.359	1.006	1.245	1.006	1.138	1.496	1.505	1.588	1.719	1.835	
1.265	1.012	1.238	1.077	1.147	1.290	1.011	1.241	1.087	1.149	1.329	1.010	1.249	1.077	1.146	1.359	1.010	1.249	1.018	1.145	1.359	1.006	1.245	1.005	1.139	1.525	1.515	1.623	1.740	1.879	
1.265	1.012	1.238	1.078	1.147	1.291	1.011	1.242	1.087	1.149	1.330	1.010	1.249	1.077	1.146	1.359	1.010	1.249	1.018	1.145	1.359	1.006	1.246	1.006	1.139	1.543	1.533	1.660	1.766	1.934	
1.266	1.012	1.238	1.078	1.147	1.292	1.012	1.242	1.086	1.149	1.331	1.011	1.249	1.076	1.146	1.359	1.010	1.249	1.018	1.145	1.358	1.007	1.246	1.008	1.139	1.561	1.551	1.697	1.793	1.991	
1.266	1.012	1.238	1.078	1.147	1.293	1.012	1.243	1.085	1.150	1.332	1.011	1.250	1.076	1.146	1.359	1.010	1.250	1.018	1.145	1.358	1.008	1.247	1.009	1.139	1.580	1.570	1.735	1.820	2.049	
1.267	1.012	1.238	1.078	1.148	1.294	1.013	1.243	1.085	1.150	1.332	1.011	1.250	1.076	1.146	1.359	1.010	1.250	1.018	1.145	1.357	1.008	1.247	1.010	1.139	1.598	1.589	1.774	1.848	2.110	
1.268	1.012	1.238	1.078	1.149	1.294	1.013	1.243	1.086	1.150	1.333	1.011	1.251	1.076	1.147	1.359	1.009	1.250	1.018	1.145	1.357	1.008	1.248	1.009	1.139	1.613	1.627	1.806	1.896	2.162	
1.268	1.012	1.239	1.078	1.150	1.295	1.012	1.244	1.086	1.149	1.335	1.011	1.251	1.076	1.147	1.359	1.009	1.249	1.019	1.146	1.358	1.007	1.250	1.007	1.140	1.629	1.666	1.838	1.945	2.215	
1.269	1.012	1.239	1.079	1.151	1.296	1.012	1.244	1.087	1.149	1.336	1.011	1.252	1.076	1.147	1.360	1.009	1.249	1.019	1.147	1.358	1.007	1.251	1.005	1.140	1.644	1.706	1.871	1.995	2.270	
1.270	1.013	1.240	1.079	1.152	1.297	1.012	1.244	1.088	1.148	1.337	1.010	1.253	1.077	1.148	1.360	1.009	1.249	1.019	1.147	1.359	1.006	1.252	1.004	1.141	1.660	1.747	1.905	2.047	2.326	
1.271	1.013	1.240	1.079	1.151	1.297	1.012	1.245	1.088	1.149	1.337	1.011	1.253	1.076	1.148	1.361	1.009	1.250	1.019	1.147	1.359	1.006	1.252	1.005	1.141	1.689	1.795	1.939	2.113	2.375	
1.273	1.013	1.240	1.078	1.151	1.298	1.012	1.246	1.087	1.149	1.336	1.011	1.253	1.076	1.148	1.361	1.009	1.251	1.020	1.148	1.359	1.007	1.252	1.005	1.142	1.719	1.845	1.973	2.182	2.426	
1.274	1.013	1.240	1.078	1.151	1.299	1.011	1.248	1.087	1.150	1.336	1.011	1.253	1.075	1.147	1.362	1.009	1.252	1.021	1.148	1.358	1.007	1.251	1.006	1.142	1.748	1.895	2.008	2.253	2.478	
1.276	1.013	1.240	1.078	1.150	1.300	1.011	1.249	1.086	1.150	1.336	1.011	1.253	1.075	1.147	1.363	1.009	1.253	1.021	1.148	1.358	1.007	1.251	1.007	1.142	1.779	1.947	2.044	2.326	2.530	
1.277	1.013	1.241	1.078	1.151	1.300	1.011	1.249	1.086	1.151	1.337	1.011	1.253	1.076	1.147	1.362	1.010	1.254	1.021	1.148	1.359	1.007	1.251	1.007	1.143	1.830	1.993	2.097	2.397	2.591	
1.278	1.013	1.241	1.078	1.151	1.300	1.012	1.249	1.086	1.152	1.338	1.011	1.253	1.077	1.147	1.362	1.010	1.255	1.020	1.148	1.359	1.007	1.252	1.008	1.144	1.883	2.040	2.151	2.470	2.654	
1.279	1.013	1.241	1.078	1.152	1.300	1.012	1.249	1.085	1.153	1.339	1.011	1.253	1.078	1.148	1.362	1.010	1.256	1.019	1.148	1.359	1.007	1.252	1.008	1.145	1.937	2.088	2.207	2.545	2.718	
1.280	1.013	1.242	1.078	1.152	1.300	1.012	1.249	1.085	1.153	1.340	1.011	1.253	1.079	1.148	1.361	1.011	1.257	1.019	1.149	1.360	1.008	1.253	1.009	1.146	1.993	2.136	2.264	2.623	2.784	
1.280	1.013	1.242	1.078	1.153	1.301	1.012	1.249	1.085	1.153	1.341	1.011	1.254	1.078	1.149	1.361	1.011	1.257	1.019	1.149	1.359	1.008	1.254	1.009	1.146	2.054	2.181	2.347	2.690	2.879	
1.280	1.013	1.243	1.078	1.153	1.301	1.012	1.249	1.085	1.153	1.342	1.011	1.254	1.077	1.149	1.360	1.011	1.257	1.019	1.149	1.358	1.008	1.255	1.009	1.146	2.116	2.227	2.432	2.759	2.977	
1.281	1.012	1.243	1.077	1.154	1.301	1.012	1.249	1.085	1.153	1.344	1.011	1.255	1.076	1.150	1.359	1.011	1.257	1.019	1.150	1.357	1.009	1.257	1.009	1.146	2.180	2.273	2.521	2.829	3.078	
1.281	1.012	1.244	1.077	1.154	1.301	1.012	1.248	1.085	1.153	1.345	1.012	1.255	1.075	1.151	1.359	1.011	1.257	1.019	1.150	1.356	1.009	1.258	1.010	1.147	2.246	2.320	2.612	2.902	3.183	
1.281	1.012	1.244	1.077	1.155	1.302	1.012	1.249	1.085	1.153	1.345	1.011	1.256	1.074	1.151	1.359	1.010	1.257	1.019	1.151	1.356	1.009	1.257	1.010	1.147	2.305	2.381	2.709	2.978	3.310	
1.281	1.013	1.244	1.078	1.155	1.303	1.012	1.250	1.085	1.153	1.344	1.011	1.257	1.074	1.151	1.360	1.010	1.257	1.019	1.151	1.355	1.008	1.257	1.009	1.147	2.364	2.443	2.809	3.056	3.443	
1.281	1.013	1.244	1.078	1.155	1.304	1.012	1.251	1.086	1.153	1.344	1.010	1.258	1.074	1.151	1.360	1.009	1.257	1.019	1.151	1.355	1.008	1.256	1.009	1.147	2.426	2.507	2.914	3.136	3.582	
1.281	1.013	1.245	1.078	1.155	1.305	1.012	1.252	1.086	1.153	1.344	1.010	1.259	1.073	1.152	1.361	1.009	1.258	1.019	1.151	1.354	1.008	1.256	1.009	1.147	2.489	2.572	3.022	3.219	3.726	
1.282	1.013	1.245	1.079	1.155	1.306	1.012	1.253	1.086	1.154	1.344	1.010	1.260	1.074	1.152	1.360	1.009	1.258	1.019	1.152	1.354	1.008	1.256	1.008	1.146	2.550	2.669	3.120	3.332	3.883	
1.283	1.013	1.246	1.079	1.155	1.308	1.011	1.254	1.087	1.154	1.345	1.010	1.260	1.075	1.153	1.360	1.010	1.258	1.019	1.152	1.353	1.008	1.257	1.007	1.146	2.613	2.770	3.222	3.449	4.047	
1.284	1.013	1.247	1.080	1.155	1.309	1.011	1.255	1.087	1.155	1.345	1.011	1.260	1.076	1.153	1.359	1.010	1.258	1.020	1.153	1.353	1.008	1.258	1.007	1.146	2.678	2.874	3.327	3.570	4.217	
1.285	1.013	1.247	1.080	1.155	1.311	1.011	1.255	1.088	1.155	1.345	1.011	1.260	1.076	1.154	1.359	1.010	1.258	1.020	1.153	1.352	1.008	1.259	1.006	1.146	2.744	2.982	3.436	3.695	4.395	
1.285	1.013	1.248	1.080	1.156	1.312	1.011	1.256	1.087	1.156	1.346	1.011	1.261	1.076	1.154	1.359	1.010	1.259	1.020	1.154	1.351	1.008	1.259	1.006	1.146	2.834	3.114	3.538	3.855	4.582	
1.286	1.013	1.249	1.080	1.156	1.313	1.012	1.256	1.087	1.157	1.346	1.011	1.261	1.075	1.155	1.358	1.010	1.259	1.019	1.154	1.351	1.008	1.259	1.006	1.147	2.928	3.252	3.643	4.022	4.777	
1.286	1.014	1.249	1.080	1.156	1.314	1.012	1.256	1.087	1.158	1.346	1.011	1.262	1.075	1.155	1.358	1.010	1.260	1.019	1.155	1.350	1.008	1.259	1.006	1.147	3.025	3.396	3.751	4.197	4.980	
1.287	1.014	1.250	1.080	1.157	1.315	1.013	1.256	1.086	1.159	1.347	1.011	1.262	1.074	1.155	1.358	1.011	1.261	1.018	1.155	1.349	1.008	1.259	1.007	1.148	3.125	3.546	3.863	4.379	5.193	
1.287	1.014	1.250	1.080	1.157	1.315	1.012	1.256	1.086	1.159	1.347	1.011	1.262	1.075	1.155	1.359	1.011	1.262	1.018	1.155	1.349	1.008	1.259	1.007	1.149	3.263	3.690	4.005	4.579	5.437	
1.288	1.014	1.250	1.079	1.157	1.316	1.012	1.257	1.085	1.160	1.346	1.011	1.262	1.075	1.155	1.359	1.011	1.263	1.017	1.155	1.348	1.008	1.259	1.008	1.150	3.407	3.839	4.152	4.788	5.692	
1.288	1.014	1.250	1.078	1.158	1.316	1.012	1.257	1.084	1.160	1.346	1.011	1.261	1.076	1.155	1.360	1.011	1.263	1.016	1.155	1.348	1.008	1.259	1.009	1.150	3.557	3.995	4.305	5.007	5.960	
1.289	1.014	1.250	1.078	1.158	1.317	1.012	1.257	1.084	1.160	1.346	1.011	1.261	1.077	1.155	1.360	1.011	1.264	1.016	1.156	1.348	1.008	1.260	1.009	1.151	3.714	4.157	4.464	5.236	6.240	
1.289	1.014	1.251	1.078	1.159	1.317	1.012	1.257	1.084	1.160	1.347	1.011	1.261	1.076	1.156	1.360	1.011	1.264	1.016	1.156	1.347	1.008	1.261	1.009	1.151	3.889	4.303	4.671	5.478	6.583	
1.290	1.014	1.251	1.078	1.159	1.318	1.012	1.257	1.084	1.160	1.347	1.012	1.261	1.076	1.157	1.360	1.011	1.264	1.016	1.156	1.347	1.009	1.262	1.008	1.151	4.073	4.454	4.887	5.732	6.944	
1.291	1.014	1.252	1.078	1.160	1.318	1.012	1.257	1.084	1.159	1.348	1.013	1.262	1.076	1.157	1.360	1.011	1.264	1.016	1.156	1.346	1.009	1.264	1.008	1.151	4.265	4.610	5.113	5.997	7.325	
1.291	1.014	1.252	1.077	1.161	1.319	1.012	1.258	1.084	1.159	1.349	1.013	1.262	1.076	1.158	1.360	1.011	1.264	1.016	1.157	1.346	1.009	1.265	1.007	1.151	4.466	4.771	5.350	6.275	7.728	
1.292	1.014	1.253	1.077	1.161	1.320	1.012	1.258	1.084	1.159	1.349	1.013	1.263	1.075	1.159	1.360	1.011	1.265	1.016	1.157	1.347	1.010	1.266	1.006	1.152	4.662	4.959	5.624	6.593	8.210	
1.293	1.013	1.253	1.076	1.161	1.321	1.013	1.259	1.084	1.160	1.349	1.012	1.264	1.075	1.159	1.361	1.010	1.265	1.017	1.157	1.348	1.010	1.266	1.005	1.153	4.867	5.153	5.912	6.927	8.723	
1.293	1.013	1.253	1.076	1.161	1.321	1.014	1.259	1.084	1.161	1.349	1.012	1.265	1.075	1.159	1.361	1.010	1.265	1.018	1.158	1.349	1.011	1.266	1.004	1.153	5.080	5.355	6.215	7.279	9.268	
1.294	1.012	1.254	1.075	1.162	1.322	1.015	1.259	1.085	1.161	1.349	1.011	1.267	1.074	1.160	1.361	1.009	1.266	1.018	1.158	1.350	1.011	1.267	1.003	1.154	5.303	5.566	6.534	7.648	9.847	
1.296	1.013	1.254	1.075	1.162	1.323	1.014	1.260	1.085	1.162	1.349	1.011	1.266	1.075	1.160	1.361	1.010	1.265	1.018	1.159	1.349	1.010	1.266	1.003	1.154	5.516	5.840	6.871	8.084	10.488	
1.297	1.013	1.254	1.075	1.162	1.323	1.013	1.261	1.084	1.163	1.349	1.011	1.266	1.075	1.160	1.360	1.010	1.265	1.018	1.159	1.348	1.010	1.266	1.004	1.154	5.737	6.128	7.226	8.544	11.172	
1.299	1.013	1.255	1.075	1.163	1.324	1.012	1.262	1.084	1.163	1.350	1.011	1.266	1.076	1.160	1.359	1.010	1.265	1.018	1.159	1.347	1.010	1.265	1.004	1.154	5.967	6.431	7.598	9.030	11.900	
1.301	1.013	1.255	1.076	1.163	1.324	1.012	1.263	1.084	1.164	1.350	1.011	1.265	1.076	1.161	1.359	1.011	1.264	1.017	1.160	1.347	1.009	1.265	1.005	1.155	6.206	6.748	7.991	9.544	12.676	
1.301	1.014	1.255	1.076	1.163	1.325	1.012	1.264	1.084	1.164	1.349	1.011	1.267	1.076	1.161	1.358	1.011	1.265	1.018	1.160	1.347	1.009	1.266	1.005	1.155	6.494	7.132	8.429	10.189	13.525	
1.301	1.014	1.256	1.076	1.164	1.326	1.012	1.264	1.085	1.164	1.348	1.011	1.268	1.076	1.161	1.357	1.012	1.266	1.018	1.161	1.347	1.009	1.267	1.004	1.156	6.794	7.538	8.891	10.877	14.430	
1.301	1.014	1.256	1.077	1.164	1.327	1.013	1.265	1.085	1.164	1.347	1.011	1.269	1.076	1.161	1.356	1.012	1.267	1.018	1.161	1.347	1.009	1.268	1.004	1.157	7.109	7.967	9.379	11.612	15.396	
1.301	1.015	1.256	1.077	1.164	1.327	1.013	1.265	1.086	1.164	1.346	1.011	1.270	1.076	1.161	1.355	1.013	1.268	1.018	1.162	1.348	1.009	1.269	1.004	1.157	7.439	8.421	9.893	12.396	16.427	
1.303	1.014	1.257	1.077	1.165	1.327	1.013	1.265	1.085	1.164	1.345	1.011	1.270	1.076	1.161	1.354	1.012	1.269	1.019	1.162	1.347	1.010	1.268	1.005	1.157	7.862	8.930	10.495	13.279	17.559	
1.304	1.014	1.257	1.078	1.165	1.328	1.013	1.265	1.085	1.164	1.345	1.011	1.271	1.076	1.162	1.354	1.012	1.269	1.019	1.162	1.347	1.010	1.268	1.006	1.157	8.310	9.470	11.133	14.224	18.769	
1.305	1.013	1.258	1.078	1.165	1.328	1.013	1.264	1.085	1.164	1.344	1.011	1.271	1.076	1.162	1.353	1.012	1.270	1.020	1.163	1.347	1.010	1.268	1.008	1.157	8.784	10.043	11.810	15.237	20.062	
1.307	1.012	1.258	1.079	1.166	1.328	1.013	1.264	1.085	1.164	1.344	1.011	1.271	1.076	1.163	1.353	1.012	1.271	1.020	1.163	1.347	1.010	1.268	1.009	1.157	9.284	10.650	12.529	16.321	21.445	
1.308	1.013	1.259	1.078	1.166	1.328	1.013	1.264	1.085	1.164	1.344	1.011	1.272	1.076	1.163	1.353	1.012	1.271	1.019	1.163	1.347	1.010	1.269	1.007	1.156	9.879	11.281	13.417	17.530	22.973	
1.309	1.014	1.259	1.078	1.166	1.328	1.013	1.265	1.084	1.165	1.344	1.012	1.272	1.076	1.163	1.353	1.011	1.270	1.018	1.163	1.347	1.010	1.270	1.006	1.156	10.512	11.949	14.367	18.828	24.610	
1.310	1.014	1.260	1.077	1.166	1.328	1.013	1.265	1.084	1.165	1.345	1.012	1.272	1.076	1.163	1.353	1.011	1.270	1.017	1.163	1.348	1.009	1.271	1.004	1.155	11.185	12.657	15.385	20.222	26.363	
1.311	1.015	1.261	1.077	1.166	1.329	1.014	1.266	1.084	1.165	1.345	1.012	1.273	1.076	1.164	1.354	1.011	1.269	1.016	1.163	1.348	1.009	1.273	1.003	1.154	11.902	13.408	16.476	21.720	28.243	
1.311	1.015	1.261	1.077	1.166	1.328	1.013	1.266	1.084	1.165	1.346	1.012	1.273	1.076	1.164	1.354	1.011	1.270	1.016	1.163	1.348	1.009	1.273	1.004	1.155	12.681	14.299	17.758	23.370	30.431	
1.311	1.015	1.261	1.078	1.167	1.328	1.013	1.266	1.084	1.165	1.346	1.012	1.274	1.076	1.164	1.353	1.010	1.271	1.016	1.163	1.347	1.009	1.274	1.005	1.156	13.512	15.249	19.140	25.146	32.789	
1.311	1.014	1.262	1.079	1.167	1.328	1.013	1.266	1.084	1.166	1.346	1.011	1.274	1.076	1.164	1.353	1.010	1.272	1.017	1.163	1.347	1.010	1.274	1.006	1.158	14.396	16.263	20.630	27.057	35.329	
1.311	1.014	1.262	1.079	1.168	1.328	1.013	1.266	1.084	1.166	1.346	1.011	1.274	1.076	1.165	1.353	1.009	1.273	1.017	1.163	1.347	1.010	1.275	1.007	1.159	15.339	17.344	22.235	29.114	38.067	
1.312	1.014	1.263	1.079	1.168	1.329	1.013	1.268	1.084	1.167	1.346	1.012	1.275	1.076	1.165	1.352	1.010	1.274	1.017	1.164	1.347	1.010	1.274	1.006	1.159	16.373	18.652	24.033	31.442	41.177	
1.313	1.014	1.263	1.078	1.169	1.330	1.014	1.269	1.085	1.167	1.346	1.012	1.275	1.076	1.165	1.351	1.011	1.274	1.017	1.165	1.347	1.010	1.274	1.006	1.158	17.476	20.059	25.976	33.955	44.541	
1.315	1.014	1.263	1.078	1.169	1.331	1.014	1.270	1.085	1.167	1.347	1.013	1.275	1.075	1.165	1.351	1.011	1.275	1.016	1.165	1.346	1.010	1.274	1.006	1.158	18.653	21.571	28.076	36.670	48.180	
1.316	1.014	1.263	1.077	1.169	1.332	1.014	1.272	1.086	1.168	1.347	1.013	1.276	1.075	1.165	1.350	1.012	1.275	1.016	1.166	1.346	1.010	1.274	1.006	1.158	19.911	23.199	30.346	39.603	52.118	
1.316	1.014	1.264	1.077	1.170	1.332	1.014	1.272	1.085	1.168	1.346	1.013	1.276	1.074	1.166	1.349	1.012	1.276	1.016	1.166	1.346	1.010	1.274	1.005	1.159	21.418	25.145	32.854	42.955	56.798	
1.316	1.014	1.264	1.076	1.170	1.332	1.014	1.272	1.084	1.169	1.345	1.012	1.276	1.074	1.166	1.348	1.012	1.277	1.016	1.167	1.346	1.010	1.275	1.005	1.160	23.039	27.254	35.569	46.590	61.899	
1.315	1.014	1.265	1.076	1.170	1.331	1.014	1.273	1.084	1.170	1.345	1.012	1.276	1.073	1.166	1.347	1.012	1.278	1.016	1.167	1.346	1.010	1.275	1.004	1.161	24.782	29.541	38.510	50.534	67.457	
1.315	1.014	1.266	1.076	1.170	1.331	1.014	1.273	1.083	1.171	1.344	1.011	1.276	1.073	1.166	1.346	1.013	1.279	1.017	1.167	1.347	1.010	1.276	1.003	1.163	26.659	32.020	41.694	54.813	73.518	
1.316	1.014	1.266	1.076	1.171	1.332	1.014	1.273	1.083	1.171	1.344	1.011	1.277	1.073	1.167	1.347	1.013	1.279	1.016	1.168	1.347	1.010	1.277	1.003	1.163	28.882	34.907	45.341	59.853	80.835	
1.316	1.014	1.267	1.076	1.171	1.332	1.014	1.273	1.083	1.171	1.345	1.012	1.278	1.073	1.169	1.347	1.013	1.279	1.016	1.168	1.347	1.009	1.278	1.003	1.163	31.289	38.054	49.308	65.356	88.881	
1.316	1.015	1.267	1.076	1.172	1.332	1.015	1.273	1.083	1.171	1.345	1.012	1.279	1.073	1.170	1.348	1.013	1.280	1.015	1.168	1.348	1.009	1.279	1.004	1.164	33.898	41.485	53.622	71.365	97.728	
1.316	1.015	1.268	1.076	1.173	1.333	1.015	1.272	1.083	1.171	1.346	1.012	1.280	1.073	1.171	1.348	1.013	1.280	1.015	1.168	1.348	1.008	1.280	1.004	1.164	36.726	45.225	58.315	77.929	107.460	
1.316	1.015	1.268	1.076	1.173	1.332	1.015	1.273	1.083	1.171	1.345	1.012	1.280	1.072	1.171	1.348	1.013	1.280	1.015	1.168	1.348	1.009	1.280	1.003	1.164	40.214	49.397	63.730	85.689	119.399	
1.316	1.015	1.269	1.076	1.173	1.331	1.015	1.274	1.083	1.172	1.344	1.012	1.281	1.072	1.171	1.348	1.012	1.280	1.015	1.168	1.347	1.010	1.280	1.003	1.165	44.032	53.955	69.648	94.221	132.664	
1.316	1.015	1.269	1.077	1.174	1.330	1.014	1.274	1.082	1.173	1.343	1.012	1.282	1.072	1.170	1.348	1.012	1.280	1.015	1.168	1.347	1.011	1.280	1.002	1.165	48.214	58.933	76.116	103.604	147.403	
1.316	1.015	1.270	1.077	1.174	1.329	1.014	1.275	1.082	1.173	1.342	1.012	1.282	1.072	1.170	1.348	1.012	1.279	1.015	1.168	1.347	1.011	1.280	1.002	1.165	52.793	64.371	83.188	113.924	163.785	
1.316	1.015	1.270	1.077	1.174	1.330	1.015	1.275	1.082	1.173	1.342	1.013	1.283	1.073	1.170	1.348	1.012	1.280	1.016	1.169	1.347	1.011	1.279	1.002	1.165	57.967	70.491	91.581	126.087	183.239	
1.316	1.015	1.270	1.076	1.175	1.331	1.015	1.276	1.082	1.173	1.343	1.014	1.284	1.074	1.171	1.348	1.013	1.280	1.016	1.170	1.348	1.011	1.279	1.002	1.165	63.647	77.192	100.821	139.549	205.004	
1.316	1.015	1.269	1.076	1.175	1.332	1.016	1.276	1.082	1.174	1.343	1.015	1.285	1.075	1.171	1.349	1.013	1.281	1.017	1.171	1.348	1.010	1.278	1.002	1.165	69.883	84.530	110.993	154.448	229.355	
1.315	1.015	1.269	1.076	1.175	1.332	1.017	1.277	1.082	1.174	1.343	1.015	1.285	1.076	1.172	1.349	1.013	1.282	1.017	1.171	1.349	1.010	1.277	1.002	1.165	76.732	92.569	122.196	170.948	256.609	
1.316	1.015	1.271	1.076	1.176	1.332	1.016	1.277	1.082	1.174	1.342	1.015	1.285	1.075	1.172	1.348	1.012	1.281	1.017	1.171	1.348	1.011	1.277	1.002	1.166	84.520	102.014	135.412	191.422	289.746	
1.317	1.015	1.272	1.075	1.176	1.331	1.015	1.278	1.082	1.175	1.341	1.015	1.285	1.075	1.172	1.347	1.012	1.281	1.016	1.171	1.347	1.011	1.277	1.002	1.166	93.097	112.422	150.058	214.348	327.162	
1.318	1.014	1.273	1.075	1.176	1.330	1.015	1.279	1.082	1.175	1.341	1.014	1.284	1.074	1.172	1.347	1.011	1.281	1.016	1.172	1.346	1.012	1.278	1.002	1.167	102.546	123.892	166.287	240.020	369.410	
1.319	1.014	1.275	1.075	1.177	1.329	1.014	1.280	1.082	1.176	1.340	1.014	1.284	1.074	1.172	1.346	1.010	1.281	1.015	1.172	1.345	1.013	1.278	1.002	1.167	112.956	136.537	184.282	268.779	417.127	
1.319	1.014	1.275	1.075	1.177	1.329	1.015	1.280	1.082	1.176	1.339	1.014	1.284	1.074	1.173	1.346	1.011	1.283	1.015	1.172	1.344	1.012	1.279	1.003	1.167	125.119	151.670	206.278	303.613	474.147	
1.320	1.015	1.275	1.075	1.178	1.329	1.015	1.281	1.082	1.177	1.339	1.014	1.285	1.075	1.173	1.346	1.011	1.284	1.015	1.172	1.344	1.011	1.280	1.004	1.167	138.592	168.481	230.900	342.962	538.962	
1.320	1.015	1.275	1.075	1.179	1.328	1.016	1.282	1.082	1.177	1.338	1.014	1.285	1.075	1.174	1.346	1.012	1.285	1.015	1.173	1.344	1.011	1.280	1.005	1.167	153.515	187.154	258.460	387.410	612.637	
1.321	1.015	1.275	1.075	1.180	1.328	1.016	1.283	1.081	1.177	1.338	1.014	1.286	1.076	1.174	1.346	1.012	1.287	1.015	1.173	1.344	1.010	1.281	1.005	1.167	170.051	207.907	289.324	437.638	696.370	
1.321	1.015	1.275	1.075	1.179	1.328	1.016	1.282	1.081	1.178	1.337	1.014	1.286	1.076	1.175	1.347	1.013	1.287	1.015	1.173	1.344	1.011	1.282	1.005	1.168	189.490	232.965	326.777	498.761	788.736	
1.321	1.016	1.276	1.075	1.179	1.329	1.016	1.282	1.081	1.179	1.336	1.014	1.287	1.075	1.176	1.347	1.013	1.287	1.016	1.174	1.344	1.011	1.283	1.005	1.168	211.151	261.044	369.079	568.420	893.353	
1.321	1.016	1.276	1.075	1.179	1.329	1.017	1.281	1.080	1.179	1.335	1.014	1.288	1.075	1.176	1.347	1.013	1.287	1.016	1.174	1.344	1.011	1.284	1.004	1.168	235.289	292.506	416.856	647.809	1011.847	
1.322	1.016	1.276	1.075	1.179	1.329	1.017	1.281	1.080	1.180	1.335	1.014	1.288	1.075	1.177	1.348	1.013	1.286	1.017	1.175	1.344	1.011	1.285	1.004	1.168	262.199	327.778	470.847	738.326	1145.886	
1.321	1.016	1.277	1.075	1.179	1.329	1.016	1.282	1.081	1.180	1.335	1.014	1.289	1.075	1.177	1.348	1.013	1.287	1.016	1.175	1.344	1.011	1.285	1.004	1.169	295.166	370.880	537.970	850.426	1260.053	
1.321	1.015	1.278	1.076	1.180	1.329	1.016	1.283	1.082	1.180	1.335	1.014	1.289	1.074	1.177	1.348	1.013	1.287	1.016	1.176	1.344	1.011	1.284	1.004	1.169	332.278	419.651	614.664	979.546	1385.594	
1.320	1.015	1.279	1.076	1.180	1.329	1.015	1.284	1.082	1.180	1.336	1.013	1.290	1.074	1.178	1.348	1.013	1.288	1.016	1.176	1.343	1.010	1.284	1.004	1.170	374.057	474.834	702.290	1128.271	1523.644	
1.320	1.015	1.280	1.076	1.181	1.329	1.015	1.286	1.083	1.180	1.336	1.013	1.290	1.074	1.178	1.347	1.014	1.288	1.015	1.177	1.343	1.010	1.284	1.004	1.170	421.110	537.302	802.463	1299.590	1674.637	
1.320	1.016	1.280	1.077	1.181	1.330	1.015	1.286	1.083	1.180	1.336	1.013	1.290	1.074	1.178	1.347	1.013	1.289	1.015	1.177	1.343	1.010	1.285	1.003	1.170	478.856	614.044	929.129	1499.943	1674.500	
1.319	1.016	1.280	1.077	1.181	1.330	1.015	1.286	1.082	1.180	1.336	1.013	1.291	1.075	1.178	1.347	1.013	1.290	1.016	1.177	1.343	1.011	1.287	1.002	1.170	544.521	701.747	1075.789	1731.183	1674.363	
1.319	1.016	1.279	1.077	1.181	1.330	1.015	1.286	1.082	1.180	1.336	1.012	1.291	1.075	1.178	1.347	1.013	1.291	1.016	1.178	1.343	1.011	1.288	1.002	1.170	619.189	801.977	1245.599	1998.072	1674.227	
1.318	1.016	1.279	1.077	1.181	1.331	1.015	1.287	1.082	1.180	1.336	1.012	1.292	1.075	1.178	1.347	1.012	1.291	1.016	1.178	1.343	1.011	1.289	1.001	1.171	704.145	916.598	1442.288	2303.822	1673.857	
1.318	1.016	1.280	1.077	1.182	1.330	1.016	1.286	1.082	1.181	1.335	1.013	1.292	1.074	1.178	1.347	1.013	1.292	1.016	1.178	1.343	1.011	1.290	1.002	1.171	811.272	1064.336	1686.785	2189.933	1628.618	
1.318	1.016	1.281	1.076	1.183	1.329	1.016	1.286	1.082	1.182	1.335	1.013	1.293	1.074	1.178	1.347	1.013	1.292	1.016	1.179	1.343	1.011	1.290	1.002	1.172	934.697	1235.886	1972.729	2081.676	1584.603	
1.318	1.016	1.282	1.076	1.184	1.329	1.017	1.286	1.082	1.183	1.334	1.014	1.293	1.073	1.177	1.347	1.014	1.293	1.017	1.179	1.343	1.011	1.291	1.003	1.172	1076.901	1435.086	2307.149	1978.769	1541.776	
1.318	1.016	1.283	1.075	1.185	1.328	1.018	1.286	1.082	1.184	1.334	1.015	1.293	1.072	1.177	1.347	1.014	1.293	1.017	1.180	1.343	1.011	1.291	1.004	1.173	1240.816	1665.837	2695.819	1881.770	1500.594	
1.317	1.016	1.283	1.075	1.185	1.328	1.018	1.287	1.082	1.184	1.334	1.015	1.294	1.073	1.178	1.347	1.014	1.293	1.017	1.180	1.342	1.011	1.291	1.003	1.173	1447.116	1812.000	2642.379	1947.831	1555.250	
1.317	1.017	1.283	1.075	1.185	1.328	1.017	1.287	1.081	1.185	1.334	1.015	1.296	1.074	1.179	1.347	1.014	1.293	1.017	1.181	1.342	1.012	1.290	1.003	1.174	1687.717	1970.987	2589.996	2016.211	1611.896	
1.316	1.017	1.284	1.075	1.185	1.328	1.017	1.288	1.081	1.185	1.335	1.015	1.297	1.074	1.179	1.348	1.014	1.293	1.017	1.181	1.341	1.012	1.290	1.003	1.174	1968.320	2143.924	2538.654	2086.991	1670.606	
1.316	1.017	1.284	1.075	1.185	1.329	1.017	1.289	1.081	1.186	1.335	1.015	1.298	1.075	1.180	1.348	1.014	1.293	1.016	1.182	1.340	1.012	1.290	1.003	1.175	2294.175	2331.615	2488.369	2159.651	1731.197	
1.316	1.017	1.284	1.074	1.185	1.328	1.016	1.289	1.081	1.185	1.334	1.014	1.298	1.074	1.181	1.348	1.014	1.293	1.016	1.182	1.341	1.012	1.290	1.003	1.175	2375.702	2449.184	2446.816	2116.880	1743.079	
1.316	1.018	1.284	1.073	1.185	1.327	1.016	1.290	1.081	1.185	1.334	1.014	1.297	1.073	1.181	1.348	1.014	1.293	1.016	1.182	1.341	1.012	1.290	1.004	1.176	2460.125	2572.682	2405.957	2074.953	1755.044	
1.316	1.018	1.284	1.073	1.185	1.326	1.016	1.290	1.082	1.185	1.333	1.014	1.297	1.073	1.182	1.348	1.014	1.294	1.015	1.182	1.341	1.012	1.291	1.004	1.176	2547.549	2702.406	2365.780	2033.856	1767.091	
1.316	1.018	1.284	1.072	1.185	1.325	1.015	1.291	1.082	1.184	1.333	1.013	1.297	1.072	1.182	1.348	1.013	1.294	1.015	1.182	1.342	1.012	1.291	1.005	1.176	2637.296	2838.078	2326.390	1993.926	1779.171	
1.316	1.017	1.285	1.073	1.186	1.324	1.016	1.291	1.082	1.185	1.333	1.014	1.297	1.073	1.183	1.348	1.013	1.295	1.015	1.183	1.342	1.012	1.292	1.005	1.177	2577.704	2862.443	2309.577	2022.263	1781.958	
1.317	1.017	1.286	1.073	1.186	1.323	1.016	1.291	1.081	1.186	1.334	1.014	1.298	1.073	1.184	1.348	1.014	1.297	1.015	1.183	1.342	1.012	1.293	1.005	1.177	2519.461	2887.014	2292.887	2051.004	1784.749	
1.317	1.016	1.286	1.074	1.187	1.322	1.016	1.291	1.081	1.186	1.334	1.014	1.298	1.074	1.185	1.348	1.014	1.298	1.015	1.184	1.342	1.013	1.293	1.005	1.178	2462.532	2911.799	2276.316	2080.154	1787.544	
1.318	1.016	1.287	1.074	1.188	1.321	1.016	1.291	1.080	1.187	1.334	1.015	1.298	1.074	1.185	1.348	1.014	1.300	1.015	1.185	1.342	1.013	1.294	1.005	1.178	2408.136	2936.916	2259.890	2109.196	1790.318	
1.317	1.016	1.287	1.074	1.189	1.322	1.017	1.293	1.081	1.187	1.334	1.015	1.299	1.074	1.186	1.347	1.014	1.299	1.015	1.185	1.341	1.012	1.294	1.005	1.178	2602.954	2986.118	2248.080	2038.911	1787.827	
1.317	1.016	1.287	1.073	1.190	1.322	1.017	1.294	1.081	1.186	1.334	1.014	1.300	1.075	1.186	1.347	1.015	1.299	1.015	1.185	1.341	1.012	1.295	1.004	1.179	2813.528	3036.145	2236.331	1970.968	1785.342	
1.317	1.017	1.288	1.073	1.191	1.322	1.018	1.295	1.082	1.186	1.334	1.014	1.301	1.075	1.186	1.346	1.015	1.299	1.015	1.185	1.341	1.012	1.295	1.003	1.179	3041.140	3087.006	2224.645	1905.290	1782.858	
1.317	1.017	1.288	1.072	1.192	1.322	1.018	1.296	1.082	1.186	1.334	1.014	1.302	1.075	1.187	1.345	1.015	1.299	1.015	1.185	1.341	1.011	1.295	1.003	1.179	3285.969	3137.930	2213.565	1842.300	1780.385	
1.316	1.017	1.288	1.073	1.191	1.321	1.018	1.296	1.082	1.187	1.334	1.014	1.302	1.074	1.187	1.346	1.015	1.300	1.015	1.185	1.340	1.011	1.297	1.002	1.179	3310.051	3038.145	2310.205	1877.123	1779.151	
1.316	1.016	1.288	1.073	1.190	1.320	1.018	1.296	1.081	1.188	1.334	1.014	1.303	1.072	1.187	1.346	1.015	1.301	1.015	1.185	1.339	1.011	1.298	1.001	1.179	3334.307	2941.533	2411.063	1912.604	1777.919	
1.315	1.016	1.288	1.074	1.190	1.319	1.018	1.296	1.081	1.189	1.335	1.015	1.303	1.071	1.188	1.347	1.014	1.302	1.015	1.185	1.339	1.012	1.300	1.001	1.179	3358.747	2847.997	2516.325	1948.756	1776.688	
1.314	1.016	1.288	1.074	1.189	1.319	1.018	1.296	1.080	1.190	1.335	1.015	1.304	1.070	1.188	1.347	1.014	1.303	1.015	1.185	1.338	1.012	1.301	1.000	1.179	3382.042	2757.398	2624.826	1985.503	1775.578	
1.314	1.016	1.289	1.074	1.190	1.319	1.018	1.296	1.080	1.189	1.334	1.015	1.303	1.070	1.189	1.347	1.014	1.302	1.015	1.185	1.339	1.012	1.301	1.001	1.180	3159.263	2663.311	2478.868	2005.839	1797.921	
1.313	1.016	1.290	1.074	1.190	1.319	1.018	1.296	1.081	1.189	1.334	1.014	1.303	1.070	1.189	1.347	1.015	1.302	1.014	1.186	1.340	1.012	1.302	1.001	1.181	2951.158	2572.435	2341.027	2026.382	1820.545	
1.312	1.015	1.290	1.074	1.191	1.319	1.018	1.297	1.081	1.189	1.333	1.014	1.303	1.070	1.190	1.347	1.015	1.302	1.014	1.187	1.340	1.013	1.302	1.001	1.182	2756.764	2484.659	2210.851	2047.135	1843.452	
1.312	1.015	1.291	1.073	1.191	1.319	1.017	1.297	1.081	1.189	1.333	1.014	1.303	1.070	1.191	1.347	1.015	1.302	1.014	1.187	1.341	1.013	1.303	1.002	1.183	2576.718	2400.819	2089.004	2068.166	1866.603	
1.312	1.015	1.292	1.073	1.192	1.318	1.017	1.298	1.081	1.190	1.334	1.014	1.304	1.070	1.191	1.347	1.015	1.302	1.014	1.187	1.341	1.012	1.303	1.001	1.184	2702.617	2500.934	2181.928	2101.663	1880.965	
1.312	1.015	1.293	1.073	1.192	1.317	1.017	1.298	1.080	1.191	1.334	1.015	1.305	1.070	1.190	1.347	1.015	1.302	1.014	1.187	1.341	1.012	1.303	1.001	1.184	2834.667	2605.227	2278.985	2135.702	1895.437	
1.312	1.016	1.293	1.073	1.193	1.317	1.017	1.299	1.080	1.192	1.335	1.015	1.306	1.070	1.190	1.347	1.015	1.303	1.014	1.188	1.340	1.012	1.302	1.001	1.185	2973.170	2713.866	2380.361	2170.293	1910.021	
1.312	1.016	1.294	1.073	1.193	1.316	1.016	1.300	1.079	1.193	1.336	1.016	1.306	1.070	1.190	1.347	1.015	1.303	1.014	1.188	1.340	1.011	1.302	1.001	1.185	3117.544	2825.584	2485.532	2204.847	1923.808	
1.312	1.016	1.294	1.073	1.193	1.316	1.017	1.300	1.079	1.192	1.336	1.016	1.307	1.070	1.190	1.347	1.015	1.303	1.014	1.189	1.340	1.012	1.303	1.001	1.185	3093.853	2665.771	2456.370	2126.322	1770.310	
1.312	1.016	1.295	1.073	1.194	1.316	1.017	1.300	1.079	1.192	1.335	1.016	1.307	1.071	1.190	1.347	1.015	1.304	1.013	1.190	1.339	1.013	1.303	1.001	1.185	3070.341	2514.998	2427.549	2050.595	1629.060	
1.311	1.017	1.295	1.073	1.195	1.316	1.018	1.301	1.079	1.191	1.335	1.016	1.307	1.071	1.190	1.347	1.015	1.305	1.013	1.191	1.339	1.013	1.304	1.000	1.185	3047.007	2372.751	2399.068	1977.565	1499.079	
1.311	1.017	1.296	1.073	1.195	1.316	1.018	1.301	1.079	1.191	1.335	1.016	1.307	1.071	1.190	1.347	1.014	1.305	1.012	1.193	1.339	1.014	1.305	1.000	1.184	3023.923	2240.224	2371.211	1907.371	1380.402	
1.310	1.017	1.296	1.073	1.195	1.317	1.018	1.301	1.080	1.191	1.334	1.015	1.308	1.071	1.191	1.347	1.014	1.306	1.013	1.193	1.339	1.014	1.303	1.001	1.185	3014.902	2440.089	2399.361	1883.768	1446.453	
1.309	1.017	1.296	1.073	1.196	1.317	1.017	1.302	1.080	1.192	1.334	1.015	1.310	1.071	1.192	1.346	1.015	1.307	1.013	1.193	1.339	1.014	1.302	1.003	1.185	3005.910	2657.783	2427.848	1860.457	1515.665	
1.308	1.017	1.297	1.073	1.196	1.317	1.017	1.302	1.080	1.192	1.334	1.014	1.311	1.071	1.193	1.346	1.015	1.308	1.013	1.194	1.339	1.014	1.301	1.004	1.186	2996.943	2894.899	2456.671	1837.435	1588.188	
1.307	1.017	1.297	1.073	1.196	1.318	1.016	1.303	1.080	1.193	1.333	1.014	1.312	1.071	1.194	1.345	1.015	1.309	1.013	1.194	1.339	1.014	1.300	1.005	1.186	2988.597	3151.674	2485.861	1814.629	1663.906	
1.307	1.017	1.298	1.073	1.197	1.317	1.017	1.303	1.080	1.193	1.333	1.014	1.312	1.071	1.194	1.345	1.015	1.310	1.014	1.194	1.338	1.014	1.302	1.004	1.187	3095.266	3134.094	2519.935	1779.195	1689.112	
1.307	1.016	1.299	1.073	1.197	1.317	1.017	1.303	1.080	1.194	1.333	1.014	1.313	1.070	1.195	1.345	1.015	1.310	1.015	1.194	1.338	1.014	1.304	1.003	1.187	3205.741	3116.616	2554.475	1744.452	1714.699	
1.307	1.016	1.299	1.074	1.198	1.317	1.017	1.303	1.080	1.195	1.333	1.014	1.313	1.070	1.195	1.344	1.014	1.311	1.016	1.194	1.338	1.014	1.306	1.003	1.187	3320.160	3099.232	2589.490	1710.390	1740.674	
1.306	1.016	1.300	1.074	1.198	1.316	1.017	1.304	1.080	1.196	1.332	1.014	1.313	1.070	1.195	1.344	1.014	1.311	1.017	1.194	1.338	1.014	1.308	1.002	1.188	3438.026	3082.151	2624.611	1677.399	1767.060	
1.307	1.016	1.301	1.074	1.199	1.316	1.017	1.305	1.081	1.196	1.333	1.014	1.313	1.070	1.196	1.345	1.014	1.311	1.016	1.194	1.338	1.014	1.309	1.002	1.188	3436.507	3103.836	2589.501	1723.240	1797.372	
1.308	1.017	1.302	1.073	1.199	1.316	1.017	1.305	1.081	1.196	1.333	1.014	1.313	1.071	1.196	1.345	1.014	1.311	1.015	1.194	1.338	1.014	1.309	1.002	1.188	3434.986	3125.675	2554.856	1770.331	1828.205	
1.309	1.017	1.303	1.072	1.199	1.316	1.017	1.306	1.081	1.197	1.333	1.014	1.313	1.071	1.197	1.346	1.014	1.310	1.014	1.194	1.338	1.014	1.310	1.002	1.188	3433.465	3147.666	2520.678	1818.711	1859.566	
1.309	1.017	1.304	1.072	1.200	1.316	1.018	1.307	1.082	1.197	1.334	1.014	1.313	1.072	1.197	1.347	1.014	1.310	1.013	1.195	1.338	1.014	1.311	1.002	1.188	3431.946	3169.812	2486.958	1868.413	1891.464	
1.310	1.018	1.305	1.071	1.200	1.315	1.018	1.308	1.082	1.197	1.334	1.014	1.313	1.072	1.198	1.347	1.014	1.310	1.013	1.195	1.338	1.014	1.311	1.003	1.187	3430.430	3192.114	2453.685	1919.472	1923.910	
1.311	1.018	1.306	1.071	1.200	1.315	1.018	1.309	1.083	1.198	1.335	1.014	1.313	1.072	1.198	1.348	1.014	1.309	1.012	1.195	1.338	1.014	1.312	1.003	1.187	3428.912	3214.572	2420.860	1971.928	1956.913	
1.312	1.018	1.306	1.070	1.201	1.315	1.018	1.309	1.083	1.198	1.335	1.014	1.313	1.073	1.199	1.349	1.015	1.309	1.011	1.195	1.338	1.014	1.312	1.003	1.187	3427.393	3237.191	2388.476	2025.815	1990.482	
1.033	1.057	1.041	1.061	1.079	1.030	1.060	1.046	1.077	1.074	1.026	1.063	1.054	1.081	1.070	1.021	1.065	1.055	1.032	1.065	1.015	1.070	1.056	1.033	1.061	2691.969	2640.285	2088.533	1921.911	1683.428	
1.033	1.057	1.040	1.063	1.079	1.030	1.060	1.046	1.077	1.074	1.027	1.062	1.053	1.081	1.070	1.021	1.065	1.054	1.031	1.065	1.015	1.070	1.056	1.032	1.061	2720.028	2545.070	2214.579	1926.973	1670.959	
1.033	1.057	1.040	1.064	1.079	1.031	1.060	1.046	1.077	1.074	1.027	1.062	1.053	1.081	1.069	1.021	1.065	1.054	1.031	1.065	1.015	1.070	1.056	1.031	1.060	2748.377	2453.288	2348.231	1932.049	1658.582	
1.034	1.058	1.039	1.065	1.079	1.032	1.060	1.046	1.077	1.073	1.027	1.061	1.053	1.080	1.069	1.020	1.065	1.053	1.030	1.065	1.015	1.070	1.055	1.029	1.060	2777.024	2364.816	2489.953	1937.136	1646.299	
1.034	1.058	1.039	1.066	1.079	1.032	1.060	1.046	1.077	1.073	1.028	1.060	1.052	1.080	1.069	1.020	1.065	1.053	1.030	1.065	1.014	1.071	1.055	1.028	1.059	2805.965	2279.535	2640.221	1942.237	1634.105	
1.034	1.058	1.039	1.065	1.078	1.032	1.060	1.045	1.078	1.073	1.027	1.060	1.052	1.080	1.069	1.020	1.064	1.053	1.031	1.065	1.014	1.070	1.055	1.028	1.059	2881.171	2368.331	2569.303	2014.199	1620.099	
1.034	1.058	1.039	1.064	1.078	1.031	1.059	1.045	1.078	1.073	1.027	1.060	1.051	1.080	1.069	1.020	1.064	1.053	1.032	1.065	1.014	1.070	1.055	1.029	1.058	2958.395	2460.586	2500.290	2088.825	1606.211	
1.034	1.058	1.039	1.063	1.078	1.030	1.058	1.044	1.078	1.073	1.026	1.060	1.051	1.080	1.068	1.021	1.064	1.052	1.033	1.065	1.014	1.070	1.055	1.029	1.058	3037.686	2556.436	2433.131	2166.215	1592.444	
1.034	1.058	1.039	1.061	1.078	1.030	1.058	1.043	1.078	1.073	1.026	1.060	1.050	1.080	1.068	1.021	1.063	1.052	1.034	1.064	1.013	1.069	1.055	1.029	1.058	3119.099	2656.014	2367.777	2246.473	1578.796	
1.034	1.058	1.039	1.061	1.077	1.030	1.058	1.044	1.077	1.072	1.026	1.060	1.051	1.079	1.068	1.021	1.064	1.053	1.033	1.064	1.013	1.070	1.056	1.029	1.058	3120.175	2596.942	2379.246	2130.069	1597.043	
1.033	1.058	1.039	1.061	1.076	1.030	1.059	1.044	1.076	1.072	1.025	1.060	1.051	1.078	1.068	1.021	1.064	1.053	1.033	1.063	1.014	1.070	1.057	1.029	1.058	3121.250	2539.186	2390.768	2019.694	1615.500	
1.033	1.058	1.040	1.061	1.075	1.030	1.059	1.044	1.076	1.071	1.025	1.060	1.051	1.078	1.068	1.022	1.064	1.054	1.032	1.063	1.014	1.070	1.058	1.028	1.058	3122.327	2482.713	2402.347	1915.041	1634.170	
1.033	1.058	1.040	1.061	1.075	1.030	1.060	1.044	1.075	1.071	1.025	1.060	1.051	1.077	1.068	1.022	1.064	1.054	1.031	1.062	1.014	1.070	1.058	1.028	1.058	3123.398	2427.501	2413.981	1815.814	1653.057	
1.033	1.058	1.040	1.061	1.075	1.030	1.059	1.044	1.075	1.071	1.025	1.060	1.052	1.078	1.067	1.022	1.063	1.054	1.031	1.062	1.014	1.070	1.057	1.029	1.058	3006.628	2481.093	2401.847	1798.648	1636.313	
1.033	1.058	1.041	1.061	1.075	1.030	1.059	1.044	1.076	1.071	1.025	1.060	1.052	1.079	1.067	1.021	1.063	1.053	1.031	1.062	1.013	1.069	1.056	1.031	1.057	2894.225	2535.866	2389.772	1781.644	1619.741	
1.034	1.058	1.042	1.061	1.076	1.031	1.058	1.044	1.076	1.071	1.025	1.059	1.052	1.079	1.066	1.021	1.062	1.052	1.031	1.062	1.013	1.069	1.055	1.032	1.056	2786.023	2591.852	2377.760	1764.801	1603.336	
1.034	1.058	1.042	1.061	1.076	1.031	1.057	1.044	1.076	1.071	1.025	1.059	1.052	1.080	1.065	1.021	1.061	1.051	1.030	1.062	1.013	1.068	1.054	1.034	1.055	2681.875	2649.071	2365.808	1748.117	1587.099	
1.034	1.058	1.041	1.061	1.076	1.031	1.057	1.044	1.076	1.071	1.025	1.059	1.052	1.079	1.065	1.021	1.062	1.052	1.030	1.062	1.013	1.068	1.054	1.033	1.055	2810.756	2656.361	2367.779	1753.473	1604.891	
1.034	1.057	1.041	1.060	1.075	1.032	1.057	1.044	1.075	1.070	1.025	1.060	1.051	1.078	1.065	1.021	1.062	1.052	1.031	1.062	1.013	1.067	1.054	1.032	1.055	2945.828	2663.674	2369.753	1758.846	1622.883	
1.034	1.057	1.040	1.060	1.075	1.032	1.057	1.044	1.075	1.070	1.025	1.060	1.050	1.077	1.064	1.022	1.062	1.052	1.031	1.063	1.014	1.067	1.054	1.031	1.054	3087.391	2671.006	2371.728	1764.235	1641.077	
1.034	1.056	1.039	1.060	1.075	1.033	1.057	1.045	1.075	1.069	1.025	1.061	1.050	1.075	1.064	1.022	1.062	1.053	1.031	1.063	1.014	1.067	1.054	1.030	1.054	3235.747	2678.356	2373.704	1769.644	1659.472	
1.034	1.056	1.039	1.060	1.075	1.033	1.057	1.045	1.075	1.069	1.025	1.060	1.050	1.076	1.065	1.022	1.062	1.052	1.030	1.062	1.014	1.066	1.053	1.030	1.055	3156.281	2686.301	2393.243	1831.259	1654.942	
1.034	1.056	1.039	1.060	1.074	1.032	1.058	1.045	1.076	1.068	1.025	1.059	1.051	1.076	1.065	1.022	1.063	1.051	1.030	1.062	1.013	1.066	1.053	1.030	1.055	3078.768	2694.270	2412.942	1895.020	1650.422	
1.034	1.056	1.039	1.060	1.074	1.032	1.059	1.045	1.076	1.068	1.025	1.058	1.051	1.077	1.065	1.021	1.063	1.050	1.029	1.062	1.013	1.066	1.052	1.030	1.055	3003.159	2702.259	2432.804	1961.001	1645.917	
1.034	1.056	1.039	1.060	1.074	1.032	1.059	1.045	1.076	1.067	1.025	1.057	1.052	1.077	1.066	1.021	1.063	1.049	1.028	1.062	1.012	1.065	1.052	1.029	1.056	2929.401	2710.272	2452.826	2029.273	1641.421	
1.034	1.055	1.039	1.061	1.073	1.032	1.058	1.044	1.075	1.067	1.026	1.058	1.051	1.077	1.065	1.021	1.062	1.050	1.029	1.062	1.012	1.066	1.053	1.029	1.055	2799.176	2654.442	2424.417	2008.189	1626.538	
1.034	1.055	1.039	1.061	1.073	1.031	1.057	1.043	1.074	1.067	1.026	1.058	1.050	1.077	1.065	1.021	1.062	1.050	1.030	1.061	1.012	1.066	1.054	1.029	1.054	2674.742	2599.764	2396.336	1987.323	1611.788	
1.034	1.055	1.039	1.061	1.073	1.031	1.057	1.042	1.073	1.068	1.026	1.059	1.049	1.077	1.065	1.021	1.062	1.051	1.030	1.061	1.012	1.066	1.054	1.029	1.054	2555.841	2546.212	2368.581	1966.673	1597.174	
1.034	1.055	1.039	1.061	1.073	1.031	1.056	1.040	1.072	1.068	1.027	1.059	1.048	1.077	1.064	1.021	1.062	1.051	1.031	1.061	1.012	1.067	1.055	1.028	1.053	2442.234	2493.772	2341.154	1946.240	1582.695	
1.034	1.055	1.039	1.061	1.073	1.031	1.056	1.041	1.072	1.067	1.026	1.058	1.048	1.077	1.064	1.021	1.062	1.051	1.030	1.060	1.012	1.067	1.054	1.029	1.053	2501.046	2551.669	2389.279	1948.683	1631.235	
1.034	1.056	1.039	1.060	1.072	1.031	1.057	1.041	1.072	1.067	1.025	1.058	1.048	1.076	1.063	1.021	1.062	1.051	1.030	1.060	1.013	1.066	1.053	1.029	1.053	2561.276	2610.909	2438.395	1951.128	1681.264	
1.034	1.056	1.039	1.060	1.072	1.031	1.057	1.042	1.072	1.066	1.024	1.057	1.048	1.076	1.063	1.021	1.062	1.051	1.029	1.059	1.013	1.066	1.052	1.030	1.053	2622.956	2671.522	2488.521	1953.577	1732.828	
1.034	1.057	1.039	1.059	1.072	1.030	1.058	1.043	1.072	1.065	1.023	1.057	1.047	1.076	1.063	1.021	1.062	1.051	1.029	1.058	1.013	1.066	1.051	1.030	1.053	2686.122	2733.527	2539.660	1956.029	1785.961	
1.034	1.056	1.039	1.059	1.072	1.030	1.058	1.042	1.072	1.066	1.024	1.057	1.048	1.075	1.062	1.021	1.062	1.051	1.029	1.058	1.013	1.066	1.051	1.030	1.053	2776.972	2602.787	2414.792	1962.448	1692.515	
1.034	1.056	1.039	1.059	1.072	1.030	1.057	1.042	1.072	1.066	1.024	1.057	1.048	1.075	1.062	1.021	1.063	1.051	1.029	1.058	1.012	1.066	1.051	1.030	1.053	2870.896	2478.297	2296.062	1968.886	1603.957	
1.034	1.056	1.038	1.059	1.073	1.030	1.057	1.042	1.072	1.066	1.025	1.057	1.049	1.075	1.062	1.020	1.063	1.050	1.029	1.058	1.012	1.066	1.051	1.029	1.053	2967.996	2359.761	2183.168	1975.346	1520.034	
1.034	1.056	1.038	1.059	1.073	1.029	1.057	1.041	1.072	1.067	1.025	1.056	1.049	1.075	1.062	1.020	1.063	1.050	1.029	1.058	1.012	1.066	1.052	1.029	1.052	3068.366	2246.910	2075.834	1981.826	1440.513	
1.034	1.055	1.038	1.059	1.072	1.030	1.057	1.041	1.072	1.066	1.025	1.057	1.049	1.075	1.062	1.020	1.063	1.050	1.029	1.058	1.011	1.066	1.051	1.029	1.052	3014.977	2292.256	2057.445	1963.826	1493.594	
1.034	1.055	1.037	1.060	1.072	1.030	1.057	1.041	1.072	1.066	1.025	1.058	1.048	1.074	1.062	1.019	1.063	1.050	1.029	1.057	1.011	1.066	1.051	1.029	1.052	2962.518	2338.518	2039.217	1945.989	1548.630	
1.034	1.054	1.037	1.060	1.071	1.030	1.057	1.042	1.072	1.066	1.025	1.058	1.047	1.074	1.061	1.019	1.062	1.049	1.029	1.057	1.011	1.065	1.050	1.029	1.052	2910.970	2385.715	2021.151	1928.314	1605.695	
1.034	1.054	1.037	1.060	1.071	1.030	1.057	1.042	1.072	1.065	1.025	1.059	1.046	1.074	1.061	1.019	1.062	1.049	1.029	1.056	1.011	1.065	1.050	1.029	1.052	2860.324	2433.865	2003.257	1910.802	1664.854	
1.034	1.054	1.037	1.061	1.071	1.030	1.056	1.042	1.072	1.065	1.025	1.059	1.047	1.074	1.061	1.019	1.062	1.048	1.028	1.056	1.011	1.065	1.051	1.028	1.052	2859.271	2506.326	2108.786	1917.909	1634.426	
1.034	1.054	1.037	1.061	1.071	1.031	1.055	1.042	1.072	1.065	1.025	1.059	1.047	1.074	1.060	1.019	1.062	1.048	1.028	1.056	1.012	1.065	1.051	1.028	1.052	2858.216	2580.943	2219.872	1925.042	1604.553	
1.033	1.055	1.038	1.061	1.071	1.031	1.055	1.042	1.072	1.065	1.026	1.059	1.047	1.074	1.060	1.020	1.062	1.048	1.028	1.056	1.012	1.066	1.052	1.028	1.052	2857.165	2657.780	2336.812	1932.203	1575.227	
1.033	1.055	1.038	1.061	1.071	1.032	1.054	1.042	1.072	1.065	1.026	1.059	1.048	1.075	1.059	1.020	1.062	1.047	1.028	1.056	1.012	1.066	1.052	1.027	1.051	2856.113	2736.894	2459.888	1939.381	1546.441	
1.033	1.055	1.038	1.060	1.071	1.031	1.054	1.041	1.073	1.065	1.026	1.058	1.047	1.075	1.059	1.019	1.061	1.047	1.028	1.056	1.012	1.065	1.051	1.027	1.051	2864.890	2692.076	2385.727	1876.914	1560.261	
1.033	1.055	1.038	1.060	1.070	1.031	1.054	1.041	1.073	1.065	1.026	1.058	1.047	1.075	1.059	1.019	1.061	1.047	1.028	1.057	1.013	1.065	1.050	1.026	1.050	2873.690	2647.993	2313.801	1816.459	1574.203	
1.033	1.055	1.038	1.059	1.070	1.030	1.055	1.040	1.074	1.064	1.025	1.057	1.046	1.075	1.059	1.019	1.060	1.047	1.027	1.057	1.013	1.065	1.049	1.026	1.050	2882.519	2604.632	2244.045	1757.950	1588.272	
1.033	1.055	1.038	1.058	1.069	1.030	1.055	1.040	1.075	1.064	1.025	1.056	1.046	1.075	1.060	1.018	1.059	1.046	1.027	1.057	1.013	1.064	1.048	1.025	1.049	2891.384	2561.993	2176.390	1701.328	1602.465	
1.033	1.054	1.037	1.058	1.069	1.029	1.055	1.040	1.074	1.064	1.024	1.056	1.046	1.075	1.059	1.018	1.059	1.047	1.027	1.056	1.013	1.064	1.049	1.025	1.049	2972.465	2601.454	2112.670	1670.890	1626.351	
1.033	1.054	1.037	1.057	1.068	1.029	1.055	1.040	1.073	1.064	1.024	1.057	1.046	1.074	1.059	1.018	1.059	1.047	1.027	1.056	1.013	1.064	1.049	1.026	1.049	3055.819	2641.524	2050.818	1640.995	1650.594	
1.033	1.053	1.036	1.057	1.068	1.029	1.055	1.040	1.073	1.064	1.023	1.057	1.046	1.074	1.059	1.017	1.059	1.048	1.027	1.056	1.013	1.064	1.050	1.026	1.048	3141.511	2682.210	1990.774	1611.636	1675.196	
1.033	1.053	1.035	1.056	1.068	1.028	1.055	1.040	1.072	1.065	1.023	1.057	1.046	1.074	1.059	1.017	1.059	1.048	1.027	1.056	1.013	1.064	1.050	1.026	1.048	3229.589	2723.521	1932.508	1582.818	1700.153	
1.033	1.052	1.035	1.056	1.068	1.028	1.054	1.040	1.072	1.064	1.023	1.057	1.046	1.074	1.059	1.017	1.059	1.048	1.027	1.056	1.012	1.064	1.050	1.027	1.048	3188.685	2744.554	2026.890	1681.429	1637.043	
1.033	1.052	1.035	1.057	1.068	1.028	1.053	1.039	1.072	1.063	1.024	1.056	1.046	1.074	1.059	1.017	1.059	1.048	1.026	1.055	1.012	1.064	1.049	1.028	1.047	3148.302	2765.750	2125.881	1786.185	1576.275	
1.033	1.052	1.035	1.057	1.068	1.027	1.052	1.039	1.071	1.062	1.024	1.056	1.046	1.074	1.059	1.017	1.059	1.047	1.026	1.055	1.011	1.064	1.049	1.028	1.047	3108.427	2787.109	2229.705	1897.466	1517.763	
1.033	1.051	1.035	1.057	1.068	1.027	1.051	1.039	1.071	1.061	1.024	1.056	1.046	1.074	1.059	1.016	1.059	1.047	1.026	1.055	1.011	1.064	1.048	1.029	1.047	3069.062	2808.622	2338.584	2015.662	1461.435	
1.033	1.052	1.035	1.056	1.068	1.027	1.052	1.039	1.071	1.062	1.024	1.056	1.046	1.074	1.059	1.017	1.059	1.047	1.026	1.055	1.011	1.064	1.048	1.028	1.047	3041.437	2752.444	2325.474	2002.961	1477.365	
1.033	1.053	1.035	1.056	1.067	1.027	1.052	1.039	1.071	1.062	1.024	1.056	1.046	1.073	1.059	1.017	1.060	1.047	1.025	1.055	1.012	1.064	1.048	1.027	1.048	3014.060	2697.390	2312.439	1990.337	1493.468	
1.033	1.053	1.035	1.056	1.067	1.027	1.053	1.039	1.070	1.062	1.023	1.056	1.045	1.073	1.058	1.018	1.060	1.047	1.025	1.054	1.012	1.063	1.048	1.026	1.048	2986.934	2643.438	2299.476	1977.794	1509.747	
1.033	1.054	1.035	1.055	1.067	1.027	1.053	1.038	1.070	1.062	1.023	1.056	1.045	1.072	1.058	1.018	1.060	1.047	1.024	1.054	1.012	1.063	1.048	1.025	1.048	2960.060	2590.566	2286.589	1965.335	1526.200	
1.032	1.054	1.035	1.056	1.066	1.027	1.053	1.039	1.070	1.062	1.023	1.056	1.045	1.072	1.058	1.018	1.060	1.046	1.025	1.054	1.012	1.063	1.048	1.025	1.048	3017.223	2543.138	2291.207	1991.138	1516.593	
1.032	1.053	1.035	1.056	1.066	1.027	1.053	1.039	1.070	1.062	1.024	1.055	1.045	1.072	1.057	1.018	1.059	1.046	1.025	1.054	1.011	1.063	1.047	1.025	1.048	3075.487	2496.580	2295.833	2017.276	1507.046	
1.031	1.053	1.035	1.056	1.066	1.027	1.054	1.039	1.071	1.061	1.024	1.054	1.045	1.072	1.057	1.017	1.059	1.045	1.025	1.054	1.011	1.063	1.047	1.025	1.048	3134.878	2450.873	2300.471	2043.759	1497.560	
1.031	1.052	1.035	1.056	1.065	1.027	1.054	1.039	1.071	1.061	1.024	1.053	1.045	1.072	1.057	1.017	1.059	1.044	1.026	1.054	1.011	1.062	1.046	1.025	1.048	3195.390	2406.036	2305.107	2070.576	1488.125	
1.031	1.052	1.035	1.056	1.065	1.027	1.053	1.039	1.071	1.060	1.024	1.054	1.045	1.072	1.056	1.017	1.058	1.044	1.026	1.054	1.010	1.062	1.046	1.025	1.048	3087.985	2548.313	2253.783	2016.291	1429.357	
1.031	1.052	1.034	1.057	1.065	1.027	1.053	1.040	1.070	1.060	1.024	1.055	1.045	1.072	1.056	1.016	1.058	1.044	1.025	1.054	1.010	1.062	1.045	1.025	1.047	2984.190	2699.004	2203.602	1963.429	1372.909	
1.031	1.052	1.034	1.057	1.065	1.028	1.052	1.040	1.070	1.060	1.023	1.056	1.045	1.073	1.056	1.015	1.058	1.044	1.025	1.054	1.010	1.062	1.044	1.025	1.047	2883.884	2858.604	2154.538	1911.954	1318.691	
1.031	1.052	1.033	1.058	1.066	1.028	1.051	1.040	1.070	1.059	1.023	1.057	1.045	1.073	1.056	1.015	1.057	1.044	1.025	1.054	1.010	1.063	1.044	1.025	1.047	2786.958	3027.601	2106.579	1861.805	1266.578	
1.031	1.052	1.033	1.057	1.065	1.028	1.052	1.040	1.070	1.059	1.022	1.056	1.044	1.072	1.056	1.015	1.057	1.044	1.025	1.054	1.010	1.062	1.045	1.025	1.047	2738.533	2957.613	2139.684	1691.413	1036.919	
1.031	1.053	1.033	1.056	1.064	1.027	1.052	1.040	1.070	1.059	1.021	1.056	1.043	1.072	1.056	1.015	1.057	1.044	1.025	1.054	1.011	1.062	1.045	1.026	1.047	2690.948	2889.239	2173.308	1536.616	848.902	
1.031	1.053	1.033	1.055	1.064	1.027	1.052	1.039	1.070	1.060	1.020	1.055	1.042	1.071	1.056	1.015	1.057	1.044	1.026	1.053	1.011	1.062	1.046	1.027	1.047	2644.191	2822.446	2207.461	1395.986	694.977	
1.031	1.053	1.034	1.054	1.063	1.027	1.052	1.039	1.070	1.060	1.020	1.055	1.041	1.070	1.056	1.015	1.057	1.044	1.026	1.053	1.011	1.061	1.047	1.028	1.047	2598.268	2757.198	2242.094	1268.199	568.965	
1.031	1.053	1.034	1.055	1.063	1.027	1.052	1.039	1.069	1.060	1.020	1.055	1.041	1.071	1.056	1.015	1.058	1.045	1.026	1.053	1.011	1.061	1.047	1.028	1.047	2673.631	2697.480	1986.093	1029.011	478.739	
1.030	1.052	1.034	1.055	1.063	1.026	1.052	1.038	1.069	1.060	1.020	1.055	1.042	1.072	1.056	1.015	1.058	1.045	1.026	1.052	1.011	1.061	1.048	1.027	1.047	2751.180	2639.057	1759.322	834.934	402.821	
1.030	1.051	1.034	1.056	1.063	1.026	1.052	1.038	1.069	1.060	1.020	1.055	1.042	1.073	1.056	1.015	1.058	1.045	1.025	1.052	1.011	1.062	1.048	1.027	1.047	2830.980	2581.896	1558.443	677.461	338.943	
1.030	1.050	1.034	1.056	1.063	1.026	1.052	1.038	1.068	1.060	1.021	1.055	1.042	1.073	1.056	1.015	1.059	1.046	1.025	1.051	1.011	1.062	1.048	1.026	1.047	2913.037	2525.924	1380.475	549.692	285.195	
1.030	1.050	1.034	1.056	1.063	1.025	1.052	1.037	1.069	1.059	1.021	1.055	1.042	1.073	1.055	1.016	1.058	1.045	1.025	1.051	1.011	1.062	1.048	1.025	1.047	2713.435	2226.762	1107.922	458.880	246.427	
1.030	1.050	1.033	1.056	1.063	1.025	1.051	1.037	1.069	1.059	1.021	1.054	1.041	1.073	1.055	1.016	1.058	1.045	1.025	1.051	1.010	1.062	1.048	1.025	1.046	2527.510	1963.031	889.182	383.070	212.930	
1.030	1.050	1.033	1.056	1.062	1.025	1.051	1.037	1.069	1.059	1.021	1.054	1.041	1.073	1.055	1.016	1.058	1.044	1.025	1.051	1.010	1.062	1.047	1.024	1.046	2354.325	1730.538	713.628	319.785	183.985	
1.030	1.049	1.033	1.056	1.062	1.024	1.050	1.037	1.069	1.058	1.021	1.053	1.041	1.072	1.054	1.016	1.058	1.043	1.024	1.051	1.009	1.062	1.047	1.024	1.046	2192.978	1525.551	572.737	266.956	158.976	
1.030	1.049	1.033	1.055	1.062	1.024	1.051	1.037	1.069	1.058	1.020	1.053	1.042	1.072	1.054	1.016	1.057	1.044	1.024	1.051	1.009	1.062	1.047	1.024	1.046	1922.582	1231.345	474.439	229.859	139.793	
1.030	1.049	1.033	1.054	1.063	1.024	1.051	1.037	1.068	1.057	1.020	1.054	1.042	1.072	1.053	1.016	1.057	1.044	1.024	1.051	1.009	1.062	1.047	1.025	1.046	1685.527	993.879	393.011	197.917	122.924	
1.030	1.049	1.033	1.053	1.063	1.024	1.051	1.036	1.068	1.057	1.019	1.054	1.043	1.071	1.052	1.016	1.057	1.044	1.025	1.052	1.009	1.062	1.047	1.025	1.045	1477.699	802.207	325.559	170.414	108.091	
1.030	1.049	1.032	1.052	1.063	1.024	1.052	1.036	1.067	1.057	1.018	1.054	1.044	1.071	1.052	1.016	1.056	1.044	1.025	1.052	1.009	1.062	1.046	1.025	1.045	1295.478	647.502	269.685	146.733	95.048	
1.030	1.049	1.032	1.052	1.063	1.024	1.051	1.037	1.068	1.057	1.019	1.054	1.043	1.070	1.052	1.016	1.057	1.044	1.024	1.051	1.009	1.061	1.045	1.025	1.044	1058.575	529.443	229.318	128.553	84.546	
1.030	1.049	1.032	1.052	1.062	1.023	1.050	1.037	1.069	1.057	1.019	1.053	1.042	1.070	1.052	1.016	1.057	1.044	1.023	1.051	1.010	1.061	1.044	1.024	1.044	864.995	432.909	194.993	112.625	75.205	
1.029	1.048	1.032	1.052	1.062	1.023	1.050	1.037	1.069	1.058	1.019	1.052	1.041	1.070	1.053	1.016	1.057	1.044	1.023	1.050	1.010	1.061	1.043	1.024	1.043	706.814	353.976	165.806	98.671	66.896	
1.029	1.048	1.032	1.053	1.062	1.023	1.049	1.038	1.070	1.058	1.019	1.052	1.040	1.069	1.053	1.016	1.057	1.044	1.022	1.050	1.010	1.060	1.042	1.023	1.043	577.560	289.437	140.988	86.446	59.505	
1.029	1.048	1.032	1.052	1.061	1.024	1.049	1.037	1.070	1.058	1.019	1.051	1.040	1.070	1.053	1.016	1.057	1.043	1.022	1.050	1.010	1.061	1.042	1.024	1.043	471.784	243.571	122.977	76.676	53.364	
1.029	1.048	1.032	1.052	1.061	1.024	1.049	1.036	1.069	1.057	1.020	1.051	1.040	1.070	1.052	1.016	1.057	1.043	1.023	1.050	1.010	1.061	1.043	1.024	1.043	385.380	204.973	107.266	68.011	47.857	
1.029	1.048	1.032	1.052	1.060	1.025	1.049	1.036	1.068	1.057	1.020	1.051	1.040	1.071	1.052	1.016	1.056	1.042	1.023	1.050	1.009	1.061	1.043	1.024	1.043	314.801	172.492	93.563	60.325	42.918	
1.028	1.048	1.032	1.051	1.060	1.025	1.049	1.035	1.067	1.057	1.020	1.051	1.040	1.071	1.052	1.016	1.056	1.041	1.024	1.050	1.009	1.061	1.043	1.025	1.043	257.149	145.159	81.610	53.507	38.489	
1.028	1.048	1.032	1.051	1.060	1.025	1.049	1.035	1.067	1.056	1.020	1.052	1.040	1.071	1.052	1.016	1.056	1.041	1.023	1.050	1.010	1.061	1.043	1.023	1.043	216.286	125.652	72.435	48.134	34.878	
1.028	1.048	1.032	1.051	1.060	1.024	1.049	1.035	1.067	1.055	1.019	1.052	1.041	1.071	1.051	1.016	1.055	1.041	1.023	1.049	1.010	1.061	1.043	1.022	1.043	181.916	108.767	64.291	43.300	31.605	
1.028	1.048	1.032	1.051	1.060	1.024	1.049	1.035	1.067	1.055	1.019	1.053	1.041	1.071	1.051	1.016	1.055	1.041	1.022	1.049	1.011	1.061	1.043	1.021	1.042	153.008	94.150	57.063	38.952	28.640	
1.028	1.048	1.032	1.051	1.060	1.023	1.049	1.035	1.068	1.054	1.019	1.054	1.042	1.070	1.051	1.016	1.055	1.041	1.022	1.049	1.012	1.061	1.042	1.020	1.042	128.695	81.499	50.647	35.040	25.953	
1.029	1.048	1.032	1.052	1.060	1.023	1.049	1.036	1.067	1.054	1.019	1.053	1.041	1.070	1.051	1.015	1.055	1.041	1.022	1.049	1.011	1.061	1.043	1.020	1.041	111.181	71.940	45.557	31.807	23.671	
1.029	1.048	1.032	1.053	1.060	1.024	1.049	1.036	1.067	1.054	1.019	1.052	1.041	1.070	1.051	1.014	1.055	1.041	1.023	1.049	1.011	1.061	1.043	1.020	1.041	96.051	63.502	40.979	28.872	21.590	
1.029	1.048	1.031	1.054	1.060	1.024	1.050	1.036	1.067	1.054	1.020	1.051	1.040	1.070	1.052	1.014	1.055	1.041	1.024	1.049	1.011	1.061	1.044	1.021	1.040	82.980	56.054	36.861	26.209	19.691	
1.030	1.048	1.031	1.055	1.060	1.024	1.050	1.037	1.067	1.055	1.020	1.051	1.040	1.070	1.052	1.013	1.056	1.041	1.025	1.048	1.011	1.061	1.044	1.021	1.039	71.688	49.480	33.156	23.791	17.960	
1.029	1.048	1.031	1.054	1.059	1.024	1.050	1.036	1.067	1.055	1.019	1.051	1.040	1.070	1.052	1.013	1.056	1.041	1.024	1.048	1.011	1.061	1.044	1.020	1.039	63.353	44.387	30.041	21.703	16.480	
1.029	1.048	1.031	1.053	1.059	1.023	1.050	1.035	1.068	1.055	1.018	1.051	1.040	1.070	1.051	1.013	1.056	1.041	1.024	1.048	1.010	1.060	1.045	1.020	1.039	55.988	39.817	27.218	19.799	15.121	
1.028	1.047	1.031	1.052	1.059	1.022	1.050	1.034	1.068	1.055	1.017	1.050	1.039	1.070	1.051	1.014	1.055	1.041	1.024	1.048	1.010	1.060	1.045	1.019	1.039	49.478	35.719	24.660	18.062	13.875	
1.027	1.047	1.031	1.051	1.059	1.022	1.050	1.034	1.068	1.055	1.017	1.050	1.039	1.070	1.051	1.014	1.055	1.040	1.024	1.048	1.010	1.059	1.045	1.019	1.039	43.726	32.042	22.343	16.477	12.732	
1.027	1.047	1.031	1.051	1.059	1.021	1.050	1.034	1.067	1.055	1.016	1.051	1.039	1.070	1.051	1.014	1.056	1.040	1.023	1.048	1.010	1.059	1.044	1.020	1.040	39.286	29.038	20.404	15.152	11.758	
1.026	1.048	1.031	1.051	1.059	1.021	1.049	1.035	1.067	1.055	1.016	1.051	1.039	1.069	1.050	1.013	1.056	1.039	1.023	1.048	1.010	1.059	1.043	1.021	1.040	35.297	26.315	18.634	13.934	10.859	
1.026	1.048	1.030	1.050	1.059	1.021	1.049	1.036	1.066	1.055	1.016	1.051	1.039	1.069	1.049	1.013	1.056	1.039	1.022	1.048	1.010	1.059	1.042	1.022	1.041	31.712	23.848	17.016	12.814	10.029	
1.026	1.048	1.030	1.050	1.059	1.020	1.048	1.036	1.065	1.055	1.016	1.052	1.039	1.069	1.049	1.013	1.057	1.038	1.021	1.048	1.010	1.059	1.042	1.023	1.041	28.492	21.612	15.540	11.783	9.262	
1.026	1.048	1.030	1.050	1.059	1.021	1.049	1.036	1.065	1.054	1.016	1.052	1.039	1.068	1.049	1.013	1.056	1.038	1.021	1.048	1.010	1.058	1.042	1.023	1.041	25.865	19.747	14.311	10.907	8.629	
1.026	1.048	1.030	1.051	1.059	1.021	1.049	1.036	1.065	1.054	1.016	1.051	1.040	1.068	1.048	1.014	1.056	1.038	1.021	1.047	1.009	1.058	1.041	1.023	1.041	23.479	18.043	13.179	10.095	8.039	
1.026	1.048	1.031	1.051	1.059	1.021	1.049	1.036	1.065	1.054	1.016	1.051	1.040	1.067	1.048	1.014	1.056	1.038	1.021	1.046	1.009	1.057	1.041	1.024	1.040	21.314	16.485	12.136	9.345	7.489	
1.026	1.048	1.031	1.052	1.058	1.021	1.050	1.035	1.065	1.054	1.017	1.051	1.041	1.067	1.048	1.014	1.055	1.037	1.020	1.046	1.009	1.056	1.041	1.024	1.040	19.348	15.063	11.176	8.649	6.977	
1.026	1.048	1.030	1.051	1.058	1.021	1.049	1.035	1.064	1.054	1.017	1.051	1.040	1.067	1.048	1.014	1.055	1.037	1.022	1.046	1.009	1.057	1.041	1.024	1.040	17.703	13.875	10.354	8.060	6.563	
1.026	1.049	1.030	1.051	1.058	1.021	1.049	1.034	1.064	1.054	1.017	1.052	1.040	1.067	1.048	1.014	1.055	1.037	1.023	1.046	1.009	1.058	1.041	1.023	1.040	16.198	12.781	9.592	7.511	6.173	
1.027	1.049	1.030	1.051	1.058	1.021	1.049	1.034	1.064	1.054	1.018	1.052	1.040	1.067	1.048	1.014	1.055	1.037	1.024	1.046	1.009	1.058	1.041	1.023	1.039	14.820	11.773	8.886	7.000	5.807	
1.027	1.049	1.030	1.051	1.057	1.021	1.048	1.034	1.064	1.054	1.018	1.053	1.040	1.067	1.049	1.013	1.055	1.037	1.025	1.046	1.009	1.059	1.040	1.023	1.039	13.560	10.845	8.232	6.523	5.462	
1.027	1.049	1.030	1.051	1.057	1.022	1.049	1.033	1.065	1.054	1.018	1.052	1.039	1.067	1.049	1.013	1.054	1.038	1.024	1.046	1.009	1.059	1.040	1.023	1.039	12.511	10.050	7.667	6.125	5.169	
1.026	1.049	1.030	1.050	1.057	1.022	1.049	1.033	1.065	1.054	1.018	1.052	1.039	1.068	1.049	1.013	1.054	1.038	1.023	1.046	1.009	1.059	1.040	1.023	1.039	11.543	9.313	7.142	5.751	4.891	
1.026	1.049	1.030	1.050	1.057	1.022	1.049	1.033	1.065	1.054	1.018	1.052	1.038	1.068	1.049	1.013	1.053	1.039	1.022	1.046	1.009	1.059	1.039	1.023	1.039	10.650	8.630	6.652	5.401	4.628	
1.026	1.049	1.030	1.050	1.056	1.023	1.050	1.032	1.066	1.054	1.018	1.052	1.038	1.068	1.049	1.013	1.053	1.040	1.020	1.046	1.009	1.059	1.039	1.023	1.039	9.826	7.997	6.196	5.071	4.380	
1.026	1.049	1.030	1.050	1.056	1.023	1.049	1.032	1.065	1.054	1.017	1.052	1.038	1.068	1.048	1.013	1.053	1.039	1.020	1.046	1.009	1.059	1.039	1.023	1.039	9.120	7.455	5.808	4.795	4.165	
1.026	1.048	1.030	1.049	1.056	1.023	1.048	1.032	1.064	1.054	1.017	1.051	1.038	1.069	1.048	1.013	1.053	1.038	1.020	1.046	1.009	1.058	1.040	1.022	1.039	8.465	6.950	5.444	4.534	3.960	
1.026	1.048	1.029	1.049	1.056	1.023	1.048	1.031	1.064	1.053	1.017	1.051	1.038	1.069	1.047	1.013	1.054	1.038	1.020	1.046	1.009	1.058	1.040	1.022	1.039	7.857	6.479	5.103	4.287	3.765	
1.026	1.048	1.029	1.049	1.056	1.023	1.047	1.031	1.063	1.053	1.017	1.051	1.038	1.069	1.047	1.013	1.054	1.037	1.020	1.046	1.009	1.057	1.040	1.022	1.039	7.293	6.040	4.783	4.054	3.580	
1.025	1.048	1.029	1.049	1.055	1.022	1.047	1.031	1.063	1.052	1.016	1.051	1.038	1.068	1.047	1.013	1.054	1.037	1.020	1.046	1.009	1.057	1.041	1.021	1.038	6.809	5.654	4.521	3.859	3.417	
1.025	1.048	1.030	1.049	1.055	1.022	1.047	1.031	1.063	1.052	1.016	1.051	1.038	1.068	1.047	1.012	1.054	1.037	1.019	1.045	1.009	1.057	1.041	1.020	1.038	6.357	5.294	4.274	3.674	3.262	
1.024	1.048	1.030	1.049	1.055	1.022	1.047	1.031	1.063	1.051	1.016	1.051	1.038	1.068	1.046	1.012	1.054	1.037	1.019	1.045	1.009	1.057	1.041	1.019	1.037	5.935	4.956	4.040	3.498	3.114	
1.024	1.048	1.030	1.049	1.055	1.021	1.047	1.031	1.064	1.051	1.015	1.050	1.038	1.068	1.046	1.011	1.054	1.037	1.018	1.044	1.009	1.057	1.041	1.018	1.037	5.541	4.640	3.820	3.330	2.972	
1.024	1.048	1.029	1.049	1.054	1.021	1.046	1.031	1.063	1.051	1.016	1.050	1.037	1.068	1.046	1.011	1.053	1.037	1.019	1.044	1.009	1.057	1.041	1.018	1.037	5.196	4.379	3.640	3.182	2.860	
1.024	1.047	1.029	1.050	1.054	1.020	1.046	1.030	1.063	1.050	1.016	1.050	1.037	1.068	1.046	1.011	1.053	1.037	1.019	1.044	1.009	1.057	1.041	1.018	1.037	4.873	4.133	3.469	3.041	2.753	
1.024	1.047	1.028	1.050	1.054	1.020	1.046	1.030	1.063	1.050	1.016	1.050	1.037	1.068	1.045	1.011	1.053	1.037	1.019	1.043	1.009	1.057	1.041	1.019	1.037	4.570	3.901	3.307	2.907	2.649	
1.024	1.046	1.027	1.051	1.054	1.019	1.045	1.030	1.063	1.050	1.017	1.050	1.037	1.067	1.045	1.010	1.053	1.037	1.020	1.043	1.009	1.057	1.041	1.019	1.037	4.286	3.682	3.151	2.778	2.550	
1.024	1.046	1.028	1.051	1.054	1.019	1.045	1.030	1.063	1.050	1.016	1.050	1.037	1.067	1.045	1.011	1.053	1.037	1.020	1.043	1.009	1.057	1.040	1.018	1.038	4.050	3.502	3.015	2.670	2.468	
1.023	1.046	1.028	1.051	1.053	1.019	1.046	1.030	1.063	1.050	1.016	1.049	1.037	1.067	1.046	1.011	1.053	1.037	1.020	1.043	1.009	1.057	1.039	1.018	1.038	3.827	3.332	2.884	2.567	2.388	
1.023	1.045	1.029	1.052	1.053	1.019	1.046	1.030	1.063	1.050	1.015	1.049	1.037	1.067	1.046	1.012	1.053	1.037	1.020	1.043	1.009	1.057	1.039	1.017	1.038	3.616	3.169	2.759	2.467	2.311	
1.023	1.045	1.030	1.052	1.053	1.019	1.046	1.030	1.063	1.050	1.014	1.049	1.037	1.067	1.046	1.012	1.053	1.037	1.021	1.043	1.008	1.058	1.038	1.016	1.038	3.416	3.014	2.639	2.371	2.237	
1.023	1.045	1.029	1.051	1.052	1.018	1.046	1.030	1.063	1.050	1.014	1.049	1.037	1.067	1.046	1.012	1.053	1.037	1.021	1.043	1.008	1.057	1.037	1.017	1.038	3.252	2.887	2.535	2.296	2.171	
1.022	1.045	1.029	1.050	1.052	1.018	1.045	1.031	1.062	1.049	1.014	1.049	1.036	1.067	1.046	1.012	1.052	1.037	1.020	1.043	1.008	1.057	1.036	1.017	1.037	3.096	2.765	2.434	2.223	2.107	
1.022	1.045	1.028	1.049	1.051	1.018	1.045	1.031	1.062	1.049	1.015	1.048	1.036	1.067	1.045	1.012	1.051	1.037	1.020	1.043	1.007	1.056	1.036	1.017	1.037	2.947	2.648	2.338	2.152	2.045	
1.022	1.045	1.028	1.048	1.051	1.017	1.045	1.031	1.062	1.049	1.015	1.048	1.036	1.066	1.045	1.012	1.050	1.037	1.020	1.043	1.007	1.056	1.035	1.017	1.037	2.805	2.537	2.245	2.083	1.984	
1.022	1.045	1.028	1.048	1.051	1.017	1.045	1.031	1.062	1.049	1.015	1.048	1.036	1.066	1.045	1.012	1.051	1.037	1.019	1.043	1.007	1.056	1.036	1.018	1.036	2.691	2.438	2.171	2.025	1.926	
1.022	1.045	1.028	1.048	1.051	1.017	1.045	1.030	1.062	1.049	1.015	1.048	1.036	1.065	1.045	1.012	1.051	1.037	1.019	1.042	1.007	1.056	1.036	1.019	1.036	2.581	2.343	2.100	1.968	1.870	
1.022	1.045	1.028	1.048	1.051	1.017	1.046	1.030	1.062	1.048	1.015	1.048	1.036	1.065	1.045	1.012	1.052	1.037	1.018	1.042	1.006	1.057	1.036	1.019	1.035	2.475	2.252	2.031	1.913	1.815	
1.023	1.045	1.028	1.048	1.052	1.017	1.046	1.030	1.062	1.048	1.015	1.048	1.036	1.065	1.045	1.012	1.052	1.037	1.018	1.041	1.006	1.057	1.036	1.020	1.034	2.374	2.165	1.964	1.860	1.762	
1.022	1.045	1.028	1.049	1.052	1.017	1.046	1.030	1.062	1.048	1.015	1.048	1.036	1.065	1.045	1.012	1.052	1.037	1.018	1.042	1.007	1.056	1.036	1.019	1.035	2.286	2.090	1.910	1.811	1.719	
1.022	1.045	1.029	1.049	1.052	1.017	1.046	1.030	1.062	1.048	1.015	1.048	1.035	1.065	1.045	1.012	1.052	1.036	1.019	1.042	1.007	1.055	1.036	1.019	1.036	2.201	2.017	1.858	1.763	1.677	
1.022	1.044	1.029	1.049	1.052	1.018	1.045	1.030	1.062	1.047	1.015	1.047	1.035	1.066	1.045	1.012	1.052	1.036	1.019	1.043	1.008	1.054	1.036	1.019	1.037	2.119	1.947	1.807	1.717	1.636	
1.021	1.044	1.029	1.050	1.052	1.018	1.045	1.031	1.062	1.047	1.015	1.047	1.035	1.066	1.044	1.012	1.052	1.035	1.019	1.043	1.008	1.054	1.036	1.018	1.038	2.040	1.880	1.758	1.672	1.595	
1.021	1.044	1.029	1.049	1.052	1.017	1.045	1.030	1.062	1.047	1.015	1.047	1.035	1.066	1.044	1.012	1.052	1.035	1.020	1.042	1.007	1.054	1.036	1.019	1.037	1.971	1.827	1.716	1.630	1.565	
1.021	1.044	1.029	1.048	1.052	1.017	1.045	1.030	1.062	1.047	1.015	1.048	1.035	1.066	1.044	1.012	1.052	1.035	1.020	1.042	1.007	1.054	1.035	1.019	1.037	1.905	1.776	1.675	1.590	1.535	
1.021	1.044	1.029	1.048	1.051	1.017	1.045	1.030	1.062	1.047	1.015	1.048	1.035	1.066	1.044	1.012	1.052	1.035	1.020	1.041	1.006	1.055	1.035	1.019	1.036	1.841	1.726	1.635	1.551	1.505	
1.021	1.045	1.029	1.047	1.051	1.017	1.045	1.029	1.062	1.047	1.015	1.048	1.036	1.066	1.043	1.012	1.051	1.035	1.020	1.040	1.005	1.055	1.035	1.019	1.036	1.779	1.678	1.596	1.513	1.476	
1.021	1.044	1.028	1.047	1.050	1.017	1.045	1.030	1.062	1.047	1.015	1.048	1.035	1.066	1.043	1.012	1.051	1.035	1.020	1.040	1.006	1.055	1.035	1.019	1.035	1.730	1.640	1.559	1.482	1.454	
1.021	1.044	1.028	1.047	1.050	1.017	1.046	1.031	1.063	1.047	1.015	1.048	1.034	1.066	1.044	1.011	1.051	1.035	1.020	1.040	1.006	1.055	1.034	1.018	1.035	1.683	1.603	1.522	1.452	1.432	
1.021	1.044	1.028	1.047	1.050	1.017	1.046	1.031	1.063	1.047	1.015	1.048	1.034	1.065	1.044	1.011	1.050	1.035	1.021	1.040	1.006	1.055	1.033	1.018	1.035	1.637	1.566	1.487	1.422	1.410	
1.021	1.043	1.027	1.047	1.049	1.016	1.046	1.032	1.063	1.047	1.015	1.048	1.033	1.065	1.044	1.011	1.050	1.034	1.021	1.040	1.006	1.055	1.033	1.017	1.034	1.593	1.530	1.452	1.393	1.388	
1.021	1.043	1.027	1.047	1.050	1.016	1.045	1.032	1.062	1.046	1.015	1.048	1.033	1.065	1.043	1.011	1.050	1.034	1.020	1.040	1.006	1.055	1.033	1.018	1.034	1.557	1.498	1.422	1.373	1.369	
1.021	1.043	1.027	1.047	1.050	1.016	1.045	1.032	1.061	1.046	1.014	1.048	1.033	1.066	1.043	1.012	1.051	1.034	1.020	1.040	1.006	1.054	1.034	1.018	1.033	1.523	1.466	1.393	1.353	1.350	
1.021	1.043	1.027	1.047	1.050	1.016	1.044	1.031	1.061	1.046	1.014	1.048	1.033	1.066	1.042	1.012	1.051	1.034	1.019	1.040	1.006	1.054	1.034	1.019	1.033	1.489	1.435	1.364	1.334	1.331	
1.021	1.042	1.027	1.047	1.050	1.016	1.044	1.031	1.060	1.046	1.014	1.048	1.034	1.066	1.042	1.013	1.051	1.034	1.019	1.039	1.006	1.053	1.035	1.019	1.032	1.456	1.405	1.335	1.314	1.312	
1.021	1.042	1.027	1.046	1.050	1.016	1.044	1.031	1.060	1.046	1.014	1.048	1.034	1.066	1.042	1.013	1.051	1.034	1.019	1.040	1.006	1.053	1.035	1.019	1.033	1.428	1.376	1.315	1.298	1.297	
1.020	1.042	1.027	1.046	1.050	1.016	1.044	1.030	1.060	1.047	1.014	1.048	1.034	1.065	1.042	1.013	1.051	1.034	1.019	1.040	1.006	1.053	1.035	1.019	1.034	1.400	1.348	1.295	1.283	1.281	
1.019	1.042	1.027	1.046	1.049	1.016	1.044	1.030	1.060	1.047	1.013	1.048	1.034	1.065	1.043	1.013	1.051	1.034	1.020	1.040	1.006	1.053	1.034	1.019	1.035	1.373	1.321	1.275	1.267	1.266	
1.019	1.042	1.027	1.045	1.049	1.016	1.044	1.030	1.061	1.048	1.013	1.048	1.035	1.065	1.043	1.013	1.051	1.034	1.020	1.040	1.007	1.053	1.034	1.019	1.036	1.347	1.294	1.255	1.251	1.252	
1.019	1.042	1.027	1.046	1.049	1.016	1.044	1.029	1.060	1.047	1.014	1.047	1.035	1.064	1.042	1.012	1.051	1.034	1.019	1.040	1.006	1.054	1.034	1.019	1.035	1.321	1.272	1.241	1.238	1.242	
1.019	1.042	1.026	1.046	1.049	1.016	1.044	1.029	1.060	1.047	1.014	1.047	1.034	1.064	1.041	1.011	1.050	1.034	1.019	1.040	1.006	1.054	1.035	1.019	1.034	1.296	1.251	1.226	1.225	1.232	
1.020	1.042	1.026	1.046	1.049	1.016	1.044	1.029	1.060	1.046	1.015	1.046	1.034	1.064	1.041	1.010	1.050	1.034	1.018	1.040	1.006	1.055	1.035	1.020	1.033	1.271	1.230	1.212	1.212	1.222	
1.020	1.042	1.026	1.046	1.049	1.016	1.044	1.029	1.060	1.046	1.015	1.046	1.034	1.063	1.040	1.009	1.049	1.034	1.017	1.040	1.005	1.055	1.035	1.020	1.033	1.247	1.210	1.198	1.199	1.212	
1.020	1.042	1.026	1.046	1.049	1.017	1.044	1.029	1.060	1.045	1.015	1.045	1.034	1.063	1.040	1.010	1.050	1.034	1.018	1.040	1.005	1.055	1.035	1.019	1.032	1.227	1.196	1.186	1.189	1.206	
1.020	1.042	1.026	1.046	1.049	1.017	1.044	1.029	1.061	1.045	1.014	1.045	1.034	1.063	1.040	1.010	1.050	1.033	1.018	1.039	1.005	1.055	1.034	1.019	1.032	1.207	1.182	1.175	1.178	1.201	
1.019	1.043	1.026	1.045	1.049	1.017	1.044	1.030	1.061	1.044	1.014	1.045	1.033	1.062	1.040	1.010	1.050	1.033	1.019	1.039	1.004	1.054	1.034	1.018	1.032	1.187	1.169	1.164	1.168	1.195	
1.019	1.043	1.026	1.045	1.049	1.017	1.044	1.030	1.062	1.044	1.014	1.045	1.033	1.062	1.040	1.011	1.050	1.032	1.019	1.039	1.004	1.054	1.033	1.018	1.032	1.168	1.155	1.153	1.158	1.190	
1.019	1.043	1.026	1.045	1.049	1.017	1.043	1.030	1.062	1.044	1.013	1.045	1.033	1.062	1.040	1.010	1.050	1.032	1.019	1.038	1.004	1.054	1.034	1.017	1.032	1.154	1.145	1.143	1.153	1.188	
1.020	1.043	1.027	1.045	1.048	1.017	1.043	1.030	1.061	1.044	1.013	1.046	1.033	1.062	1.040	1.010	1.050	1.032	1.019	1.038	1.004	1.054	1.034	1.016	1.032	1.141	1.135	1.134	1.148	1.185	
1.020	1.042	1.027	1.045	1.048	1.017	1.043	1.031	1.061	1.044	1.013	1.046	1.032	1.062	1.039	1.010	1.050	1.032	1.018	1.038	1.004	1.054	1.034	1.015	1.033	1.128	1.125	1.125	1.143	1.183	
1.020	1.042	1.027	1.045	1.047	1.016	1.043	1.031	1.060	1.045	1.013	1.047	1.032	1.062	1.039	1.010	1.050	1.033	1.018	1.037	1.005	1.054	1.035	1.014	1.033	1.115	1.115	1.116	1.138	1.181	
1.020	1.042	1.027	1.045	1.047	1.017	1.043	1.030	1.060	1.044	1.012	1.047	1.032	1.062	1.040	1.010	1.050	1.033	1.018	1.038	1.004	1.054	1.035	1.014	1.033	1.107	1.107	1.110	1.136	1.178	
1.021	1.042	1.027	1.045	1.047	1.017	1.043	1.029	1.060	1.044	1.012	1.046	1.032	1.063	1.040	1.010	1.050	1.032	1.019	1.038	1.004	1.054	1.035	1.014	1.033	1.098	1.099	1.104	1.135	1.175	
1.021	1.042	1.027	1.045	1.047	1.017	1.043	1.028	1.060	1.044	1.012	1.046	1.032	1.063	1.041	1.010	1.050	1.032	1.019	1.038	1.003	1.054	1.036	1.014	1.033	1.090	1.092	1.098	1.133	1.172	
1.022	1.042	1.027	1.045	1.047	1.018	1.043	1.027	1.060	1.043	1.012	1.046	1.031	1.063	1.041	1.010	1.050	1.032	1.020	1.039	1.003	1.054	1.036	1.015	1.032	1.082	1.084	1.092	1.131	1.169	
1.021	1.041	1.026	1.045	1.047	1.017	1.043	1.027	1.060	1.043	1.012	1.046	1.031	1.063	1.041	1.010	1.050	1.032	1.019	1.039	1.003	1.053	1.036	1.015	1.032	1.075	1.078	1.091	1.131	1.164	
1.021	1.041	1.025	1.045	1.047	1.016	1.043	1.027	1.060	1.042	1.012	1.046	1.031	1.063	1.040	1.010	1.050	1.031	1.018	1.038	1.003	1.053	1.035	1.016	1.032	1.069	1.071	1.089	1.131	1.160	
1.020	1.041	1.024	1.045	1.047	1.015	1.042	1.027	1.060	1.041	1.013	1.045	1.031	1.063	1.040	1.009	1.050	1.031	1.017	1.038	1.003	1.053	1.035	1.017	1.032	1.062	1.065	1.087	1.131	1.155	
1.020	1.041	1.023	1.045	1.047	1.014	1.042	1.027	1.060	1.041	1.013	1.045	1.031	1.063	1.039	1.009	1.050	1.030	1.016	1.038	1.003	1.053	1.035	1.017	1.031	1.056	1.059	1.086	1.130	1.150	
1.020	1.041	1.024	1.045	1.047	1.015	1.042	1.027	1.060	1.042	1.013	1.045	1.031	1.063	1.040	1.009	1.049	1.030	1.016	1.037	1.003	1.053	1.033	1.017	1.031	1.051	1.057	1.087	1.128	1.146	
1.020	1.041	1.024	1.045	1.047	1.015	1.042	1.027	1.060	1.042	1.013	1.045	1.032	1.063	1.040	1.010	1.049	1.031	1.016	1.037	1.003	1.052	1.032	1.016	1.031	1.046	1.054	1.088	1.126	1.143	
1.019	1.041	1.025	1.045	1.047	1.016	1.042	1.027	1.061	1.043	1.013	1.045	1.032	1.062	1.040	1.010	1.049	1.031	1.016	1.036	1.003	1.052	1.030	1.016	1.030	1.040	1.052	1.089	1.124	1.139	
1.019	1.041	1.025	1.045	1.047	1.016	1.042	1.027	1.061	1.043	1.013	1.045	1.033	1.062	1.040	1.010	1.049	1.032	1.015	1.035	1.002	1.052	1.029	1.015	1.030	1.035	1.049	1.090	1.122	1.136	
1.019	1.041	1.025	1.045	1.047	1.016	1.042	1.028	1.061	1.043	1.013	1.045	1.033	1.062	1.040	1.009	1.048	1.031	1.015	1.035	1.003	1.052	1.030	1.015	1.030	1.033	1.050	1.092	1.120	1.134	
1.019	1.041	1.025	1.045	1.046	1.016	1.042	1.029	1.061	1.042	1.013	1.045	1.032	1.063	1.039	1.009	1.048	1.031	1.015	1.036	1.003	1.052	1.031	1.015	1.030	1.031	1.051	1.093	1.118	1.133	
1.019	1.041	1.025	1.045	1.046	1.016	1.042	1.029	1.061	1.042	1.013	1.046	1.032	1.063	1.039	1.008	1.048	1.030	1.015	1.036	1.004	1.052	1.032	1.014	1.030	1.029	1.052	1.094	1.116	1.131	
1.019	1.041	1.025	1.045	1.046	1.016	1.042	1.030	1.061	1.041	1.013	1.046	1.032	1.063	1.038	1.008	1.048	1.030	1.015	1.036	1.004	1.052	1.033	1.014	1.030	1.027	1.054	1.095	1.114	1.130	
1.019	1.041	1.025	1.045	1.045	1.015	1.042	1.029	1.061	1.041	1.013	1.045	1.031	1.064	1.038	1.008	1.048	1.030	1.016	1.036	1.004	1.052	1.032	1.015	1.030	1.029	1.056	1.094	1.112	1.130	
1.019	1.041	1.025	1.045	1.045	1.015	1.041	1.029	1.061	1.042	1.014	1.045	1.031	1.064	1.038	1.008	1.048	1.030	1.017	1.036	1.004	1.052	1.032	1.015	1.030	1.030	1.059	1.093	1.111	1.130	
1.018	1.041	1.025	1.046	1.045	1.015	1.041	1.028	1.062	1.042	1.014	1.044	1.030	1.064	1.038	1.008	1.048	1.030	1.018	1.036	1.004	1.052	1.032	1.016	1.030	1.032	1.062	1.092	1.110	1.129	
1.018	1.041	1.025	1.046	1.044	1.014	1.040	1.028	1.062	1.043	1.014	1.044	1.030	1.065	1.038	1.007	1.048	1.030	1.018	1.036	1.004	1.051	1.032	1.016	1.030	1.033	1.065	1.090	1.108	1.129	
1.018	1.041	1.025	1.047	1.044	1.014	1.041	1.027	1.064	1.043	1.014	1.044	1.030	1.066	1.038	1.008	1.048	1.030	1.020	1.036	1.003	1.051	1.031	1.018	1.029	1.036	1.067	1.090	1.108	1.127	
1.018	1.041	1.025	1.049	1.045	1.014	1.041	1.027	1.066	1.043	1.014	1.044	1.030	1.068	1.038	1.008	1.048	1.030	1.022	1.036	1.003	1.051	1.030	1.020	1.029	1.039	1.068	1.089	1.107	1.126	
1.018	1.041	1.025	1.051	1.045	1.014	1.042	1.026	1.069	1.043	1.014	1.045	1.030	1.069	1.038	1.008	1.048	1.030	1.024	1.036	1.003	1.051	1.030	1.021	1.028	1.042	1.069	1.088	1.107	1.124	
1.018	1.041	1.025	1.052	1.045	1.014	1.042	1.026	1.071	1.043	1.014	1.045	1.031	1.071	1.038	1.008	1.048	1.030	1.025	1.036	1.002	1.051	1.029	1.023	1.028	1.045	1.070	1.088	1.106	1.122	
1.019	1.041	1.025	1.039	1.044	1.015	1.042	1.026	1.053	1.042	1.014	1.045	1.031	1.053	1.038	1.009	1.048	1.030	1.020	1.035	1.003	1.052	1.029	1.018	1.028	1.048	1.071	1.088	1.107	1.121	
1.019	1.040	1.024	1.026	1.044	1.016	1.042	1.026	1.035	1.042	1.014	1.044	1.031	1.035	1.038	1.009	1.047	1.030	1.015	1.034	1.004	1.052	1.029	1.013	1.028	1.051	1.071	1.089	1.107	1.120	
1.019	1.040	1.024	1.013	1.044	1.017	1.042	1.025	1.017	1.041	1.014	1.044	1.031	1.017	1.038	1.009	1.047	1.030	1.010	1.034	1.005	1.052	1.030	1.009	1.029	1.053	1.071	1.090	1.107	1.120	
1.020	1.040	1.024	1.000	1.043	1.018	1.041	1.025	1.000	1.041	1.015	1.044	1.031	1.000	1.038	1.009	1.047	1.030	1.005	1.033	1.005	1.052	1.030	1.004	1.029	1.056	1.072	1.091	1.107	1.119	
1.019	1.040	1.024	1.014	1.044	1.018	1.041	1.026	1.019	1.041	1.014	1.044	1.031	1.019	1.038	1.008	1.047	1.030	1.012	1.033	1.005	1.052	1.030	1.011	1.029	1.057	1.072	1.091	1.107	1.119	
1.018	1.041	1.023	1.029	1.044	1.017	1.040	1.026	1.038	1.041	1.014	1.044	1.030	1.039	1.038	1.007	1.047	1.030	1.019	1.034	1.004	1.052	1.031	1.018	1.030	1.058	1.072	1.092	1.107	1.118	
1.018	1.041	1.023	1.043	1.044	1.016	1.040	1.026	1.058	1.041	1.014	1.044	1.030	1.059	1.037	1.006	1.047	1.029	1.026	1.034	1.004	1.052	1.031	1.025	1.030	1.059	1.072	1.093	1.107	1.118	
1.017	1.042	1.023	1.058	1.044	1.015	1.039	1.026	1.077	1.041	1.014	1.044	1.029	1.079	1.037	1.006	1.046	1.029	1.034	1.035	1.003	1.051	1.032	1.032	1.031	1.060	1.072	1.094	1.107	1.118	
1.017	1.041	1.023	1.055	1.044	1.015	1.040	1.026	1.073	1.041	1.013	1.044	1.029	1.075	1.037	1.006	1.046	1.029	1.030	1.035	1.003	1.051	1.031	1.028	1.030	1.060	1.074	1.095	1.107	1.120	
1.017	1.041	1.023	1.052	1.043	1.015	1.041	1.026	1.069	1.041	1.013	1.044	1.029	1.072	1.036	1.005	1.046	1.029	1.026	1.035	1.002	1.051	1.031	1.024	1.030	1.061	1.075	1.095	1.106	1.122	
1.017	1.041	1.023	1.049	1.043	1.014	1.041	1.027	1.065	1.041	1.012	1.044	1.029	1.068	1.036	1.005	1.046	1.029	1.022	1.035	1.002	1.051	1.030	1.020	1.029	1.062	1.076	1.096	1.106	1.125	
1.017	1.040	1.024	1.046	1.043	1.014	1.042	1.027	1.061	1.041	1.012	1.043	1.028	1.064	1.035	1.005	1.046	1.029	1.018	1.035	1.002	1.051	1.029	1.015	1.029	1.063	1.078	1.097	1.105	1.127	
1.017	1.040	1.023	1.046	1.043	1.014	1.041	1.027	1.061	1.040	1.011	1.043	1.029	1.063	1.036	1.005	1.046	1.029	1.017	1.035	1.001	1.051	1.029	1.015	1.029	1.064	1.080	1.097	1.106	1.129	
1.017	1.039	1.023	1.046	1.043	1.014	1.041	1.026	1.060	1.040	1.010	1.043	1.029	1.062	1.036	1.005	1.046	1.029	1.016	1.035	1.001	1.051	1.029	1.015	1.029	1.065	1.082	1.097	1.108	1.131	
1.017	1.039	1.023	1.045	1.043	1.014	1.040	1.026	1.059	1.040	1.010	1.043	1.030	1.061	1.036	1.004	1.046	1.029	1.014	1.035	1.001	1.051	1.028	1.015	1.029	1.066	1.084	1.097	1.109	1.133	
1.017	1.038	1.023	1.045	1.043	1.013	1.040	1.025	1.059	1.040	1.009	1.043	1.030	1.060	1.037	1.004	1.046	1.030	1.013	1.035	1.001	1.050	1.028	1.015	1.030	1.068	1.086	1.097	1.110	1.135	
1.017	1.038	1.022	1.044	1.043	1.013	1.039	1.025	1.059	1.040	1.009	1.043	1.030	1.060	1.036	1.005	1.047	1.029	1.014	1.034	1.002	1.051	1.028	1.015	1.029	1.070	1.087	1.098	1.112	1.133	
1.016	1.038	1.021	1.044	1.043	1.014	1.039	1.025	1.059	1.039	1.009	1.042	1.029	1.061	1.036	1.005	1.047	1.029	1.015	1.034	1.002	1.052	1.028	1.014	1.029	1.073	1.088	1.099	1.115	1.131	
1.016	1.038	1.021	1.043	1.042	1.014	1.038	1.024	1.059	1.039	1.010	1.042	1.029	1.061	1.035	1.006	1.047	1.029	1.016	1.034	1.002	1.052	1.028	1.013	1.028	1.075	1.088	1.099	1.117	1.130	
1.016	1.039	1.020	1.043	1.042	1.014	1.038	1.024	1.059	1.039	1.010	1.042	1.028	1.061	1.035	1.007	1.047	1.029	1.016	1.034	1.002	1.053	1.027	1.013	1.028	1.077	1.089	1.100	1.120	1.128	
1.016	1.039	1.021	1.042	1.042	1.013	1.038	1.024	1.058	1.039	1.010	1.042	1.028	1.061	1.034	1.006	1.047	1.028	1.016	1.034	1.002	1.052	1.028	1.013	1.028	1.079	1.090	1.102	1.121	1.125	
1.016	1.039	1.021	1.042	1.042	1.013	1.038	1.025	1.058	1.039	1.010	1.041	1.028	1.060	1.034	1.006	1.047	1.028	1.015	1.034	1.002	1.051	1.028	1.012	1.027	1.081	1.090	1.104	1.122	1.122	
1.015	1.039	1.022	1.041	1.042	1.013	1.038	1.025	1.057	1.039	1.010	1.041	1.028	1.059	1.034	1.005	1.046	1.027	1.015	1.033	1.001	1.051	1.028	1.012	1.027	1.083	1.091	1.106	1.123	1.119	
1.015	1.039	1.023	1.041	1.042	1.012	1.038	1.026	1.057	1.039	1.010	1.040	1.028	1.059	1.033	1.005	1.046	1.027	1.014	1.033	1.001	1.050	1.029	1.012	1.027	1.084	1.092	1.108	1.124	1.116	
1.015	1.039	1.023	1.041	1.042	1.012	1.038	1.026	1.057	1.039	1.010	1.040	1.028	1.059	1.034	1.005	1.046	1.027	1.013	1.033	1.001	1.050	1.028	1.012	1.028	1.085	1.093	1.110	1.123	1.112	
1.016	1.039	1.023	1.041	1.042	1.012	1.038	1.025	1.057	1.038	1.009	1.040	1.028	1.060	1.034	1.004	1.046	1.027	1.012	1.032	1.002	1.049	1.028	1.011	1.028	1.085	1.094	1.111	1.121	1.107	
1.016	1.039	1.024	1.041	1.042	1.012	1.038	1.025	1.057	1.038	1.009	1.040	1.028	1.060	1.034	1.004	1.046	1.028	1.011	1.032	1.002	1.049	1.027	1.011	1.028	1.086	1.095	1.113	1.120	1.103	
1.016	1.039	1.024	1.042	1.042	1.012	1.038	1.025	1.057	1.037	1.009	1.040	1.028	1.060	1.034	1.004	1.046	1.028	1.011	1.032	1.002	1.049	1.027	1.010	1.029	1.086	1.097	1.115	1.119	1.098	
1.016	1.038	1.024	1.042	1.042	1.012	1.038	1.025	1.056	1.038	1.009	1.040	1.028	1.060	1.034	1.004	1.046	1.028	1.012	1.032	1.002	1.049	1.027	1.011	1.028	1.087	1.099	1.115	1.115	1.096	
1.016	1.038	1.024	1.042	1.042	1.012	1.038	1.024	1.056	1.038	1.009	1.041	1.028	1.059	1.034	1.004	1.045	1.027	1.013	1.032	1.001	1.049	1.027	1.011	1.027	1.088	1.101	1.116	1.112	1.093	
1.016	1.037	1.024	1.042	1.043	1.013	1.038	1.024	1.056	1.038	1.009	1.042	1.028	1.059	1.034	1.005	1.045	1.027	1.015	1.032	1.001	1.049	1.028	1.012	1.026	1.089	1.103	1.116	1.108	1.091	
1.016	1.037	1.024	1.042	1.043	1.013	1.038	1.024	1.055	1.039	1.009	1.043	1.028	1.059	1.035	1.005	1.044	1.027	1.016	1.032	1.000	1.050	1.028	1.012	1.025	1.090	1.105	1.116	1.105	1.088	
1.016	1.038	1.024	1.042	1.043	1.012	1.038	1.024	1.056	1.039	1.009	1.043	1.028	1.058	1.035	1.005	1.045	1.026	1.016	1.032	1.001	1.049	1.028	1.012	1.026	1.092	1.108	1.113	1.101	1.087	
1.016	1.038	1.024	1.042	1.042	1.012	1.038	1.023	1.056	1.039	1.009	1.043	1.027	1.058	1.034	1.004	1.045	1.026	1.015	1.031	1.001	1.049	1.028	1.013	1.026	1.094	1.110	1.111	1.098	1.085	
1.016	1.039	1.023	1.042	1.042	1.011	1.039	1.023	1.056	1.039	1.009	1.043	1.027	1.058	1.034	1.004	1.045	1.026	1.015	1.031	1.002	1.049	1.028	1.013	1.027	1.097	1.112	1.109	1.094	1.084	
1.016	1.039	1.023	1.042	1.041	1.011	1.039	1.023	1.057	1.039	1.008	1.042	1.026	1.058	1.034	1.003	1.046	1.026	1.015	1.031	1.002	1.049	1.028	1.013	1.028	1.099	1.115	1.107	1.090	1.083	
1.016	1.039	1.023	1.042	1.041	1.011	1.039	1.024	1.057	1.038	1.008	1.042	1.027	1.058	1.034	1.003	1.046	1.026	1.014	1.031	1.002	1.049	1.028	1.013	1.027	1.101	1.114	1.104	1.089	1.081	
1.016	1.039	1.022	1.042	1.041	1.011	1.039	1.024	1.058	1.037	1.008	1.041	1.027	1.058	1.034	1.003	1.046	1.026	1.014	1.031	1.001	1.049	1.028	1.013	1.027	1.103	1.113	1.101	1.087	1.080	
1.015	1.039	1.022	1.041	1.041	1.011	1.039	1.025	1.058	1.037	1.007	1.041	1.027	1.058	1.034	1.003	1.047	1.026	1.013	1.031	1.001	1.049	1.028	1.013	1.026	1.105	1.112	1.098	1.085	1.079	
1.015	1.039	1.021	1.041	1.040	1.011	1.038	1.026	1.058	1.036	1.007	1.041	1.028	1.057	1.034	1.003	1.047	1.026	1.013	1.031	1.000	1.049	1.028	1.014	1.026	1.108	1.111	1.095	1.083	1.078	
1.015	1.038	1.022	1.041	1.040	1.011	1.039	1.026	1.058	1.036	1.007	1.041	1.028	1.058	1.034	1.004	1.046	1.026	1.012	1.031	1.000	1.049	1.027	1.013	1.026	1.108	1.108	1.091	1.082	1.076	
1.016	1.037	1.022	1.041	1.040	1.011	1.039	1.026	1.057	1.036	1.007	1.041	1.028	1.058	1.034	1.004	1.046	1.026	1.012	1.031	1.000	1.048	1.026	1.012	1.026	1.108	1.105	1.088	1.080	1.074	
1.016	1.037	1.022	1.042	1.040	1.011	1.039	1.025	1.056	1.036	1.008	1.041	1.028	1.059	1.034	1.004	1.045	1.026	1.012	1.031	1.000	1.048	1.025	1.012	1.026	1.108	1.102	1.085	1.078	1.072	
1.016	1.036	1.022	1.042	1.040	1.010	1.039	1.025	1.056	1.035	1.008	1.041	1.028	1.059	1.034	1.004	1.045	1.026	1.012	1.030	1.000	1.048	1.024	1.011	1.026	1.108	1.099	1.081	1.077	1.070	
1.016	1.036	1.022	1.041	1.040	1.010	1.039	1.025	1.056	1.035	1.008	1.041	1.027	1.059	1.034	1.004	1.045	1.025	1.011	1.031	1.000	1.048	1.025	1.011	1.026	1.106	1.095	1.079	1.076	1.069	
1.016	1.036	1.022	1.041	1.040	1.010	1.039	1.024	1.056	1.035	1.008	1.041	1.027	1.058	1.034	1.003	1.044	1.025	1.011	1.031	1.000	1.048	1.025	1.011	1.025	1.103	1.091	1.078	1.075	1.068	
1.016	1.037	1.022	1.040	1.040	1.010	1.039	1.023	1.056	1.035	1.008	1.042	1.027	1.058	1.034	1.003	1.044	1.024	1.011	1.031	1.001	1.048	1.026	1.011	1.025	1.100	1.087	1.076	1.073	1.067	
1.016	1.037	1.021	1.040	1.040	1.010	1.040	1.023	1.056	1.035	1.008	1.042	1.026	1.057	1.034	1.002	1.044	1.023	1.011	1.031	1.001	1.048	1.027	1.011	1.024	1.098	1.083	1.074	1.072	1.065	
1.016	1.037	1.021	1.040	1.040	1.010	1.039	1.022	1.056	1.035	1.008	1.042	1.026	1.058	1.034	1.003	1.044	1.024	1.011	1.030	1.001	1.048	1.027	1.011	1.024	1.094	1.081	1.073	1.070	1.066	
1.015	1.036	1.021	1.041	1.040	1.010	1.038	1.022	1.056	1.035	1.008	1.041	1.026	1.058	1.034	1.003	1.044	1.024	1.011	1.030	1.002	1.047	1.027	1.011	1.024	1.090	1.078	1.073	1.069	1.067	
1.015	1.036	1.021	1.041	1.040	1.011	1.038	1.022	1.056	1.035	1.008	1.041	1.026	1.058	1.034	1.004	1.044	1.024	1.012	1.030	1.002	1.047	1.027	1.011	1.024	1.087	1.076	1.072	1.067	1.067	
1.014	1.036	1.021	1.042	1.040	1.011	1.037	1.022	1.056	1.034	1.007	1.041	1.026	1.059	1.033	1.004	1.044	1.024	1.012	1.030	1.003	1.047	1.027	1.011	1.025	1.083	1.073	1.072	1.065	1.068	
1.014	1.036	1.021	1.042	1.040	1.011	1.037	1.022	1.055	1.034	1.007	1.041	1.026	1.059	1.033	1.004	1.044	1.024	1.012	1.030	1.002	1.047	1.026	1.011	1.024	1.080	1.072	1.069	1.064	1.070	
1.015	1.036	1.021	1.043	1.040	1.010	1.037	1.022	1.055	1.034	1.006	1.041	1.026	1.059	1.032	1.003	1.044	1.024	1.012	1.030	1.002	1.047	1.026	1.011	1.024	1.076	1.070	1.067	1.064	1.072	
1.015	1.035	1.021	1.043	1.040	1.010	1.038	1.023	1.055	1.034	1.006	1.041	1.026	1.058	1.031	1.003	1.044	1.025	1.012	1.030	1.002	1.048	1.025	1.011	1.024	1.073	1.069	1.065	1.063	1.074	
1.015	1.035	1.021	1.043	1.040	1.010	1.038	1.023	1.055	1.034	1.005	1.041	1.025	1.058	1.030	1.002	1.045	1.025	1.012	1.030	1.002	1.048	1.025	1.010	1.024	1.070	1.067	1.063	1.062	1.077	
1.015	1.035	1.020	1.043	1.040	1.010	1.037	1.023	1.055	1.034	1.005	1.041	1.025	1.058	1.030	1.002	1.044	1.025	1.012	1.030	1.002	1.048	1.024	1.010	1.024	1.068	1.066	1.061	1.063	1.077	
1.014	1.035	1.020	1.042	1.040	1.010	1.037	1.023	1.055	1.034	1.006	1.040	1.025	1.058	1.031	1.002	1.044	1.024	1.012	1.030	1.002	1.048	1.024	1.010	1.024	1.067	1.066	1.060	1.064	1.077	
1.014	1.035	1.020	1.042	1.040	1.010	1.036	1.022	1.055	1.035	1.006	1.039	1.024	1.058	1.031	1.002	1.043	1.024	1.012	1.029	1.003	1.048	1.023	1.009	1.024	1.065	1.065	1.058	1.065	1.078	
1.014	1.035	1.020	1.041	1.040	1.011	1.035	1.022	1.056	1.035	1.006	1.039	1.024	1.058	1.031	1.001	1.043	1.024	1.012	1.029	1.003	1.048	1.023	1.009	1.024	1.063	1.064	1.056	1.066	1.078	
1.014	1.035	1.020	1.041	1.039	1.010	1.036	1.022	1.056	1.035	1.006	1.039	1.025	1.058	1.031	1.001	1.043	1.024	1.012	1.028	1.003	1.048	1.023	1.009	1.024	1.063	1.062	1.056	1.068	1.075	
1.014	1.034	1.020	1.041	1.039	1.010	1.036	1.021	1.056	1.036	1.005	1.040	1.025	1.057	1.031	1.002	1.043	1.025	1.012	1.028	1.002	1.048	1.023	1.009	1.024	1.063	1.060	1.056	1.070	1.073	
1.014	1.034	1.020	1.041	1.038	1.010	1.036	1.021	1.056	1.036	1.005	1.040	1.025	1.057	1.031	1.002	1.044	1.025	1.012	1.028	1.002	1.048	1.022	1.010	1.024	1.063	1.058	1.056	1.071	1.071	
1.014	1.034	1.020	1.040	1.038	1.009	1.037	1.021	1.056	1.036	1.005	1.041	1.026	1.057	1.031	1.002	1.044	1.026	1.012	1.028	1.002	1.047	1.022	1.010	1.024	1.063	1.056	1.055	1.073	1.068	
1.014	1.035	1.020	1.040	1.037	1.009	1.037	1.022	1.056	1.036	1.005	1.041	1.025	1.057	1.031	1.002	1.044	1.025	1.012	1.028	1.002	1.047	1.023	1.010	1.024	1.060	1.055	1.057	1.072	1.066	
1.013	1.035	1.021	1.039	1.037	1.008	1.037	1.022	1.055	1.035	1.006	1.041	1.024	1.056	1.031	1.003	1.044	1.025	1.012	1.029	1.002	1.047	1.024	1.010	1.023	1.058	1.054	1.059	1.072	1.063	
1.013	1.036	1.021	1.039	1.037	1.008	1.037	1.022	1.055	1.035	1.006	1.041	1.023	1.056	1.031	1.003	1.043	1.025	1.012	1.029	1.002	1.046	1.024	1.011	1.023	1.056	1.053	1.061	1.071	1.060	
1.013	1.037	1.021	1.039	1.037	1.008	1.037	1.022	1.055	1.034	1.006	1.042	1.022	1.056	1.031	1.004	1.043	1.025	1.012	1.029	1.002	1.046	1.025	1.011	1.022	1.054	1.052	1.062	1.070	1.058	
1.013	1.036	1.020	1.039	1.037	1.008	1.037	1.022	1.055	1.034	1.006	1.041	1.022	1.056	1.031	1.003	1.043	1.025	1.012	1.029	1.002	1.046	1.025	1.011	1.022	1.053	1.052	1.064	1.067	1.057	
1.013	1.036	1.020	1.039	1.037	1.007	1.037	1.022	1.055	1.035	1.006	1.040	1.022	1.056	1.031	1.003	1.043	1.024	1.011	1.029	1.003	1.046	1.025	1.010	1.022	1.051	1.053	1.065	1.064	1.056	
1.013	1.036	1.019	1.039	1.037	1.007	1.037	1.022	1.055	1.035	1.006	1.039	1.023	1.056	1.030	1.003	1.043	1.024	1.011	1.029	1.003	1.047	1.025	1.010	1.022	1.050	1.053	1.066	1.061	1.055	
1.013	1.035	1.019	1.039	1.037	1.007	1.037	1.022	1.055	1.035	1.006	1.039	1.023	1.056	1.030	1.003	1.043	1.023	1.011	1.029	1.003	1.047	1.025	1.009	1.023	1.048	1.053	1.068	1.058	1.054	
1.013	1.035	1.019	1.039	1.038	1.007	1.038	1.022	1.055	1.034	1.006	1.039	1.023	1.056	1.030	1.002	1.043	1.024	1.010	1.029	1.003	1.047	1.025	1.009	1.022	1.048	1.055	1.066	1.056	1.054	
1.012	1.035	1.019	1.039	1.038	1.006	1.038	1.021	1.055	1.034	1.006	1.038	1.023	1.057	1.030	1.002	1.043	1.024	1.010	1.028	1.003	1.047	1.025	1.009	1.022	1.048	1.057	1.065	1.054	1.055	
1.012	1.035	1.020	1.039	1.039	1.006	1.038	1.021	1.055	1.033	1.006	1.038	1.023	1.058	1.029	1.002	1.042	1.024	1.009	1.028	1.002	1.047	1.025	1.009	1.022	1.048	1.058	1.064	1.052	1.055	
1.012	1.034	1.020	1.039	1.039	1.006	1.038	1.020	1.054	1.033	1.005	1.038	1.024	1.059	1.029	1.001	1.042	1.024	1.009	1.028	1.002	1.047	1.025	1.009	1.022	1.048	1.060	1.062	1.050	1.056	
1.011	1.034	1.020	1.039	1.039	1.006	1.037	1.021	1.054	1.033	1.005	1.038	1.024	1.059	1.029	1.002	1.042	1.024	1.009	1.028	1.002	1.047	1.024	1.009	1.022	1.050	1.061	1.059	1.050	1.055	
1.011	1.034	1.020	1.040	1.039	1.007	1.036	1.021	1.054	1.033	1.005	1.039	1.024	1.059	1.029	1.002	1.043	1.023	1.010	1.028	1.002	1.047	1.024	1.009	1.023	1.051	1.061	1.056	1.050	1.055	
1.011	1.034	1.020	1.040	1.039	1.007	1.036	1.022	1.054	1.033	1.005	1.039	1.024	1.059	1.029	1.003	1.043	1.023	1.011	1.028	1.002	1.047	1.023	1.010	1.024	1.053	1.061	1.053	1.050	1.054	
1.011	1.034	1.021	1.041	1.039	1.007	1.035	1.022	1.054	1.033	1.004	1.039	1.024	1.059	1.030	1.003	1.043	1.022	1.011	1.028	1.001	1.047	1.023	1.010	1.025	1.055	1.062	1.050	1.050	1.054	
1.010	1.034	1.021	1.041	1.038	1.008	1.035	1.022	1.054	1.033	1.004	1.039	1.024	1.058	1.029	1.003	1.043	1.022	1.011	1.028	1.001	1.047	1.022	1.010	1.024	1.056	1.060	1.048	1.050	1.052	
1.010	1.034	1.020	1.040	1.037	1.008	1.035	1.022	1.054	1.033	1.004	1.039	1.025	1.058	1.029	1.003	1.043	1.022	1.011	1.028	1.001	1.046	1.022	1.011	1.024	1.057	1.058	1.046	1.050	1.050	
1.009	1.034	1.020	1.040	1.037	1.008	1.035	1.022	1.055	1.032	1.003	1.039	1.025	1.057	1.029	1.003	1.043	1.023	1.011	1.028	1.000	1.046	1.021	1.011	1.024	1.058	1.056	1.045	1.050	1.049	
1.009	1.034	1.020	1.040	1.036	1.008	1.035	1.022	1.055	1.032	1.003	1.038	1.025	1.057	1.028	1.003	1.043	1.023	1.011	1.028	1.000	1.046	1.021	1.012	1.023	1.059	1.054	1.043	1.050	1.047	
1.009	1.034	1.020	1.040	1.036	1.008	1.035	1.021	1.055	1.032	1.004	1.038	1.025	1.057	1.028	1.003	1.042	1.022	1.011	1.028	1.000	1.046	1.021	1.011	1.023	1.058	1.052	1.044	1.050	1.046	
1.009	1.034	1.020	1.039	1.036	1.008	1.035	1.021	1.055	1.032	1.004	1.038	1.024	1.057	1.028	1.003	1.042	1.022	1.012	1.028	1.001	1.046	1.021	1.010	1.023	1.057	1.050	1.044	1.049	1.045	
1.010	1.034	1.020	1.039	1.036	1.008	1.035	1.021	1.055	1.032	1.005	1.038	1.023	1.057	1.028	1.003	1.041	1.022	1.012	1.028	1.001	1.047	1.021	1.009	1.023	1.056	1.048	1.045	1.048	1.044	
1.010	1.034	1.020	1.039	1.035	1.008	1.035	1.021	1.055	1.032	1.005	1.037	1.022	1.057	1.028	1.003	1.041	1.022	1.012	1.028	1.001	1.047	1.021	1.009	1.022	1.055	1.046	1.046	1.048	1.043	
1.010	1.034	1.021	1.039	1.036	1.007	1.035	1.021	1.055	1.032	1.005	1.038	1.022	1.057	1.028	1.003	1.041	1.022	1.012	1.028	1.001	1.046	1.022	1.008	1.022	1.052	1.045	1.046	1.047	1.044	
1.009	1.034	1.021	1.039	1.036	1.006	1.036	1.021	1.055	1.032	1.005	1.038	1.022	1.056	1.028	1.004	1.041	1.022	1.011	1.027	1.001	1.046	1.022	1.008	1.022	1.050	1.044	1.047	1.046	1.044	
1.009	1.035	1.021	1.039	1.036	1.005	1.036	1.020	1.055	1.032	1.005	1.038	1.022	1.056	1.028	1.004	1.042	1.022	1.011	1.026	1.001	1.046	1.023	1.007	1.021	1.047	1.043	1.047	1.045	1.045	
1.009	1.035	1.021	1.039	1.036	1.005	1.037	1.020	1.055	1.032	1.004	1.038	1.022	1.055	1.028	1.004	1.042	1.022	1.010	1.026	1.001	1.045	1.023	1.007	1.021	1.045	1.042	1.048	1.044	1.046	
1.009	1.035	1.020	1.040	1.036	1.006	1.037	1.020	1.055	1.031	1.004	1.038	1.022	1.056	1.028	1.004	1.042	1.022	1.011	1.026	1.002	1.045	1.023	1.007	1.021	1.043	1.043	1.047	1.043	1.046	
1.009	1.034	1.020	1.040	1.036	1.006	1.036	1.020	1.054	1.031	1.004	1.038	1.022	1.056	1.028	1.004	1.041	1.021	1.011	1.026	1.002	1.046	1.023	1.008	1.022	1.042	1.043	1.046	1.043	1.047	
1.009	1.034	1.019	1.041	1.036	1.007	1.036	1.019	1.053	1.030	1.004	1.038	1.022	1.057	1.028	1.004	1.041	1.021	1.011	1.026	1.002	1.046	1.023	1.008	1.022	1.041	1.044	1.045	1.042	1.048	
1.009	1.033	1.019	1.041	1.036	1.008	1.035	1.019	1.052	1.030	1.004	1.038	1.022	1.057	1.028	1.004	1.040	1.021	1.011	1.027	1.003	1.046	1.023	1.009	1.023	1.039	1.044	1.044	1.041	1.048	
1.009	1.033	1.019	1.041	1.036	1.007	1.036	1.019	1.053	1.030	1.004	1.037	1.022	1.058	1.028	1.004	1.040	1.021	1.011	1.026	1.002	1.046	1.023	1.009	1.022	1.040	1.045	1.043	1.042	1.047	
1.009	1.033	1.019	1.041	1.036	1.007	1.036	1.019	1.053	1.030	1.004	1.037	1.022	1.058	1.028	1.004	1.040	1.021	1.011	1.026	1.002	1.046	1.022	1.010	1.022	1.041	1.045	1.042	1.043	1.046	
1.008	1.033	1.019	1.040	1.036	1.006	1.036	1.019	1.053	1.030	1.005	1.036	1.023	1.058	1.028	1.004	1.040	1.021	1.011	1.025	1.002	1.045	1.022	1.010	1.022	1.042	1.046	1.041	1.044	1.045	
1.008	1.033	1.019	1.040	1.036	1.005	1.036	1.019	1.054	1.031	1.005	1.035	1.023	1.058	1.028	1.004	1.041	1.020	1.010	1.024	1.001	1.045	1.022	1.011	1.022	1.043	1.046	1.040	1.044	1.044	
1.008	1.033	1.019	1.040	1.035	1.005	1.036	1.019	1.053	1.031	1.004	1.035	1.023	1.058	1.028	1.004	1.041	1.020	1.010	1.025	1.001	1.044	1.021	1.010	1.022	1.044	1.045	1.040	1.045	1.041	
1.009	1.033	1.019	1.039	1.035	1.006	1.036	1.019	1.053	1.031	1.003	1.036	1.023	1.058	1.027	1.004	1.041	1.021	1.010	1.025	1.001	1.044	1.021	1.009	1.021	1.044	1.044	1.040	1.046	1.038	
1.009	1.033	1.019	1.039	1.035	1.006	1.036	1.019	1.052	1.032	1.003	1.036	1.023	1.058	1.027	1.004	1.042	1.021	1.010	1.025	1.000	1.043	1.020	1.009	1.021	1.044	1.043	1.040	1.046	1.036	
1.009	1.033	1.019	1.038	1.034	1.007	1.035	1.019	1.052	1.032	1.002	1.036	1.023	1.058	1.027	1.004	1.042	1.021	1.010	1.025	1.000	1.043	1.019	1.008	1.020	1.045	1.041	1.040	1.047	1.033	
1.009	1.033	1.019	1.039	1.034	1.006	1.035	1.019	1.052	1.031	1.002	1.036	1.023	1.058	1.027	1.004	1.042	1.020	1.011	1.026	1.000	1.043	1.019	1.008	1.020	1.044	1.041	1.041	1.046	1.031	
1.010	1.033	1.019	1.039	1.034	1.005	1.035	1.018	1.052	1.031	1.002	1.036	1.023	1.058	1.027	1.004	1.041	1.019	1.011	1.026	1.000	1.044	1.020	1.008	1.020	1.044	1.040	1.042	1.044	1.029	
1.010	1.034	1.018	1.039	1.034	1.004	1.034	1.018	1.052	1.030	1.002	1.037	1.023	1.057	1.027	1.004	1.041	1.019	1.011	1.027	1.001	1.044	1.020	1.008	1.020	1.043	1.039	1.043	1.043	1.027	
1.010	1.034	1.018	1.039	1.034	1.004	1.034	1.018	1.052	1.030	1.002	1.037	1.022	1.057	1.027	1.004	1.040	1.018	1.011	1.027	1.001	1.045	1.020	1.008	1.020	1.042	1.038	1.044	1.042	1.025	
1.010	1.033	1.018	1.039	1.034	1.004	1.034	1.018	1.053	1.030	1.003	1.037	1.022	1.057	1.027	1.004	1.040	1.018	1.011	1.027	1.001	1.045	1.021	1.009	1.020	1.041	1.039	1.044	1.039	1.024	
1.009	1.032	1.018	1.039	1.034	1.005	1.035	1.018	1.053	1.029	1.004	1.037	1.022	1.056	1.026	1.003	1.041	1.018	1.011	1.027	1.001	1.045	1.021	1.010	1.020	1.039	1.039	1.045	1.036	1.024	
1.009	1.032	1.018	1.039	1.035	1.005	1.035	1.019	1.053	1.029	1.005	1.037	1.021	1.056	1.026	1.003	1.041	1.019	1.011	1.026	1.001	1.045	1.022	1.010	1.021	1.038	1.039	1.045	1.033	1.023	
1.009	1.031	1.018	1.039	1.035	1.005	1.036	1.019	1.053	1.029	1.006	1.037	1.021	1.056	1.025	1.003	1.041	1.019	1.010	1.026	1.001	1.045	1.023	1.011	1.021	1.037	1.040	1.045	1.030	1.023	
1.009	1.031	1.018	1.039	1.035	1.005	1.035	1.019	1.053	1.029	1.005	1.037	1.021	1.056	1.026	1.003	1.041	1.019	1.011	1.026	1.001	1.045	1.022	1.010	1.021	1.037	1.041	1.043	1.028	1.023	
1.009	1.032	1.018	1.040	1.034	1.004	1.034	1.019	1.053	1.029	1.005	1.037	1.021	1.055	1.026	1.003	1.040	1.019	1.011	1.026	1.001	1.045	1.021	1.010	1.020	1.037	1.042	1.041	1.026	1.024	
1.009	1.032	1.018	1.040	1.034	1.003	1.033	1.019	1.054	1.029	1.005	1.037	1.021	1.055	1.027	1.003	1.040	1.019	1.011	1.025	1.001	1.045	1.020	1.009	1.020	1.037	1.043	1.038	1.025	1.025	
1.009	1.032	1.018	1.041	1.034	1.003	1.033	1.019	1.054	1.030	1.004	1.036	1.021	1.055	1.027	1.004	1.039	1.019	1.012	1.025	1.001	1.045	1.019	1.009	1.020	1.037	1.045	1.036	1.023	1.026	
1.009	1.033	1.018	1.040	1.034	1.003	1.033	1.019	1.054	1.029	1.004	1.036	1.021	1.055	1.027	1.003	1.039	1.019	1.011	1.025	1.000	1.045	1.020	1.009	1.019	1.038	1.044	1.034	1.023	1.027	
1.009	1.033	1.018	1.039	1.034	1.003	1.033	1.018	1.055	1.029	1.004	1.036	1.021	1.055	1.027	1.003	1.039	1.019	1.010	1.025	1.000	1.045	1.020	1.008	1.019	1.039	1.043	1.032	1.023	1.028	
1.008	1.034	1.018	1.039	1.033	1.004	1.033	1.018	1.055	1.029	1.003	1.036	1.021	1.056	1.026	1.003	1.039	1.019	1.010	1.025	1.000	1.045	1.020	1.008	1.019	1.040	1.043	1.029	1.023	1.030	
1.008	1.034	1.018	1.038	1.033	1.004	1.033	1.017	1.055	1.029	1.003	1.036	1.021	1.056	1.026	1.002	1.039	1.019	1.009	1.026	1.000	1.045	1.020	1.008	1.018	1.041	1.042	1.027	1.023	1.031	
1.009	1.033	1.018	1.038	1.033	1.004	1.033	1.017	1.055	1.029	1.003	1.036	1.021	1.055	1.026	1.002	1.039	1.020	1.009	1.025	1.001	1.044	1.020	1.008	1.019	1.042	1.040	1.025	1.023	1.031	
1.010	1.033	1.018	1.037	1.033	1.004	1.033	1.017	1.054	1.028	1.004	1.035	1.020	1.055	1.026	1.003	1.040	1.020	1.010	1.025	1.001	1.044	1.020	1.008	1.019	1.042	1.038	1.024	1.024	1.031	
1.010	1.032	1.018	1.037	1.033	1.004	1.032	1.017	1.054	1.028	1.004	1.035	1.020	1.055	1.026	1.003	1.040	1.020	1.010	1.024	1.001	1.043	1.019	1.009	1.019	1.042	1.035	1.023	1.024	1.031	
1.011	1.032	1.018	1.037	1.033	1.004	1.032	1.016	1.054	1.028	1.004	1.034	1.020	1.054	1.027	1.003	1.041	1.020	1.010	1.024	1.001	1.043	1.019	1.009	1.020	1.043	1.033	1.021	1.025	1.031	
1.010	1.032	1.018	1.037	1.033	1.003	1.033	1.017	1.054	1.028	1.004	1.035	1.020	1.055	1.026	1.003	1.040	1.020	1.010	1.024	1.001	1.043	1.019	1.010	1.019	1.041	1.031	1.022	1.025	1.031	
1.009	1.032	1.017	1.037	1.033	1.003	1.033	1.018	1.054	1.029	1.004	1.035	1.020	1.056	1.026	1.002	1.040	1.019	1.010	1.024	1.001	1.043	1.019	1.010	1.019	1.039	1.029	1.022	1.026	1.032	
1.009	1.031	1.017	1.038	1.033	1.003	1.033	1.018	1.053	1.029	1.004	1.035	1.020	1.056	1.025	1.002	1.039	1.019	1.010	1.024	1.000	1.043	1.020	1.011	1.019	1.037	1.027	1.022	1.026	1.032	
1.008	1.031	1.017	1.038	1.033	1.003	1.034	1.019	1.053	1.029	1.004	1.035	1.019	1.057	1.025	1.001	1.039	1.019	1.009	1.024	1.000	1.043	1.020	1.012	1.019	1.035	1.025	1.023	1.026	1.032	
1.008	1.031	1.017	1.038	1.033	1.003	1.033	1.019	1.053	1.029	1.004	1.036	1.020	1.057	1.024	1.001	1.038	1.019	1.010	1.024	1.000	1.042	1.020	1.010	1.019	1.032	1.024	1.023	1.027	1.033	
1.008	1.031	1.017	1.038	1.033	1.003	1.033	1.019	1.052	1.028	1.003	1.036	1.021	1.056	1.024	1.001	1.038	1.019	1.010	1.024	1.000	1.042	1.019	1.009	1.019	1.030	1.023	1.024	1.027	1.033	
1.008	1.030	1.017	1.038	1.033	1.003	1.032	1.019	1.051	1.028	1.003	1.036	1.021	1.056	1.023	1.001	1.038	1.020	1.010	1.024	1.001	1.042	1.019	1.008	1.020	1.027	1.022	1.024	1.027	1.034	
1.008	1.030	1.017	1.038	1.033	1.003	1.031	1.019	1.050	1.028	1.002	1.036	1.022	1.056	1.023	1.001	1.037	1.020	1.010	1.024	1.001	1.042	1.018	1.007	1.020	1.024	1.021	1.025	1.027	1.034	
1.007	1.030	1.017	1.038	1.033	1.003	1.031	1.018	1.051	1.028	1.003	1.036	1.021	1.056	1.023	1.001	1.038	1.019	1.010	1.024	1.001	1.042	1.018	1.007	1.020	1.023	1.022	1.025	1.027	1.035	
1.007	1.030	1.017	1.038	1.033	1.003	1.032	1.018	1.051	1.028	1.004	1.035	1.020	1.056	1.024	1.002	1.038	1.019	1.011	1.024	1.001	1.042	1.019	1.006	1.019	1.022	1.023	1.026	1.028	1.036	
1.006	1.030	1.017	1.038	1.033	1.003	1.032	1.017	1.051	1.028	1.004	1.034	1.020	1.056	1.024	1.002	1.038	1.018	1.012	1.024	1.001	1.042	1.019	1.006	1.019	1.020	1.024	1.026	1.028	1.037	
1.006	1.030	1.017	1.039	1.033	1.003	1.032	1.017	1.051	1.028	1.005	1.034	1.019	1.056	1.025	1.002	1.038	1.018	1.012	1.024	1.001	1.042	1.020	1.006	1.019	1.019	1.025	1.027	1.029	1.038	
1.006	1.030	1.017	1.039	1.033	1.003	1.032	1.017	1.052	1.028	1.005	1.034	1.019	1.056	1.024	1.002	1.038	1.018	1.012	1.024	1.001	1.042	1.020	1.006	1.019	1.020	1.025	1.026	1.030	1.037	
1.006	1.030	1.017	1.039	1.033	1.004	1.032	1.016	1.052	1.028	1.004	1.034	1.020	1.056	1.024	1.002	1.038	1.018	1.012	1.025	1.001	1.042	1.020	1.007	1.019	1.021	1.025	1.025	1.031	1.037	
1.006	1.030	1.017	1.039	1.034	1.004	1.033	1.016	1.052	1.028	1.004	1.035	1.020	1.056	1.024	1.002	1.038	1.017	1.012	1.025	1.001	1.042	1.021	1.007	1.019	1.021	1.025	1.025	1.032	1.037	
1.006	1.031	1.017	1.039	1.034	1.004	1.033	1.016	1.053	1.027	1.003	1.035	1.021	1.056	1.024	1.002	1.038	1.017	1.012	1.025	1.001	1.042	1.021	1.007	1.019	1.022	1.025	1.024	1.033	1.037	
1.006	1.031	1.017	1.038	1.034	1.004	1.032	1.016	1.053	1.028	1.003	1.035	1.020	1.057	1.024	1.002	1.037	1.017	1.012	1.025	1.001	1.042	1.020	1.008	1.019	1.022	1.026	1.025	1.034	1.035	
1.006	1.031	1.017	1.038	1.033	1.004	1.032	1.016	1.053	1.028	1.003	1.034	1.020	1.057	1.024	1.001	1.037	1.017	1.011	1.025	1.002	1.041	1.019	1.009	1.020	1.022	1.026	1.026	1.035	1.034	
1.006	1.031	1.018	1.038	1.033	1.004	1.031	1.015	1.053	1.028	1.003	1.034	1.019	1.057	1.024	1.001	1.036	1.017	1.011	1.024	1.002	1.041	1.018	1.009	1.020	1.023	1.026	1.027	1.036	1.032	
1.006	1.031	1.018	1.038	1.032	1.004	1.030	1.015	1.053	1.028	1.003	1.033	1.018	1.058	1.025	1.001	1.036	1.017	1.010	1.024	1.002	1.041	1.018	1.010	1.020	1.023	1.027	1.027	1.037	1.031	
1.006	1.031	1.017	1.037	1.031	1.004	1.030	1.015	1.053	1.027	1.002	1.034	1.018	1.058	1.025	1.001	1.037	1.017	1.010	1.024	1.002	1.041	1.018	1.010	1.019	1.023	1.026	1.029	1.037	1.028	
1.006	1.030	1.017	1.037	1.031	1.004	1.031	1.016	1.052	1.026	1.002	1.034	1.018	1.058	1.025	1.000	1.037	1.017	1.009	1.024	1.002	1.042	1.018	1.010	1.018	1.024	1.025	1.030	1.037	1.025	
1.006	1.030	1.016	1.037	1.030	1.004	1.031	1.016	1.052	1.025	1.001	1.034	1.018	1.059	1.025	1.000	1.038	1.017	1.009	1.024	1.002	1.042	1.018	1.010	1.018	1.024	1.025	1.031	1.037	1.022	
1.006	1.029	1.015	1.037	1.030	1.005	1.031	1.016	1.052	1.025	1.000	1.035	1.018	1.059	1.025	1.000	1.038	1.018	1.009	1.023	1.002	1.042	1.018	1.010	1.017	1.025	1.024	1.032	1.037	1.020	
1.005	1.029	1.015	1.037	1.030	1.005	1.031	1.016	1.052	1.025	1.001	1.035	1.019	1.058	1.024	1.000	1.038	1.017	1.009	1.023	1.002	1.042	1.017	1.009	1.017	1.025	1.025	1.033	1.034	1.019	
1.005	1.029	1.015	1.037	1.030	1.004	1.032	1.017	1.053	1.025	1.001	1.035	1.019	1.057	1.024	1.001	1.038	1.017	1.010	1.023	1.002	1.041	1.017	1.009	1.017	1.025	1.027	1.034	1.031	1.017	
1.004	1.030	1.015	1.037	1.030	1.004	1.033	1.017	1.054	1.025	1.002	1.035	1.019	1.056	1.024	1.001	1.038	1.017	1.010	1.023	1.001	1.041	1.016	1.009	1.016	1.026	1.028	1.035	1.028	1.016	
1.004	1.030	1.015	1.037	1.030	1.004	1.034	1.017	1.055	1.026	1.003	1.035	1.020	1.055	1.024	1.002	1.039	1.017	1.011	1.023	1.001	1.040	1.016	1.008	1.016	1.026	1.029	1.035	1.026	1.015	
1.005	1.030	1.016	1.037	1.030	1.004	1.033	1.017	1.054	1.026	1.002	1.034	1.019	1.055	1.024	1.001	1.038	1.017	1.011	1.022	1.001	1.040	1.016	1.007	1.016	1.026	1.030	1.034	1.023	1.016	
1.005	1.029	1.016	1.037	1.030	1.004	1.033	1.018	1.054	1.026	1.002	1.034	1.019	1.055	1.024	1.001	1.038	1.017	1.011	1.021	1.002	1.041	1.016	1.007	1.017	1.026	1.030	1.033	1.021	1.017	
1.006	1.029	1.017	1.037	1.030	1.004	1.032	1.018	1.054	1.026	1.001	1.033	1.018	1.055	1.025	1.001	1.038	1.016	1.011	1.021	1.002	1.041	1.016	1.006	1.017	1.027	1.031	1.033	1.019	1.018	
1.006	1.029	1.017	1.037	1.030	1.004	1.032	1.018	1.054	1.026	1.000	1.033	1.018	1.055	1.025	1.001	1.038	1.016	1.011	1.020	1.003	1.041	1.016	1.006	1.017	1.027	1.032	1.032	1.017	1.018	
1.006	1.029	1.017	1.037	1.030	1.004	1.031	1.018	1.053	1.026	1.000	1.032	1.018	1.056	1.025	1.001	1.038	1.016	1.010	1.021	1.003	1.041	1.017	1.007	1.017	1.028	1.032	1.029	1.016	1.019	
1.006	1.029	1.016	1.038	1.030	1.005	1.031	1.018	1.052	1.025	1.001	1.032	1.018	1.056	1.024	1.001	1.038	1.017	1.010	1.022	1.002	1.041	1.017	1.008	1.017	1.029	1.032	1.026	1.016	1.020	
1.005	1.028	1.015	1.038	1.029	1.005	1.030	1.018	1.051	1.025	1.001	1.032	1.018	1.057	1.024	1.001	1.038	1.017	1.009	1.023	1.002	1.041	1.017	1.009	1.016	1.030	1.032	1.024	1.016	1.021	
1.005	1.028	1.014	1.038	1.029	1.005	1.030	1.018	1.051	1.025	1.001	1.032	1.018	1.057	1.023	1.001	1.038	1.017	1.009	1.023	1.002	1.041	1.018	1.010	1.016	1.030	1.032	1.021	1.016	1.022	
1.005	1.028	1.014	1.038	1.029	1.005	1.030	1.018	1.051	1.025	1.001	1.032	1.018	1.057	1.023	1.001	1.038	1.017	1.009	1.023	1.001	1.041	1.018	1.010	1.016	1.031	1.031	1.019	1.017	1.022	
1.006	1.029	1.014	1.038	1.029	1.005	1.029	1.017	1.052	1.025	1.000	1.033	1.018	1.058	1.023	1.000	1.038	1.017	1.009	1.023	1.001	1.041	1.018	1.010	1.016	1.031	1.030	1.017	1.017	1.021	
1.006	1.029	1.014	1.037	1.029	1.005	1.029	1.016	1.053	1.025	1.000	1.033	1.017	1.058	1.023	1.000	1.038	1.017	1.009	1.023	1.001	1.042	1.019	1.010	1.017	1.032	1.029	1.016	1.018	1.020	
1.006	1.029	1.014	1.037	1.029	1.005	1.029	1.015	1.054	1.025	1.000	1.033	1.017	1.058	1.023	1.000	1.039	1.017	1.009	1.023	1.000	1.042	1.019	1.010	1.017	1.032	1.027	1.014	1.019	1.020	
1.006	1.029	1.015	1.037	1.029	1.005	1.029	1.016	1.054	1.026	1.000	1.033	1.017	1.057	1.023	1.000	1.038	1.017	1.009	1.023	1.001	1.041	1.018	1.009	1.017	1.031	1.025	1.014	1.019	1.019	
1.005	1.029	1.015	1.036	1.029	1.004	1.030	1.016	1.053	1.027	1.000	1.033	1.017	1.057	1.024	1.001	1.038	1.016	1.009	1.023	1.001	1.041	1.016	1.008	1.018	1.031	1.023	1.015	1.020	1.018	
1.005	1.028	1.016	1.036	1.029	1.004	1.030	1.017	1.053	1.027	1.001	1.033	1.017	1.056	1.024	1.001	1.037	1.016	1.009	1.022	1.001	1.041	1.015	1.007	1.018	1.030	1.020	1.015	1.020	1.017	
1.005	1.028	1.016	1.036	1.029	1.004	1.030	1.018	1.052	1.028	1.001	1.033	1.017	1.055	1.024	1.001	1.037	1.016	1.009	1.022	1.002	1.041	1.014	1.006	1.018	1.030	1.018	1.016	1.020	1.016	
1.005	1.028	1.016	1.036	1.029	1.004	1.030	1.017	1.053	1.027	1.001	1.033	1.017	1.056	1.024	1.001	1.037	1.016	1.009	1.022	1.002	1.041	1.015	1.006	1.018	1.027	1.017	1.017	1.019	1.017	
1.006	1.028	1.016	1.036	1.029	1.005	1.030	1.017	1.053	1.026	1.001	1.032	1.017	1.056	1.023	1.002	1.037	1.016	1.010	1.021	1.002	1.042	1.016	1.006	1.017	1.024	1.016	1.017	1.018	1.018	
1.006	1.028	1.016	1.036	1.029	1.005	1.030	1.016	1.054	1.026	1.001	1.032	1.018	1.056	1.023	1.002	1.037	1.016	1.010	1.021	1.003	1.042	1.017	1.006	1.017	1.022	1.015	1.018	1.017	1.018	
1.007	1.028	1.016	1.036	1.029	1.006	1.029	1.016	1.054	1.025	1.001	1.031	1.018	1.056	1.023	1.002	1.037	1.016	1.011	1.020	1.003	1.042	1.017	1.006	1.017	1.019	1.014	1.019	1.016	1.019	
1.007	1.028	1.016	1.036	1.029	1.005	1.029	1.016	1.054	1.025	1.001	1.031	1.017	1.056	1.023	1.002	1.037	1.016	1.010	1.020	1.003	1.042	1.017	1.006	1.016	1.018	1.015	1.018	1.015	1.021	
1.007	1.028	1.016	1.037	1.029	1.004	1.029	1.016	1.054	1.025	1.001	1.032	1.017	1.057	1.023	1.002	1.037	1.015	1.009	1.020	1.003	1.041	1.018	1.006	1.016	1.016	1.015	1.018	1.015	1.022	
1.007	1.028	1.016	1.037	1.029	1.004	1.029	1.017	1.054	1.025	1.001	1.032	1.017	1.057	1.023	1.001	1.037	1.015	1.008	1.020	1.003	1.040	1.018	1.006	1.016	1.015	1.016	1.018	1.014	1.023	
1.007	1.028	1.016	1.037	1.029	1.003	1.029	1.017	1.054	1.025	1.001	1.032	1.016	1.057	1.023	1.001	1.037	1.015	1.007	1.020	1.002	1.039	1.018	1.007	1.016	1.013	1.016	1.017	1.013	1.025	
1.007	1.028	1.016	1.037	1.029	1.003	1.029	1.017	1.053	1.026	1.001	1.032	1.017	1.056	1.023	1.002	1.037	1.015	1.008	1.020	1.003	1.039	1.018	1.007	1.016	1.013	1.017	1.017	1.015	1.025	
1.007	1.028	1.016	1.037	1.028	1.002	1.029	1.016	1.052	1.026	1.001	1.032	1.017	1.055	1.023	1.002	1.037	1.016	1.008	1.021	1.003	1.039	1.017	1.007	1.016	1.013	1.019	1.017	1.016	1.025	
1.007	1.028	1.016	1.037	1.028	1.002	1.028	1.016	1.051	1.026	1.001	1.032	1.017	1.054	1.022	1.002	1.037	1.016	1.008	1.021	1.003	1.039	1.017	1.007	1.016	1.013	1.020	1.016	1.018	1.026	
1.007	1.028	1.016	1.037	1.028	1.002	1.028	1.015	1.050	1.027	1.001	1.032	1.017	1.053	1.022	1.003	1.037	1.016	1.008	1.021	1.004	1.039	1.017	1.008	1.016	1.013	1.021	1.016	1.020	1.026	
1.006	1.028	1.015	1.037	1.028	1.002	1.029	1.015	1.050	1.026	1.001	1.032	1.018	1.054	1.022	1.003	1.037	1.016	1.008	1.021	1.004	1.039	1.017	1.008	1.017	1.014	1.020	1.016	1.021	1.024	
1.006	1.028	1.015	1.037	1.028	1.002	1.029	1.015	1.051	1.026	1.001	1.032	1.018	1.054	1.022	1.002	1.037	1.016	1.009	1.021	1.005	1.040	1.016	1.008	1.017	1.016	1.019	1.015	1.022	1.023	
1.005	1.029	1.015	1.037	1.028	1.002	1.030	1.015	1.052	1.025	1.001	1.031	1.018	1.054	1.023	1.002	1.036	1.016	1.009	1.021	1.006	1.040	1.016	1.009	1.017	1.017	1.019	1.015	1.024	1.021	
1.005	1.029	1.014	1.037	1.028	1.002	1.031	1.015	1.053	1.025	1.001	1.031	1.019	1.054	1.023	1.002	1.036	1.015	1.009	1.021	1.007	1.040	1.015	1.009	1.017	1.018	1.018	1.015	1.025	1.020	
1.005	1.029	1.014	1.037	1.027	1.002	1.030	1.015	1.052	1.025	1.001	1.030	1.018	1.054	1.022	1.002	1.036	1.015	1.009	1.021	1.006	1.040	1.015	1.009	1.017	1.019	1.018	1.016	1.025	1.018	
1.005	1.029	1.014	1.037	1.027	1.002	1.030	1.016	1.052	1.025	1.001	1.030	1.018	1.054	1.022	1.003	1.036	1.015	1.009	1.021	1.006	1.039	1.014	1.008	1.016	1.020	1.017	1.018	1.024	1.017	
1.005	1.028	1.014	1.037	1.027	1.002	1.030	1.016	1.052	1.025	1.001	1.030	1.018	1.054	1.021	1.003	1.036	1.015	1.009	1.021	1.006	1.039	1.014	1.007	1.016	1.020	1.017	1.019	1.024	1.016	
1.004	1.028	1.014	1.037	1.026	1.002	1.029	1.016	1.052	1.025	1.001	1.030	1.018	1.054	1.021	1.003	1.036	1.015	1.008	1.021	1.006	1.039	1.014	1.007	1.016	1.021	1.017	1.020	1.024	1.015	
1.004	1.028	1.014	1.037	1.026	1.002	1.029	1.016	1.052	1.025	1.001	1.030	1.018	1.054	1.021	1.003	1.036	1.015	1.008	1.021	1.006	1.039	1.014	1.006	1.016	1.020	1.018	1.022	1.023	1.015	
1.004	1.028	1.014	1.037	1.026	1.002	1.030	1.016	1.052	1.025	1.001	1.030	1.018	1.053	1.021	1.002	1.036	1.015	1.008	1.021	1.006	1.039	1.014	1.006	1.016	1.020	1.018	1.023	1.021	1.015	
1.004	1.028	1.014	1.037	1.026	1.001	1.030	1.016	1.053	1.025	1.001	1.031	1.018	1.053	1.022	1.001	1.036	1.014	1.008	1.021	1.006	1.040	1.014	1.006	1.016	1.019	1.019	1.025	1.020	1.015	
1.003	1.027	1.014	1.038	1.027	1.001	1.030	1.016	1.053	1.026	1.001	1.031	1.017	1.052	1.022	1.001	1.036	1.014	1.008	1.021	1.006	1.040	1.014	1.005	1.017	1.018	1.019	1.027	1.019	1.015	
1.004	1.027	1.015	1.037	1.027	1.001	1.030	1.016	1.053	1.026	1.001	1.031	1.017	1.053	1.022	1.001	1.036	1.014	1.008	1.021	1.006	1.040	1.014	1.005	1.016	1.019	1.021	1.026	1.018	1.015	
1.004	1.027	1.015	1.037	1.027	1.001	1.030	1.015	1.052	1.026	1.001	1.032	1.017	1.054	1.022	1.002	1.035	1.014	1.008	1.021	1.006	1.040	1.014	1.005	1.015	1.019	1.022	1.025	1.017	1.016	
1.004	1.027	1.015	1.037	1.027	1.001	1.029	1.014	1.052	1.026	1.001	1.032	1.016	1.054	1.022	1.002	1.035	1.014	1.009	1.020	1.006	1.040	1.014	1.005	1.015	1.019	1.023	1.025	1.016	1.017	
1.004	1.027	1.016	1.037	1.027	1.002	1.029	1.013	1.052	1.026	1.001	1.033	1.016	1.055	1.021	1.003	1.035	1.015	1.009	1.020	1.006	1.040	1.013	1.005	1.014	1.019	1.024	1.024	1.015	1.017	
1.004	1.027	1.015	1.037	1.027	1.002	1.029	1.013	1.052	1.026	1.001	1.033	1.015	1.054	1.021	1.003	1.035	1.014	1.008	1.020	1.006	1.039	1.013	1.006	1.014	1.020	1.025	1.022	1.015	1.018	
1.003	1.027	1.015	1.037	1.027	1.002	1.028	1.014	1.052	1.025	1.001	1.032	1.015	1.054	1.021	1.003	1.035	1.013	1.008	1.020	1.006	1.038	1.013	1.006	1.014	1.021	1.026	1.021	1.015	1.019	
1.003	1.027	1.014	1.037	1.027	1.002	1.028	1.014	1.052	1.024	1.002	1.032	1.015	1.053	1.021	1.003	1.036	1.013	1.007	1.020	1.006	1.038	1.013	1.006	1.015	1.023	1.026	1.019	1.015	1.020	
1.003	1.027	1.014	1.037	1.026	1.002	1.028	1.014	1.053	1.024	1.002	1.031	1.015	1.053	1.021	1.003	1.036	1.012	1.006	1.020	1.006	1.037	1.013	1.007	1.015	1.024	1.027	1.017	1.016	1.020	
1.003	1.027	1.014	1.037	1.027	1.002	1.028	1.014	1.053	1.024	1.002	1.031	1.014	1.053	1.022	1.003	1.036	1.013	1.006	1.020	1.007	1.038	1.013	1.007	1.015	1.025	1.026	1.016	1.017	1.020	
1.003	1.026	1.013	1.037	1.027	1.002	1.028	1.014	1.053	1.024	1.002	1.031	1.014	1.053	1.022	1.004	1.035	1.013	1.006	1.020	1.007	1.038	1.014	1.008	1.015	1.026	1.025	1.016	1.018	1.019	
1.003	1.026	1.013	1.037	1.027	1.001	1.027	1.014	1.053	1.025	1.003	1.031	1.014	1.053	1.022	1.004	1.035	1.013	1.007	1.020	1.008	1.038	1.014	1.008	1.015	1.028	1.024	1.015	1.019	1.018	
1.003	1.026	1.013	1.037	1.027	1.001	1.027	1.013	1.053	1.025	1.003	1.031	1.014	1.054	1.023	1.005	1.034	1.013	1.007	1.020	1.008	1.038	1.015	1.008	1.015	1.029	1.023	1.014	1.020	1.018	
1.003	1.026	1.013	1.037	1.027	1.001	1.027	1.014	1.053	1.025	1.003	1.031	1.014	1.054	1.022	1.005	1.035	1.014	1.007	1.020	1.009	1.038	1.014	1.007	1.015	1.028	1.022	1.015	1.019	1.017	
1.002	1.026	1.013	1.036	1.027	1.001	1.027	1.014	1.052	1.025	1.003	1.031	1.014	1.054	1.022	1.004	1.035	1.014	1.007	1.020	1.009	1.038	1.014	1.007	1.015	1.028	1.020	1.015	1.019	1.015	
1.002	1.026	1.013	1.036	1.027	1.001	1.027	1.014	1.052	1.025	1.003	1.031	1.014	1.055	1.021	1.004	1.035	1.015	1.008	1.020	1.009	1.038	1.013	1.006	1.014	1.027	1.019	1.016	1.019	1.014	
1.002	1.026	1.013	1.035	1.027	1.001	1.026	1.014	1.051	1.024	1.003	1.031	1.014	1.055	1.021	1.004	1.035	1.015	1.008	1.020	1.009	1.039	1.013	1.005	1.014	1.026	1.017	1.017	1.019	1.013	
1.002	1.026	1.013	1.036	1.026	1.001	1.026	1.014	1.051	1.025	1.003	1.031	1.014	1.055	1.020	1.004	1.035	1.015	1.008	1.019	1.009	1.038	1.013	1.005	1.014	1.025	1.017	1.018	1.018	1.013	
1.002	1.027	1.013	1.037	1.026	1.000	1.026	1.014	1.051	1.025	1.002	1.032	1.014	1.055	1.020	1.004	1.035	1.014	1.008	1.019	1.008	1.038	1.012	1.006	1.014	1.023	1.017	1.020	1.017	1.014	
1.003	1.027	1.013	1.038	1.026	1.000	1.026	1.014	1.051	1.025	1.002	1.032	1.014	1.055	1.020	1.004	1.035	1.013	1.007	1.018	1.008	1.038	1.012	1.006	1.013	1.022	1.017	1.021	1.016	1.015	
1.003	1.027	1.013	1.039	1.026	1.000	1.026	1.014	1.051	1.025	1.002	1.032	1.014	1.055	1.019	1.004	1.035	1.013	1.007	1.017	1.008	1.038	1.012	1.006	1.013	1.020	1.017	1.023	1.015	1.015	
1.002	1.027	1.013	1.038	1.026	1.000	1.026	1.014	1.052	1.025	1.002	1.031	1.015	1.055	1.020	1.004	1.035	1.013	1.007	1.018	1.008	1.038	1.012	1.006	1.013	1.019	1.018	1.022	1.015	1.016	
1.002	1.027	1.012	1.037	1.026	1.001	1.026	1.014	1.053	1.025	1.002	1.031	1.015	1.054	1.021	1.004	1.035	1.013	1.008	1.018	1.008	1.038	1.013	1.006	1.013	1.019	1.019	1.021	1.014	1.018	
1.002	1.026	1.012	1.037	1.026	1.001	1.026	1.014	1.053	1.025	1.002	1.030	1.016	1.054	1.021	1.004	1.035	1.013	1.008	1.019	1.008	1.038	1.013	1.005	1.014	1.018	1.020	1.020	1.014	1.019	
1.002	1.026	1.012	1.036	1.026	1.001	1.026	1.014	1.054	1.024	1.002	1.029	1.016	1.054	1.022	1.004	1.035	1.013	1.008	1.019	1.008	1.038	1.014	1.005	1.014	1.017	1.022	1.020	1.013	1.020	
1.001	1.026	1.012	1.036	1.026	1.002	1.026	1.014	1.054	1.024	1.002	1.029	1.016	1.053	1.022	1.004	1.035	1.013	1.008	1.019	1.009	1.038	1.013	1.006	1.014	1.018	1.022	1.018	1.014	1.020	
1.001	1.025	1.012	1.036	1.026	1.002	1.026	1.013	1.053	1.024	1.002	1.029	1.016	1.053	1.022	1.004	1.034	1.013	1.009	1.019	1.009	1.037	1.013	1.007	1.013	1.018	1.023	1.017	1.014	1.021	
1.001	1.025	1.013	1.036	1.026	1.002	1.026	1.013	1.053	1.024	1.002	1.029	1.016	1.053	1.022	1.005	1.034	1.012	1.009	1.018	1.009	1.037	1.012	1.007	1.013	1.018	1.024	1.016	1.015	1.022	
1.001	1.024	1.013	1.035	1.026	1.002	1.026	1.012	1.052	1.024	1.002	1.029	1.016	1.052	1.022	1.005	1.033	1.012	1.009	1.018	1.009	1.036	1.012	1.008	1.013	1.019	1.025	1.015	1.015	1.022	
1.001	1.025	1.012	1.036	1.026	1.001	1.026	1.012	1.052	1.024	1.002	1.030	1.015	1.053	1.021	1.005	1.033	1.012	1.008	1.018	1.009	1.036	1.012	1.007	1.013	1.020	1.024	1.014	1.017	1.022	
1.001	1.025	1.012	1.036	1.026	1.001	1.026	1.012	1.052	1.024	1.002	1.030	1.014	1.053	1.021	1.005	1.033	1.013	1.008	1.019	1.009	1.037	1.012	1.006	1.013	1.021	1.024	1.014	1.019	1.021	
1.001	1.025	1.012	1.036	1.026	1.001	1.026	1.011	1.052	1.023	1.001	1.030	1.014	1.054	1.020	1.005	1.033	1.013	1.007	1.019	1.009	1.037	1.012	1.005	1.013	1.022	1.023	1.013	1.020	1.020	
1.001	1.026	1.012	1.036	1.026	1.000	1.026	1.011	1.051	1.023	1.001	1.031	1.013	1.054	1.020	1.005	1.033	1.013	1.007	1.020	1.009	1.037	1.013	1.004	1.013	1.023	1.022	1.013	1.022	1.020	
1.001	1.026	1.012	1.036	1.026	1.000	1.026	1.012	1.051	1.023	1.001	1.031	1.013	1.054	1.020	1.005	1.033	1.013	1.007	1.019	1.008	1.037	1.013	1.005	1.013	1.023	1.020	1.013	1.022	1.019	
1.001	1.025	1.012	1.037	1.026	1.000	1.027	1.013	1.051	1.023	1.002	1.031	1.014	1.054	1.020	1.005	1.033	1.013	1.007	1.019	1.008	1.036	1.013	1.006	1.013	1.024	1.019	1.013	1.022	1.018	
1.000	1.025	1.012	1.037	1.026	1.000	1.027	1.013	1.051	1.022	1.002	1.031	1.014	1.054	1.020	1.006	1.033	1.012	1.008	1.018	1.008	1.036	1.013	1.006	1.013	1.025	1.017	1.013	1.023	1.017	
1.000	1.025	1.013	1.037	1.026	1.000	1.027	1.014	1.051	1.022	1.002	1.031	1.014	1.054	1.020	1.006	1.033	1.012	1.008	1.018	1.008	1.036	1.014	1.007	1.013	1.025	1.015	1.014	1.023	1.016	
1.000	1.025	1.013	1.037	1.026	1.000	1.027	1.014	1.051	1.022	1.002	1.031	1.014	1.053	1.020	1.007	1.033	1.012	1.007	1.018	1.009	1.036	1.013	1.007	1.013	1.023	1.015	1.016	1.023	1.017	
1.000	1.025	1.013	1.037	1.026	1.000	1.026	1.014	1.051	1.022	1.002	1.030	1.014	1.053	1.020	1.007	1.033	1.012	1.007	1.017	1.009	1.037	1.013	1.007	1.014	1.021	1.015	1.018	1.022	1.017	
1.000	1.025	1.012	1.037	1.026	1.000	1.026	1.014	1.051	1.021	1.001	1.029	1.014	1.052	1.020	1.007	1.033	1.012	1.006	1.017	1.010	1.037	1.013	1.007	1.014	1.020	1.014	1.019	1.022	1.017	
1.000	1.025	1.012	1.036	1.026	1.001	1.025	1.014	1.051	1.021	1.001	1.029	1.014	1.052	1.020	1.008	1.033	1.012	1.006	1.017	1.010	1.038	1.013	1.007	1.014	1.018	1.014	1.021	1.021	1.018	
1.000	1.026	1.012	1.037	1.026	1.001	1.025	1.013	1.051	1.021	1.001	1.029	1.013	1.052	1.020	1.008	1.033	1.012	1.006	1.017	1.010	1.038	1.012	1.007	1.014	1.017	1.015	1.021	1.020	1.018	
1.000	1.026	1.012	1.037	1.025	1.001	1.026	1.013	1.052	1.022	1.001	1.029	1.013	1.053	1.020	1.007	1.033	1.012	1.006	1.017	1.009	1.037	1.012	1.007	1.014	1.016	1.016	1.021	1.019	1.019	
1.000	1.026	1.012	1.037	1.025	1.001	1.026	1.012	1.052	1.022	1.002	1.030	1.013	1.053	1.019	1.007	1.033	1.011	1.007	1.017	1.008	1.037	1.011	1.007	1.014	1.016	1.017	1.022	1.018	1.019	
1.001	1.027	1.012	1.037	1.025	1.001	1.026	1.012	1.052	1.022	1.002	1.030	1.013	1.054	1.019	1.007	1.033	1.011	1.007	1.018	1.008	1.037	1.011	1.008	1.014	1.015	1.018	1.022	1.018	1.020	
1.001	1.026	1.012	1.037	1.025	1.001	1.026	1.012	1.052	1.022	1.002	1.030	1.013	1.054	1.019	1.007	1.032	1.011	1.007	1.018	1.009	1.037	1.011	1.007	1.014	1.015	1.019	1.021	1.018	1.020	
1.001	1.026	1.012	1.036	1.025	1.001	1.026	1.013	1.053	1.022	1.002	1.029	1.013	1.054	1.019	1.007	1.032	1.011	1.007	1.018	1.009	1.037	1.011	1.007	1.013	1.015	1.020	1.020	1.018	1.020	
1.001	1.025	1.012	1.036	1.025	1.001	1.025	1.013	1.053	1.021	1.002	1.029	1.013	1.054	1.019	1.006	1.032	1.010	1.007	1.018	1.010	1.037	1.012	1.007	1.013	1.015	1.021	1.019	1.018	1.020	
1.001	1.025	1.012	1.036	1.026	1.002	1.025	1.013	1.053	1.021	1.002	1.028	1.013	1.055	1.019	1.006	1.032	1.010	1.007	1.018	1.011	1.036	1.012	1.006	1.012	1.016	1.021	1.018	1.018	1.020	
1.002	1.025	1.012	1.036	1.025	1.001	1.025	1.013	1.053	1.021	1.003	1.028	1.013	1.054	1.019	1.006	1.032	1.010	1.007	1.018	1.010	1.036	1.012	1.006	1.013	1.017	1.021	1.017	1.018	1.020	
1.003	1.025	1.012	1.037	1.025	1.001	1.025	1.013	1.052	1.022	1.004	1.028	1.013	1.054	1.019	1.006	1.032	1.009	1.007	1.018	1.010	1.036	1.011	1.005	1.013	1.018	1.020	1.017	1.019	1.019	
1.003	1.025	1.012	1.037	1.025	1.001	1.025	1.012	1.052	1.022	1.004	1.028	1.013	1.054	1.018	1.006	1.032	1.009	1.007	1.018	1.010	1.035	1.011	1.004	1.014	1.019	1.020	1.016	1.019	1.019	
1.004	1.025	1.011	1.037	1.025	1.001	1.025	1.012	1.051	1.022	1.005	1.028	1.013	1.053	1.018	1.006	1.032	1.008	1.007	1.018	1.010	1.035	1.011	1.004	1.015	1.020	1.019	1.016	1.019	1.018	
1.004	1.024	1.011	1.037	1.025	1.001	1.025	1.013	1.051	1.022	1.005	1.028	1.013	1.053	1.018	1.007	1.032	1.009	1.007	1.018	1.010	1.036	1.011	1.003	1.014	1.020	1.019	1.016	1.019	1.017	
1.004	1.024	1.011	1.036	1.025	1.001	1.025	1.013	1.052	1.022	1.005	1.028	1.013	1.053	1.018	1.007	1.032	1.009	1.007	1.018	1.010	1.036	1.011	1.003	1.013	1.020	1.018	1.017	1.019	1.015	
1.004	1.024	1.011	1.036	1.025	1.002	1.024	1.014	1.052	1.022	1.004	1.028	1.012	1.053	1.018	1.007	1.032	1.009	1.007	1.018	1.010	1.037	1.011	1.003	1.013	1.020	1.017	1.018	1.019	1.014	
1.004	1.023	1.011	1.036	1.025	1.002	1.024	1.015	1.052	1.021	1.004	1.028	1.012	1.053	1.018	1.007	1.032	1.010	1.007	1.018	1.010	1.037	1.011	1.003	1.012	1.020	1.016	1.018	1.019	1.012	
1.003	1.023	1.011	1.036	1.025	1.002	1.024	1.015	1.052	1.021	1.004	1.028	1.012	1.053	1.018	1.007	1.032	1.010	1.008	1.018	1.010	1.037	1.010	1.003	1.012	1.019	1.017	1.019	1.017	1.011	
1.002	1.024	1.012	1.037	1.025	1.002	1.025	1.014	1.052	1.021	1.004	1.029	1.012	1.052	1.018	1.007	1.032	1.010	1.008	1.018	1.009	1.036	1.009	1.003	1.013	1.017	1.017	1.020	1.016	1.011	
1.002	1.024	1.012	1.037	1.025	1.002	1.025	1.014	1.052	1.021	1.004	1.029	1.012	1.052	1.018	1.007	1.033	1.010	1.008	1.018	1.009	1.035	1.008	1.004	1.013	1.016	1.018	1.020	1.015	1.010	
1.001	1.024	1.013	1.038	1.025	1.002	1.025	1.013	1.051	1.021	1.004	1.029	1.012	1.052	1.018	1.007	1.033	1.011	1.008	1.018	1.009	1.035	1.007	1.004	1.013	1.015	1.018	1.021	1.013	1.009	
1.001	1.024	1.013	1.037	1.025	1.002	1.025	1.013	1.051	1.021	1.004	1.029	1.012	1.052	1.018	1.007	1.032	1.011	1.008	1.018	1.009	1.035	1.008	1.004	1.013	1.015	1.018	1.021	1.012	1.010	
1.002	1.024	1.013	1.037	1.024	1.002	1.026	1.013	1.051	1.021	1.005	1.028	1.011	1.052	1.017	1.007	1.031	1.010	1.009	1.018	1.010	1.035	1.009	1.004	1.013	1.014	1.018	1.020	1.011	1.011	
1.002	1.024	1.013	1.037	1.024	1.001	1.026	1.012	1.051	1.021	1.005	1.028	1.011	1.053	1.017	1.007	1.031	1.010	1.009	1.019	1.010	1.035	1.010	1.004	1.013	1.014	1.018	1.019	1.009	1.012	
1.002	1.024	1.013	1.037	1.024	1.001	1.027	1.012	1.051	1.021	1.006	1.027	1.011	1.053	1.017	1.007	1.030	1.010	1.009	1.019	1.010	1.036	1.011	1.005	1.012	1.014	1.018	1.018	1.008	1.013	
1.003	1.024	1.013	1.037	1.024	1.001	1.026	1.012	1.051	1.021	1.006	1.028	1.011	1.053	1.017	1.008	1.030	1.010	1.008	1.018	1.010	1.035	1.010	1.005	1.013	1.014	1.018	1.017	1.008	1.013	
1.003	1.024	1.012	1.037	1.024	1.001	1.026	1.012	1.051	1.021	1.006	1.028	1.011	1.054	1.017	1.008	1.030	1.011	1.007	1.018	1.010	1.035	1.009	1.006	1.013	1.015	1.019	1.015	1.008	1.014	
1.004	1.024	1.012	1.037	1.024	1.001	1.026	1.012	1.051	1.021	1.006	1.028	1.011	1.054	1.018	1.009	1.031	1.011	1.006	1.017	1.010	1.034	1.009	1.006	1.014	1.015	1.020	1.013	1.008	1.014	
1.004	1.024	1.011	1.037	1.024	1.001	1.026	1.012	1.050	1.021	1.006	1.028	1.012	1.054	1.018	1.009	1.031	1.011	1.005	1.016	1.010	1.034	1.008	1.007	1.014	1.015	1.021	1.011	1.008	1.014	
1.003	1.024	1.011	1.037	1.024	1.001	1.025	1.012	1.051	1.020	1.006	1.028	1.011	1.054	1.018	1.009	1.031	1.010	1.006	1.017	1.010	1.034	1.008	1.007	1.014	1.017	1.020	1.010	1.009	1.013	
1.003	1.024	1.011	1.037	1.025	1.001	1.025	1.012	1.051	1.020	1.006	1.028	1.011	1.053	1.018	1.009	1.031	1.010	1.007	1.017	1.009	1.034	1.008	1.007	1.014	1.019	1.020	1.009	1.010	1.012	
1.002	1.024	1.011	1.037	1.025	1.001	1.025	1.011	1.052	1.020	1.007	1.029	1.011	1.053	1.018	1.009	1.030	1.009	1.008	1.017	1.009	1.034	1.009	1.008	1.014	1.020	1.019	1.008	1.010	1.011	
1.001	1.024	1.011	1.037	1.026	1.001	1.025	1.011	1.052	1.019	1.007	1.029	1.011	1.052	1.018	1.009	1.030	1.008	1.009	1.018	1.008	1.034	1.009	1.008	1.014	1.022	1.019	1.007	1.011	1.010	
1.001	1.023	1.011	1.036	1.025	1.002	1.025	1.011	1.051	1.019	1.007	1.028	1.011	1.053	1.018	1.009	1.030	1.008	1.008	1.017	1.009	1.034	1.010	1.007	1.014	1.021	1.017	1.007	1.011	1.008	
1.001	1.023	1.011	1.036	1.024	1.002	1.026	1.010	1.051	1.019	1.007	1.028	1.010	1.053	1.019	1.009	1.030	1.008	1.007	1.017	1.009	1.034	1.011	1.006	1.013	1.021	1.015	1.007	1.012	1.007	
1.002	1.023	1.011	1.035	1.024	1.002	1.026	1.010	1.050	1.019	1.007	1.027	1.010	1.053	1.019	1.009	1.030	1.009	1.007	1.017	1.010	1.034	1.012	1.004	1.012	1.020	1.013	1.007	1.012	1.006	
1.002	1.022	1.011	1.035	1.023	1.003	1.027	1.010	1.049	1.019	1.007	1.027	1.009	1.053	1.019	1.010	1.030	1.009	1.006	1.017	1.011	1.034	1.013	1.003	1.011	1.020	1.012	1.007	1.013	1.004	
1.002	1.022	1.010	1.035	1.023	1.003	1.026	1.010	1.050	1.019	1.006	1.027	1.010	1.053	1.019	1.009	1.030	1.009	1.006	1.016	1.011	1.034	1.012	1.004	1.011	1.018	1.011	1.008	1.011	1.004	
1.002	1.023	1.010	1.035	1.023	1.003	1.026	1.010	1.050	1.019	1.006	1.027	1.010	1.053	1.019	1.009	1.030	1.009	1.006	1.016	1.011	1.034	1.012	1.004	1.012	1.017	1.010	1.009	1.010	1.003	
1.002	1.023	1.009	1.035	1.024	1.003	1.026	1.009	1.051	1.020	1.005	1.027	1.011	1.052	1.019	1.009	1.031	1.009	1.006	1.016	1.011	1.034	1.012	1.005	1.012	1.016	1.010	1.010	1.009	1.003	
1.002	1.023	1.009	1.035	1.024	1.003	1.025	1.009	1.051	1.020	1.004	1.027	1.011	1.052	1.019	1.009	1.031	1.008	1.007	1.015	1.011	1.034	1.011	1.006	1.012	1.014	1.009	1.011	1.008	1.002	
1.002	1.023	1.009	1.035	1.024	1.003	1.025	1.009	1.052	1.020	1.004	1.027	1.011	1.053	1.018	1.009	1.031	1.008	1.006	1.015	1.011	1.034	1.011	1.005	1.012	1.013	1.010	1.011	1.007	1.002	
1.002	1.023	1.009	1.036	1.023	1.003	1.024	1.010	1.052	1.020	1.005	1.027	1.011	1.054	1.018	1.009	1.031	1.008	1.006	1.015	1.011	1.034	1.010	1.004	1.013	1.012	1.011	1.011	1.007	1.003	
1.002	1.023	1.009	1.036	1.023	1.002	1.023	1.010	1.052	1.020	1.005	1.027	1.010	1.055	1.018	1.010	1.031	1.008	1.005	1.015	1.011	1.034	1.010	1.003	1.013	1.012	1.011	1.011	1.006	1.003	
1.002	1.022	1.009	1.036	1.023	1.002	1.023	1.010	1.052	1.019	1.006	1.028	1.010	1.056	1.018	1.010	1.030	1.008	1.005	1.015	1.011	1.034	1.010	1.003	1.013	1.011	1.012	1.011	1.005	1.003	
1.002	1.022	1.009	1.036	1.023	1.003	1.023	1.010	1.052	1.019	1.006	1.027	1.010	1.055	1.018	1.010	1.031	1.008	1.006	1.016	1.010	1.034	1.010	1.003	1.013	1.011	1.013	1.010	1.005	1.004	
1.002	1.022	1.009	1.036	1.023	1.003	1.023	1.011	1.052	1.019	1.006	1.027	1.010	1.055	1.018	1.010	1.031	1.008	1.006	1.016	1.010	1.034	1.010	1.003	1.012	1.011	1.013	1.009	1.005	1.004	
1.002	1.022	1.009	1.036	1.023	1.004	1.023	1.011	1.053	1.019	1.006	1.027	1.010	1.054	1.018	1.011	1.031	1.008	1.007	1.017	1.010	1.034	1.011	1.004	1.012	1.012	1.014	1.008	1.005	1.005	
1.002	1.022	1.009	1.037	1.024	1.005	1.023	1.011	1.053	1.019	1.006	1.027	1.011	1.054	1.018	1.011	1.031	1.008	1.008	1.018	1.010	1.034	1.011	1.004	1.011	1.012	1.014	1.007	1.006	1.006	
1.002	1.022	1.009	1.037	1.024	1.004	1.023	1.011	1.052	1.020	1.006	1.027	1.010	1.053	1.018	1.010	1.031	1.008	1.007	1.017	1.010	1.034	1.010	1.004	1.011	1.013	1.013	1.006	1.006	1.006	
1.002	1.022	1.009	1.037	1.024	1.004	1.024	1.011	1.052	1.020	1.006	1.027	1.010	1.052	1.018	1.009	1.031	1.008	1.007	1.017	1.011	1.034	1.010	1.004	1.012	1.014	1.012	1.006	1.006	1.005	
1.003	1.022	1.009	1.037	1.024	1.004	1.024	1.011	1.051	1.020	1.006	1.027	1.010	1.052	1.019	1.009	1.030	1.008	1.006	1.017	1.012	1.034	1.009	1.004	1.012	1.016	1.011	1.005	1.007	1.005	
1.003	1.022	1.009	1.037	1.024	1.004	1.025	1.011	1.051	1.021	1.005	1.027	1.010	1.051	1.019	1.008	1.030	1.008	1.006	1.016	1.012	1.034	1.008	1.004	1.012	1.017	1.010	1.004	1.007	1.005	
1.003	1.022	1.009	1.037	1.023	1.004	1.025	1.011	1.051	1.021	1.006	1.027	1.010	1.051	1.018	1.008	1.030	1.008	1.006	1.016	1.012	1.034	1.008	1.004	1.012	1.017	1.009	1.005	1.007	1.005	
1.004	1.023	1.009	1.036	1.023	1.005	1.025	1.011	1.051	1.021	1.006	1.027	1.010	1.052	1.017	1.008	1.030	1.008	1.007	1.015	1.012	1.034	1.008	1.004	1.013	1.016	1.008	1.005	1.008	1.005	
1.005	1.024	1.010	1.036	1.023	1.005	1.025	1.011	1.051	1.021	1.007	1.027	1.010	1.052	1.017	1.009	1.030	1.009	1.007	1.015	1.013	1.034	1.009	1.004	1.013	1.016	1.008	1.006	1.008	1.005	
1.005	1.025	1.010	1.036	1.023	1.005	1.025	1.011	1.052	1.021	1.007	1.027	1.010	1.053	1.016	1.009	1.030	1.009	1.008	1.015	1.013	1.033	1.009	1.004	1.013	1.015	1.007	1.006	1.008	1.005	
1.005	1.024	1.010	1.036	1.023	1.005	1.024	1.010	1.052	1.020	1.008	1.027	1.010	1.053	1.016	1.009	1.029	1.009	1.007	1.015	1.013	1.033	1.009	1.004	1.013	1.014	1.007	1.007	1.007	1.006	
1.005	1.023	1.009	1.036	1.022	1.004	1.024	1.009	1.053	1.020	1.008	1.026	1.010	1.054	1.017	1.008	1.029	1.009	1.006	1.016	1.013	1.033	1.008	1.005	1.012	1.012	1.007	1.007	1.007	1.007	
1.004	1.022	1.009	1.035	1.022	1.004	1.024	1.008	1.053	1.019	1.008	1.025	1.011	1.054	1.017	1.008	1.028	1.009	1.006	1.016	1.012	1.033	1.008	1.005	1.012	1.010	1.007	1.008	1.006	1.009	
1.004	1.021	1.009	1.035	1.022	1.003	1.023	1.007	1.054	1.019	1.009	1.025	1.011	1.055	1.018	1.008	1.028	1.009	1.005	1.017	1.012	1.033	1.008	1.006	1.011	1.009	1.007	1.008	1.006	1.010	
1.004	1.021	1.009	1.035	1.023	1.004	1.023	1.007	1.053	1.018	1.009	1.025	1.010	1.055	1.017	1.008	1.028	1.009	1.006	1.016	1.012	1.033	1.008	1.006	1.012	1.008	1.007	1.008	1.005	1.012	
1.004	1.021	1.010	1.035	1.023	1.004	1.023	1.007	1.053	1.018	1.009	1.025	1.010	1.055	1.017	1.008	1.029	1.008	1.007	1.016	1.012	1.033	1.008	1.006	1.012	1.007	1.008	1.008	1.005	1.014	
1.004	1.022	1.010	1.035	1.024	1.004	1.023	1.008	1.052	1.018	1.009	1.025	1.010	1.055	1.016	1.008	1.030	1.008	1.008	1.015	1.012	1.033	1.007	1.006	1.012	1.006	1.008	1.008	1.004	1.016	
1.005	1.022	1.010	1.036	1.024	1.004	1.023	1.008	1.052	1.018	1.009	1.025	1.009	1.055	1.016	1.008	1.030	1.007	1.010	1.015	1.012	1.033	1.007	1.006	1.012	1.005	1.008	1.008	1.004	1.017	
1.005	1.022	1.010	1.036	1.024	1.005	1.023	1.008	1.052	1.018	1.009	1.025	1.009	1.055	1.016	1.008	1.030	1.007	1.009	1.015	1.013	1.033	1.007	1.005	1.012	1.005	1.009	1.008	1.005	1.017	
1.005	1.021	1.010	1.036	1.024	1.005	1.023	1.008	1.053	1.018	1.009	1.026	1.010	1.054	1.016	1.008	1.031	1.007	1.008	1.016	1.014	1.033	1.008	1.005	1.011	1.006	1.010	1.007	1.006	1.017	
1.005	1.021	1.009	1.036	1.024	1.006	1.023	1.009	1.053	1.019	1.009	1.026	1.010	1.054	1.015	1.009	1.031	1.007	1.008	1.016	1.014	1.033	1.008	1.005	1.010	1.006	1.010	1.006	1.007	1.017	
1.006	1.020	1.009	1.036	1.024	1.006	1.023	1.009	1.054	1.019	1.009	1.026	1.010	1.054	1.015	1.009	1.031	1.007	1.007	1.016	1.015	1.033	1.008	1.004	1.010	1.006	1.011	1.005	1.009	1.017	
1.006	1.021	1.009	1.036	1.024	1.006	1.023	1.009	1.053	1.019	1.009	1.026	1.010	1.054	1.016	1.009	1.030	1.008	1.007	1.016	1.015	1.033	1.008	1.005	1.010	1.007	1.011	1.005	1.010	1.016	
1.006	1.022	1.009	1.036	1.024	1.007	1.023	1.009	1.052	1.018	1.009	1.026	1.010	1.053	1.016	1.009	1.029	1.008	1.006	1.015	1.016	1.033	1.007	1.006	1.010	1.008	1.012	1.005	1.012	1.016	
1.006	1.023	1.009	1.036	1.024	1.007	1.024	1.009	1.051	1.018	1.009	1.026	1.009	1.053	1.017	1.009	1.029	1.008	1.006	1.015	1.016	1.033	1.007	1.007	1.010	1.009	1.012	1.005	1.013	1.015	
1.006	1.024	1.010	1.036	1.024	1.008	1.024	1.009	1.051	1.018	1.009	1.026	1.009	1.052	1.017	1.010	1.028	1.009	1.006	1.014	1.016	1.032	1.006	1.008	1.011	1.010	1.012	1.005	1.015	1.015	
1.005	1.023	1.009	1.036	1.023	1.007	1.023	1.009	1.051	1.018	1.009	1.026	1.009	1.053	1.017	1.010	1.028	1.008	1.006	1.015	1.016	1.033	1.007	1.007	1.011	1.010	1.011	1.007	1.015	1.013	
1.005	1.022	1.009	1.036	1.022	1.007	1.023	1.009	1.051	1.018	1.009	1.026	1.010	1.053	1.016	1.010	1.028	1.007	1.006	1.015	1.016	1.033	1.008	1.006	1.011	1.011	1.011	1.008	1.016	1.011	
1.004	1.021	1.009	1.036	1.022	1.006	1.023	1.009	1.051	1.018	1.009	1.025	1.010	1.053	1.016	1.010	1.029	1.007	1.007	1.016	1.016	1.033	1.008	1.005	1.012	1.011	1.010	1.010	1.016	1.009	
1.004	1.021	1.009	1.036	1.021	1.006	1.023	1.009	1.052	1.019	1.009	1.025	1.011	1.053	1.016	1.010	1.029	1.006	1.007	1.017	1.016	1.033	1.009	1.004	1.012	1.012	1.009	1.011	1.017	1.007	
1.004	1.021	1.009	1.036	1.021	1.006	1.023	1.009	1.052	1.018	1.008	1.025	1.011	1.053	1.016	1.010	1.029	1.006	1.008	1.016	1.016	1.033	1.008	1.004	1.012	1.012	1.009	1.012	1.016	1.005	
1.005	1.021	1.009	1.036	1.021	1.006	1.023	1.009	1.052	1.018	1.007	1.025	1.011	1.054	1.016	1.010	1.029	1.007	1.008	1.016	1.017	1.033	1.008	1.004	1.012	1.011	1.009	1.013	1.015	1.004	
1.005	1.021	1.009	1.036	1.021	1.006	1.022	1.009	1.052	1.018	1.006	1.024	1.011	1.055	1.016	1.011	1.029	1.007	1.008	1.016	1.017	1.034	1.007	1.005	1.012	1.011	1.010	1.015	1.014	1.002	
1.005	1.022	1.009	1.036	1.021	1.006	1.022	1.009	1.052	1.018	1.005	1.024	1.011	1.055	1.017	1.011	1.029	1.008	1.009	1.015	1.017	1.034	1.007	1.005	1.012	1.011	1.010	1.016	1.013	1.000	
1.005	1.022	1.009	1.036	1.021	1.006	1.022	1.008	1.052	1.017	1.006	1.024	1.011	1.055	1.016	1.011	1.029	1.008	1.008	1.015	1.018	1.034	1.006	1.005	1.012	1.011	1.011	1.016	1.011	1.001	
1.005	1.022	1.009	1.036	1.021	1.005	1.022	1.008	1.051	1.017	1.007	1.024	1.011	1.055	1.015	1.011	1.028	1.008	1.008	1.015	1.018	1.034	1.006	1.006	1.012	1.011	1.012	1.016	1.009	1.001	
1.005	1.022	1.009	1.036	1.021	1.005	1.022	1.008	1.051	1.017	1.007	1.025	1.011	1.054	1.015	1.011	1.028	1.008	1.008	1.015	1.018	1.033	1.005	1.007	1.012	1.011	1.014	1.016	1.007	1.001	
1.005	1.022	1.009	1.036	1.021	1.005	1.022	1.007	1.051	1.017	1.008	1.025	1.011	1.054	1.014	1.012	1.028	1.008	1.008	1.016	1.018	1.033	1.004	1.008	1.012	1.011	1.015	1.016	1.005	1.002	
1.005	1.022	1.009	1.036	1.021	1.005	1.022	1.007	1.051	1.017	1.008	1.025	1.010	1.054	1.014	1.011	1.028	1.008	1.008	1.016	1.019	1.033	1.005	1.008	1.011	1.012	1.016	1.014	1.005	1.003	
1.005	1.022	1.009	1.036	1.021	1.005	1.022	1.007	1.051	1.017	1.008	1.025	1.010	1.053	1.014	1.011	1.028	1.007	1.008	1.016	1.019	1.033	1.005	1.008	1.011	1.012	1.017	1.012	1.005	1.003	
1.005	1.022	1.008	1.036	1.021	1.005	1.022	1.007	1.051	1.017	1.008	1.025	1.010	1.053	1.014	1.011	1.028	1.006	1.008	1.016	1.020	1.032	1.005	1.008	1.010	1.013	1.019	1.011	1.005	1.004	
1.005	1.021	1.008	1.036	1.020	1.005	1.022	1.007	1.051	1.017	1.008	1.025	1.009	1.053	1.014	1.011	1.028	1.006	1.008	1.016	1.020	1.032	1.005	1.008	1.010	1.014	1.020	1.009	1.004	1.005	
1.005	1.021	1.008	1.036	1.020	1.005	1.022	1.007	1.051	1.017	1.008	1.025	1.010	1.053	1.015	1.011	1.028	1.006	1.008	1.015	1.020	1.032	1.006	1.007	1.010	1.015	1.019	1.007	1.005	1.005	
1.005	1.021	1.008	1.036	1.020	1.005	1.022	1.007	1.051	1.017	1.008	1.024	1.010	1.054	1.015	1.012	1.027	1.007	1.009	1.015	1.020	1.032	1.006	1.007	1.011	1.017	1.019	1.006	1.005	1.005	
1.005	1.021	1.007	1.036	1.020	1.005	1.022	1.007	1.051	1.016	1.007	1.024	1.010	1.054	1.015	1.012	1.027	1.007	1.009	1.015	1.020	1.032	1.006	1.007	1.011	1.019	1.018	1.005	1.006	1.005	
1.005	1.020	1.007	1.035	1.020	1.005	1.022	1.007	1.052	1.016	1.007	1.024	1.010	1.054	1.015	1.012	1.027	1.008	1.010	1.015	1.020	1.032	1.007	1.007	1.012	1.020	1.018	1.003	1.007	1.004	
1.005	1.021	1.007	1.036	1.020	1.006	1.022	1.008	1.052	1.017	1.007	1.024	1.009	1.054	1.016	1.012	1.027	1.007	1.009	1.015	1.021	1.032	1.007	1.006	1.011	1.020	1.015	1.003	1.007	1.004	
1.005	1.021	1.007	1.036	1.020	1.006	1.023	1.008	1.052	1.017	1.007	1.024	1.008	1.054	1.016	1.012	1.028	1.007	1.009	1.016	1.021	1.032	1.007	1.006	1.010	1.021	1.013	1.003	1.007	1.004	
1.006	1.021	1.007	1.037	1.021	1.007	1.023	1.009	1.052	1.017	1.006	1.025	1.008	1.054	1.016	1.012	1.028	1.007	1.008	1.016	1.021	1.032	1.007	1.005	1.009	1.021	1.011	1.002	1.008	1.004	
1.006	1.022	1.008	1.037	1.021	1.007	1.024	1.009	1.052	1.017	1.006	1.025	1.007	1.054	1.016	1.013	1.028	1.006	1.008	1.016	1.021	1.032	1.007	1.005	1.008	1.021	1.009	1.002	1.008	1.004	
1.006	1.022	1.008	1.037	1.021	1.007	1.023	1.009	1.052	1.017	1.006	1.025	1.007	1.053	1.016	1.013	1.028	1.006	1.008	1.016	1.021	1.031	1.006	1.005	1.009	1.018	1.007	1.003	1.007	1.005	
1.006	1.021	1.008	1.037	1.021	1.007	1.022	1.008	1.051	1.017	1.007	1.025	1.008	1.053	1.015	1.013	1.028	1.006	1.008	1.016	1.021	1.031	1.005	1.004	1.010	1.016	1.006	1.004	1.006	1.006	
1.006	1.021	1.008	1.036	1.020	1.006	1.021	1.007	1.051	1.017	1.007	1.025	1.008	1.053	1.015	1.014	1.028	1.005	1.008	1.015	1.022	1.031	1.005	1.004	1.011	1.014	1.004	1.006	1.005	1.007	
1.006	1.021	1.008	1.036	1.020	1.006	1.020	1.006	1.051	1.017	1.007	1.024	1.008	1.053	1.014	1.014	1.028	1.005	1.008	1.015	1.022	1.031	1.004	1.003	1.011	1.011	1.002	1.007	1.005	1.008	
1.006	1.021	1.008	1.036	1.020	1.006	1.020	1.007	1.051	1.017	1.006	1.024	1.008	1.053	1.015	1.014	1.027	1.005	1.008	1.015	1.023	1.031	1.005	1.004	1.012	1.009	1.002	1.007	1.004	1.010	
1.006	1.021	1.008	1.037	1.021	1.006	1.021	1.007	1.051	1.018	1.006	1.024	1.009	1.053	1.015	1.015	1.027	1.005	1.007	1.015	1.023	1.032	1.006	1.006	1.012	1.007	1.003	1.007	1.004	1.012	
1.006	1.021	1.008	1.037	1.021	1.005	1.021	1.008	1.051	1.018	1.006	1.023	1.009	1.053	1.016	1.015	1.027	1.005	1.006	1.015	1.024	1.032	1.007	1.007	1.012	1.005	1.003	1.007	1.003	1.014	
1.006	1.021	1.008	1.037	1.021	1.005	1.021	1.008	1.051	1.018	1.005	1.023	1.009	1.053	1.017	1.015	1.026	1.005	1.005	1.015	1.025	1.032	1.007	1.008	1.012	1.002	1.004	1.007	1.003	1.015	
1.006	1.021	1.009	1.037	1.021	1.005	1.021	1.008	1.051	1.018	1.006	1.023	1.009	1.054	1.016	1.015	1.027	1.005	1.006	1.015	1.025	1.031	1.007	1.007	1.012	1.002	1.004	1.007	1.004	1.017	
1.007	1.021	1.009	1.037	1.020	1.005	1.021	1.007	1.051	1.017	1.006	1.023	1.009	1.054	1.016	1.015	1.027	1.005	1.006	1.015	1.025	1.030	1.007	1.007	1.012	1.001	1.005	1.006	1.005	1.018	
1.007	1.021	1.009	1.037	1.020	1.005	1.021	1.007	1.051	1.017	1.006	1.023	1.009	1.055	1.015	1.015	1.027	1.005	1.006	1.014	1.025	1.030	1.007	1.006	1.012	1.001	1.005	1.005	1.006	1.019	
1.007	1.021	1.010	1.037	1.020	1.005	1.021	1.006	1.051	1.017	1.007	1.023	1.009	1.055	1.015	1.015	1.028	1.006	1.007	1.014	1.025	1.029	1.007	1.006	1.011	1.000	1.006	1.005	1.007	1.020	
1.007	1.021	1.009	1.037	1.020	1.005	1.021	1.007	1.052	1.017	1.007	1.023	1.009	1.055	1.015	1.015	1.028	1.005	1.007	1.014	1.025	1.029	1.007	1.005	1.011	1.001	1.006	1.005	1.008	1.019	
1.006	1.021	1.008	1.037	1.020	1.005	1.021	1.007	1.052	1.018	1.007	1.023	1.009	1.055	1.015	1.014	1.028	1.005	1.008	1.014	1.025	1.030	1.007	1.005	1.011	1.001	1.006	1.004	1.009	1.018	
1.006	1.021	1.008	1.037	1.019	1.005	1.021	1.007	1.053	1.018	1.007	1.023	1.009	1.055	1.015	1.014	1.028	1.005	1.009	1.014	1.025	1.030	1.008	1.005	1.011	1.002	1.007	1.004	1.011	1.017	
1.005	1.021	1.007	1.037	1.019	1.004	1.021	1.008	1.053	1.018	1.007	1.023	1.009	1.055	1.015	1.014	1.028	1.004	1.009	1.014	1.025	1.031	1.008	1.004	1.011	1.002	1.007	1.004	1.012	1.016	
1.005	1.021	1.007	1.037	1.019	1.004	1.021	1.007	1.053	1.018	1.007	1.023	1.009	1.055	1.015	1.015	1.028	1.005	1.009	1.014	1.025	1.031	1.007	1.004	1.011	1.003	1.007	1.005	1.012	1.014	
1.006	1.020	1.007	1.037	1.019	1.004	1.021	1.007	1.053	1.018	1.007	1.023	1.009	1.054	1.015	1.015	1.028	1.005	1.008	1.015	1.025	1.031	1.006	1.003	1.011	1.004	1.007	1.007	1.013	1.011	
1.006	1.020	1.007	1.038	1.019	1.004	1.021	1.007	1.052	1.018	1.007	1.024	1.008	1.054	1.015	1.016	1.027	1.005	1.008	1.015	1.025	1.031	1.005	1.003	1.011	1.005	1.007	1.008	1.013	1.009	
1.006	1.020	1.007	1.038	1.019	1.004	1.021	1.007	1.052	1.017	1.007	1.024	1.008	1.054	1.015	1.016	1.027	1.006	1.008	1.016	1.026	1.031	1.005	1.002	1.011	1.006	1.007	1.010	1.013	1.006	
1.006	1.020	1.007	1.038	1.019	1.004	1.021	1.007	1.053	1.018	1.008	1.024	1.008	1.054	1.015	1.017	1.027	1.006	1.008	1.015	1.026	1.031	1.004	1.003	1.010	1.006	1.007	1.010	1.012	1.005	
1.006	1.020	1.007	1.038	1.019	1.004	1.022	1.007	1.054	1.018	1.008	1.023	1.008	1.054	1.014	1.017	1.028	1.007	1.008	1.015	1.026	1.031	1.004	1.003	1.010	1.006	1.006	1.011	1.011	1.003	
1.006	1.020	1.007	1.038	1.019	1.004	1.023	1.007	1.054	1.018	1.009	1.023	1.008	1.054	1.013	1.017	1.028	1.007	1.008	1.014	1.027	1.031	1.004	1.004	1.010	1.006	1.006	1.012	1.010	1.002	
1.006	1.020	1.007	1.039	1.019	1.004	1.024	1.007	1.055	1.018	1.009	1.023	1.008	1.054	1.013	1.018	1.028	1.007	1.008	1.014	1.027	1.031	1.004	1.005	1.010	1.007	1.006	1.013	1.009	1.000	
1.006	1.020	1.007	1.039	1.019	1.004	1.023	1.007	1.055	1.018	1.009	1.023	1.008	1.055	1.013	1.018	1.028	1.007	1.008	1.014	1.027	1.031	1.004	1.005	1.010	1.006	1.007	1.012	1.008	1.000	
1.006	1.020	1.007	1.038	1.019	1.004	1.022	1.007	1.054	1.018	1.008	1.023	1.008	1.055	1.013	1.019	1.027	1.006	1.007	1.014	1.026	1.031	1.004	1.006	1.010	1.006	1.009	1.012	1.007	1.001	
1.005	1.020	1.007	1.038	1.019	1.004	1.022	1.007	1.054	1.018	1.008	1.023	1.008	1.055	1.013	1.019	1.027	1.005	1.007	1.014	1.026	1.031	1.003	1.007	1.010	1.005	1.010	1.011	1.005	1.001	
1.005	1.020	1.007	1.038	1.019	1.004	1.021	1.006	1.054	1.018	1.007	1.023	1.008	1.056	1.013	1.019	1.027	1.004	1.006	1.015	1.026	1.031	1.003	1.008	1.011	1.005	1.011	1.011	1.004	1.002	
1.005	1.020	1.007	1.038	1.019	1.004	1.021	1.006	1.054	1.018	1.008	1.023	1.008	1.055	1.013	1.019	1.026	1.005	1.007	1.014	1.026	1.031	1.004	1.007	1.010	1.006	1.012	1.010	1.003	1.003	
1.004	1.020	1.007	1.038	1.019	1.004	1.022	1.006	1.054	1.017	1.008	1.023	1.008	1.055	1.013	1.019	1.026	1.005	1.008	1.014	1.027	1.030	1.005	1.006	1.010	1.007	1.013	1.008	1.003	1.004	
1.004	1.019	1.007	1.038	1.019	1.004	1.022	1.007	1.053	1.017	1.009	1.023	1.009	1.055	1.013	1.020	1.026	1.005	1.009	1.014	1.027	1.030	1.006	1.005	1.010	1.008	1.014	1.007	1.002	1.005	
1.004	1.019	1.007	1.038	1.019	1.004	1.022	1.007	1.053	1.017	1.010	1.023	1.009	1.054	1.013	1.020	1.026	1.006	1.011	1.014	1.028	1.029	1.006	1.004	1.009	1.010	1.015	1.006	1.002	1.006	
1.004	1.019	1.007	1.038	1.018	1.004	1.022	1.006	1.054	1.016	1.010	1.023	1.009	1.054	1.013	1.020	1.026	1.005	1.010	1.014	1.027	1.029	1.006	1.004	1.009	1.011	1.015	1.004	1.002	1.005	
1.005	1.019	1.007	1.038	1.018	1.004	1.021	1.005	1.054	1.016	1.010	1.023	1.008	1.054	1.014	1.020	1.026	1.005	1.009	1.013	1.027	1.029	1.005	1.004	1.009	1.013	1.014	1.003	1.003	1.004	
1.005	1.019	1.007	1.037	1.018	1.004	1.021	1.005	1.054	1.016	1.011	1.023	1.007	1.054	1.014	1.021	1.026	1.005	1.008	1.013	1.027	1.029	1.004	1.005	1.008	1.014	1.014	1.001	1.003	1.003	
1.005	1.019	1.007	1.037	1.017	1.004	1.021	1.004	1.055	1.016	1.011	1.023	1.007	1.053	1.015	1.021	1.027	1.005	1.007	1.012	1.027	1.029	1.004	1.005	1.008	1.016	1.013	1.000	1.004	1.003	
1.005	1.019	1.007	1.037	1.017	1.004	1.021	1.005	1.054	1.015	1.011	1.023	1.007	1.054	1.014	1.022	1.026	1.005	1.007	1.012	1.027	1.029	1.004	1.005	1.009	1.016	1.011	1.000	1.004	1.002	
1.005	1.019	1.007	1.038	1.018	1.004	1.021	1.005	1.054	1.015	1.010	1.023	1.008	1.054	1.014	1.022	1.026	1.005	1.006	1.013	1.028	1.029	1.005	1.005	1.009	1.016	1.009	1.000	1.005	1.002	
1.005	1.018	1.007	1.038	1.018	1.005	1.021	1.006	1.053	1.015	1.010	1.022	1.008	1.054	1.013	1.023	1.026	1.005	1.006	1.013	1.028	1.029	1.005	1.006	1.009	1.017	1.007	1.000	1.005	1.001	
1.004	1.018	1.006	1.039	1.018	1.005	1.020	1.006	1.053	1.015	1.010	1.022	1.009	1.054	1.013	1.024	1.026	1.005	1.006	1.013	1.029	1.029	1.006	1.006	1.010	1.017	1.006	1.000	1.006	1.001	
1.005	1.018	1.007	1.039	1.018	1.005	1.020	1.006	1.052	1.015	1.010	1.023	1.009	1.054	1.013	1.024	1.026	1.005	1.006	1.013	1.029	1.029	1.005	1.005	1.010	1.015	1.004	1.002	1.005	1.002	
1.005	1.018	1.007	1.039	1.018	1.004	1.020	1.006	1.052	1.016	1.010	1.024	1.008	1.054	1.013	1.024	1.025	1.005	1.006	1.012	1.029	1.029	1.005	1.005	1.009	1.013	1.003	1.003	1.004	1.003	
1.005	1.018	1.007	1.039	1.019	1.004	1.020	1.006	1.051	1.016	1.010	1.025	1.008	1.054	1.013	1.024	1.025	1.004	1.006	1.012	1.029	1.029	1.004	1.005	1.009	1.011	1.001	1.004	1.004	1.004	
1.005	1.017	1.007	1.040	1.019	1.004	1.020	1.006	1.051	1.016	1.011	1.025	1.008	1.054	1.014	1.024	1.025	1.004	1.006	1.012	1.029	1.029	1.003	1.004	1.009	1.009	1.000	1.005	1.003	1.005	
1.005	1.018	1.007	1.039	1.018	1.004	1.020	1.006	1.052	1.016	1.012	1.025	1.008	1.054	1.014	1.024	1.025	1.004	1.007	1.012	1.029	1.029	1.004	1.004	1.009	1.008	1.000	1.005	1.002	1.006	
1.005	1.019	1.007	1.039	1.018	1.005	1.020	1.006	1.053	1.016	1.012	1.024	1.008	1.054	1.014	1.024	1.025	1.003	1.007	1.012	1.028	1.029	1.005	1.004	1.009	1.006	1.001	1.005	1.001	1.008	
1.004	1.020	1.007	1.038	1.018	1.005	1.020	1.006	1.054	1.016	1.013	1.023	1.008	1.054	1.014	1.024	1.025	1.003	1.008	1.012	1.028	1.030	1.006	1.004	1.010	1.005	1.001	1.006	1.001	1.010	
1.004	1.020	1.007	1.037	1.018	1.005	1.020	1.005	1.055	1.016	1.014	1.022	1.008	1.053	1.014	1.025	1.025	1.003	1.008	1.012	1.028	1.030	1.007	1.005	1.010	1.003	1.001	1.006	1.000	1.011	
1.004	1.020	1.007	1.038	1.018	1.005	1.020	1.005	1.055	1.016	1.014	1.022	1.007	1.054	1.014	1.025	1.026	1.003	1.008	1.012	1.028	1.029	1.006	1.004	1.010	1.003	1.003	1.005	1.001	1.013	
1.004	1.020	1.007	1.039	1.018	1.004	1.021	1.005	1.055	1.016	1.014	1.022	1.007	1.054	1.014	1.025	1.026	1.004	1.007	1.013	1.029	1.029	1.006	1.004	1.009	1.002	1.004	1.004	1.002	1.015	
1.004	1.019	1.007	1.039	1.018	1.004	1.021	1.005	1.055	1.016	1.014	1.022	1.007	1.055	1.014	1.025	1.026	1.004	1.007	1.013	1.029	1.028	1.005	1.003	1.009	1.001	1.005	1.003	1.004	1.017	
1.004	1.019	1.007	1.040	1.018	1.004	1.022	1.005	1.055	1.016	1.014	1.022	1.007	1.055	1.014	1.025	1.027	1.005	1.007	1.013	1.029	1.028	1.005	1.003	1.009	1.001	1.006	1.002	1.005	1.019	
1.004	1.019	1.007	1.039	1.018	1.004	1.022	1.005	1.055	1.016	1.013	1.022	1.007	1.055	1.014	1.025	1.027	1.005	1.007	1.013	1.029	1.028	1.005	1.003	1.009	1.002	1.006	1.002	1.007	1.018	
1.004	1.018	1.007	1.039	1.018	1.005	1.021	1.005	1.055	1.015	1.013	1.022	1.007	1.056	1.014	1.025	1.027	1.005	1.007	1.013	1.029	1.028	1.005	1.003	1.009	1.003	1.007	1.002	1.009	1.018	
1.004	1.018	1.007	1.038	1.018	1.006	1.021	1.005	1.055	1.015	1.013	1.021	1.007	1.056	1.014	1.025	1.027	1.004	1.007	1.013	1.029	1.028	1.006	1.003	1.009	1.005	1.007	1.002	1.011	1.017	
1.004	1.018	1.007	1.038	1.018	1.007	1.020	1.005	1.055	1.015	1.012	1.021	1.007	1.056	1.013	1.025	1.027	1.004	1.007	1.014	1.028	1.028	1.006	1.003	1.009	1.006	1.008	1.002	1.013	1.016	
1.003	1.017	1.007	1.038	1.018	1.007	1.020	1.006	1.054	1.015	1.013	1.021	1.006	1.056	1.013	1.025	1.027	1.004	1.007	1.013	1.028	1.029	1.006	1.003	1.008	1.007	1.007	1.003	1.015	1.015	
1.003	1.017	1.007	1.039	1.018	1.007	1.019	1.007	1.054	1.016	1.014	1.022	1.006	1.056	1.013	1.025	1.026	1.004	1.008	1.013	1.028	1.029	1.007	1.003	1.008	1.007	1.007	1.005	1.017	1.014	
1.003	1.017	1.006	1.039	1.018	1.008	1.018	1.007	1.053	1.016	1.015	1.022	1.005	1.055	1.013	1.025	1.026	1.004	1.008	1.013	1.028	1.029	1.007	1.003	1.008	1.008	1.006	1.006	1.019	1.013	
1.003	1.016	1.006	1.040	1.018	1.008	1.018	1.008	1.053	1.017	1.016	1.022	1.005	1.055	1.013	1.025	1.025	1.004	1.009	1.013	1.028	1.029	1.007	1.004	1.008	1.008	1.006	1.007	1.021	1.012	
1.003	1.016	1.006	1.039	1.019	1.008	1.018	1.007	1.053	1.016	1.017	1.022	1.006	1.056	1.013	1.025	1.025	1.004	1.008	1.013	1.029	1.029	1.007	1.004	1.009	1.008	1.006	1.009	1.020	1.011	
1.003	1.017	1.006	1.039	1.019	1.008	1.018	1.006	1.053	1.016	1.017	1.022	1.006	1.056	1.014	1.025	1.025	1.004	1.008	1.013	1.030	1.029	1.006	1.005	1.009	1.008	1.006	1.010	1.019	1.009	
1.003	1.017	1.006	1.039	1.020	1.008	1.019	1.005	1.053	1.015	1.018	1.021	1.007	1.056	1.014	1.025	1.025	1.004	1.008	1.013	1.032	1.029	1.006	1.005	1.009	1.008	1.006	1.012	1.018	1.008	
1.003	1.017	1.006	1.038	1.020	1.008	1.019	1.005	1.053	1.015	1.018	1.021	1.007	1.057	1.015	1.025	1.024	1.003	1.007	1.013	1.033	1.028	1.006	1.006	1.009	1.007	1.006	1.014	1.017	1.007	
1.003	1.017	1.006	1.039	1.020	1.008	1.019	1.005	1.053	1.015	1.019	1.021	1.007	1.057	1.015	1.025	1.025	1.003	1.007	1.013	1.033	1.028	1.005	1.006	1.009	1.007	1.007	1.015	1.016	1.007	
1.003	1.016	1.006	1.039	1.020	1.008	1.018	1.005	1.053	1.015	1.019	1.021	1.006	1.056	1.015	1.025	1.025	1.004	1.007	1.013	1.033	1.028	1.005	1.006	1.008	1.007	1.009	1.016	1.015	1.008	
1.004	1.016	1.005	1.040	1.020	1.008	1.018	1.005	1.053	1.015	1.019	1.021	1.006	1.056	1.015	1.025	1.025	1.004	1.007	1.013	1.033	1.028	1.005	1.006	1.008	1.006	1.010	1.017	1.014	1.009	
1.004	1.016	1.005	1.040	1.020	1.008	1.018	1.005	1.053	1.015	1.020	1.021	1.005	1.056	1.015	1.025	1.026	1.004	1.007	1.013	1.033	1.028	1.005	1.006	1.008	1.006	1.011	1.019	1.013	1.010	
1.004	1.016	1.005	1.040	1.020	1.009	1.018	1.005	1.053	1.015	1.020	1.021	1.005	1.055	1.015	1.025	1.026	1.004	1.007	1.013	1.033	1.028	1.004	1.006	1.008	1.007	1.013	1.018	1.012	1.011	
1.004	1.017	1.005	1.040	1.019	1.009	1.018	1.005	1.053	1.015	1.020	1.021	1.005	1.055	1.015	1.026	1.025	1.004	1.008	1.013	1.034	1.028	1.003	1.006	1.008	1.009	1.014	1.017	1.011	1.013	
1.004	1.018	1.005	1.041	1.019	1.010	1.018	1.005	1.053	1.016	1.021	1.021	1.006	1.055	1.014	1.026	1.025	1.004	1.008	1.013	1.034	1.028	1.002	1.006	1.008	1.010	1.015	1.016	1.010	1.015	
1.004	1.018	1.005	1.041	1.018	1.010	1.018	1.005	1.053	1.016	1.021	1.021	1.006	1.054	1.014	1.027	1.025	1.004	1.008	1.013	1.034	1.028	1.001	1.006	1.009	1.012	1.017	1.015	1.009	1.016	
1.005	1.018	1.006	1.041	1.018	1.010	1.019	1.005	1.053	1.016	1.021	1.021	1.005	1.054	1.015	1.027	1.025	1.004	1.008	1.012	1.035	1.028	1.001	1.005	1.009	1.013	1.017	1.014	1.010	1.016	
1.005	1.017	1.006	1.040	1.018	1.010	1.019	1.005	1.053	1.015	1.021	1.021	1.005	1.054	1.015	1.027	1.024	1.004	1.007	1.012	1.035	1.027	1.002	1.004	1.009	1.015	1.018	1.014	1.011	1.015	
1.005	1.016	1.007	1.040	1.018	1.010	1.019	1.005	1.053	1.015	1.022	1.021	1.005	1.053	1.015	1.027	1.024	1.005	1.007	1.012	1.035	1.027	1.003	1.003	1.009	1.017	1.019	1.013	1.012	1.015	
1.005	1.016	1.007	1.040	1.017	1.010	1.019	1.004	1.054	1.015	1.022	1.021	1.005	1.053	1.015	1.027	1.023	1.005	1.006	1.012	1.036	1.027	1.003	1.002	1.010	1.018	1.020	1.013	1.013	1.014	
1.005	1.016	1.007	1.040	1.017	1.010	1.019	1.004	1.054	1.015	1.022	1.021	1.004	1.054	1.015	1.027	1.024	1.004	1.007	1.012	1.036	1.027	1.003	1.003	1.010	1.019	1.019	1.012	1.014	1.015	
1.005	1.016	1.006	1.040	1.017	1.010	1.019	1.004	1.054	1.015	1.022	1.020	1.004	1.054	1.015	1.027	1.024	1.004	1.007	1.012	1.036	1.027	1.003	1.003	1.010	1.020	1.018	1.011	1.015	1.015	
1.005	1.016	1.006	1.040	1.017	1.010	1.020	1.004	1.054	1.015	1.022	1.020	1.003	1.055	1.015	1.027	1.024	1.003	1.008	1.012	1.036	1.027	1.003	1.004	1.010	1.021	1.017	1.010	1.016	1.016	
1.005	1.016	1.005	1.040	1.017	1.010	1.020	1.004	1.054	1.014	1.022	1.020	1.003	1.055	1.015	1.027	1.024	1.002	1.009	1.012	1.036	1.027	1.003	1.004	1.009	1.022	1.016	1.010	1.017	1.016	
1.006	1.016	1.005	1.040	1.017	1.010	1.020	1.004	1.054	1.015	1.022	1.020	1.004	1.056	1.015	1.027	1.025	1.003	1.009	1.013	1.037	1.027	1.004	1.005	1.009	1.022	1.014	1.011	1.016	1.018	
1.006	1.017	1.005	1.040	1.017	1.011	1.020	1.004	1.054	1.015	1.022	1.021	1.004	1.056	1.014	1.027	1.025	1.003	1.009	1.013	1.037	1.028	1.005	1.005	1.009	1.021	1.013	1.012	1.015	1.019	
1.006	1.017	1.005	1.039	1.017	1.011	1.020	1.004	1.054	1.015	1.022	1.021	1.005	1.057	1.014	1.026	1.025	1.003	1.010	1.013	1.038	1.029	1.006	1.005	1.009	1.020	1.012	1.013	1.014	1.020	
1.006	1.017	1.005	1.039	1.017	1.012	1.021	1.004	1.054	1.015	1.021	1.022	1.006	1.058	1.014	1.026	1.025	1.003	1.010	1.013	1.038	1.029	1.007	1.006	1.009	1.019	1.011	1.014	1.013	1.022	
1.007	1.017	1.006	1.040	1.017	1.012	1.021	1.004	1.054	1.015	1.021	1.022	1.006	1.057	1.013	1.026	1.026	1.003	1.009	1.013	1.038	1.029	1.006	1.005	1.008	1.018	1.011	1.016	1.014	1.024	
1.007	1.017	1.006	1.040	1.018	1.012	1.021	1.005	1.054	1.015	1.021	1.023	1.006	1.057	1.013	1.026	1.026	1.003	1.009	1.013	1.038	1.029	1.004	1.005	1.008	1.016	1.011	1.017	1.014	1.026	
1.007	1.018	1.007	1.041	1.018	1.013	1.021	1.005	1.055	1.015	1.021	1.023	1.006	1.057	1.013	1.026	1.026	1.004	1.008	1.013	1.038	1.029	1.003	1.005	1.008	1.015	1.011	1.018	1.014	1.028	
1.007	1.018	1.008	1.042	1.019	1.013	1.021	1.005	1.055	1.015	1.020	1.023	1.006	1.056	1.013	1.026	1.027	1.004	1.008	1.013	1.038	1.029	1.002	1.005	1.007	1.014	1.011	1.019	1.015	1.030	
1.007	1.018	1.007	1.041	1.019	1.013	1.020	1.005	1.054	1.015	1.020	1.023	1.005	1.056	1.013	1.027	1.026	1.003	1.008	1.013	1.039	1.028	1.003	1.006	1.007	1.013	1.012	1.019	1.016	1.032	
1.007	1.017	1.006	1.041	1.019	1.014	1.019	1.005	1.054	1.015	1.020	1.023	1.004	1.056	1.013	1.028	1.025	1.003	1.008	1.013	1.039	1.028	1.003	1.007	1.007	1.013	1.014	1.018	1.018	1.034	
1.007	1.017	1.006	1.041	1.019	1.014	1.018	1.004	1.054	1.015	1.020	1.023	1.004	1.057	1.013	1.029	1.024	1.003	1.008	1.013	1.040	1.027	1.004	1.008	1.007	1.013	1.016	1.018	1.019	1.035	
1.007	1.017	1.005	1.040	1.019	1.015	1.018	1.004	1.054	1.015	1.021	1.022	1.003	1.057	1.013	1.029	1.023	1.003	1.009	1.013	1.041	1.027	1.004	1.009	1.008	1.013	1.017	1.017	1.021	1.037	
1.007	1.016	1.005	1.040	1.018	1.015	1.018	1.004	1.053	1.015	1.021	1.021	1.003	1.057	1.013	1.030	1.023	1.003	1.009	1.013	1.041	1.027	1.004	1.008	1.008	1.014	1.018	1.017	1.024	1.037	
1.007	1.015	1.005	1.040	1.018	1.015	1.018	1.004	1.053	1.016	1.021	1.021	1.004	1.057	1.012	1.030	1.024	1.004	1.009	1.013	1.041	1.027	1.003	1.007	1.008	1.015	1.019	1.017	1.026	1.036	
1.008	1.015	1.005	1.040	1.017	1.015	1.018	1.004	1.053	1.016	1.021	1.020	1.004	1.058	1.012	1.030	1.024	1.004	1.009	1.013	1.041	1.027	1.003	1.006	1.009	1.016	1.020	1.017	1.029	1.036	
1.008	1.014	1.005	1.040	1.017	1.015	1.018	1.004	1.052	1.016	1.021	1.019	1.004	1.058	1.012	1.031	1.024	1.005	1.009	1.012	1.042	1.028	1.002	1.005	1.009	1.017	1.021	1.016	1.031	1.036	
1.008	1.014	1.005	1.040	1.017	1.015	1.018	1.004	1.053	1.016	1.021	1.019	1.004	1.058	1.012	1.031	1.024	1.004	1.008	1.012	1.042	1.027	1.003	1.005	1.009	1.018	1.020	1.018	1.033	1.033	
1.008	1.015	1.005	1.040	1.017	1.016	1.017	1.005	1.054	1.016	1.020	1.020	1.004	1.057	1.012	1.031	1.024	1.004	1.007	1.012	1.042	1.027	1.003	1.004	1.009	1.018	1.020	1.019	1.034	1.031	
1.009	1.015	1.005	1.040	1.016	1.016	1.017	1.005	1.055	1.016	1.020	1.021	1.005	1.057	1.012	1.031	1.024	1.003	1.007	1.012	1.042	1.026	1.003	1.004	1.008	1.019	1.019	1.020	1.036	1.029	
1.009	1.016	1.005	1.040	1.016	1.017	1.017	1.005	1.055	1.016	1.020	1.021	1.005	1.057	1.012	1.031	1.024	1.003	1.006	1.012	1.043	1.026	1.003	1.003	1.008	1.020	1.018	1.021	1.037	1.026	
1.009	1.016	1.005	1.041	1.016	1.016	1.017	1.005	1.055	1.015	1.020	1.020	1.005	1.056	1.011	1.031	1.024	1.003	1.006	1.013	1.042	1.026	1.003	1.004	1.009	1.020	1.019	1.024	1.037	1.025	
1.008	1.016	1.005	1.042	1.016	1.016	1.017	1.005	1.054	1.015	1.021	1.020	1.005	1.055	1.011	1.032	1.024	1.003	1.007	1.013	1.042	1.027	1.003	1.004	1.009	1.020	1.019	1.026	1.037	1.023	
1.008	1.016	1.005	1.042	1.016	1.015	1.017	1.006	1.054	1.014	1.021	1.019	1.005	1.055	1.011	1.032	1.025	1.003	1.007	1.013	1.042	1.027	1.003	1.005	1.009	1.020	1.020	1.029	1.036	1.022	
1.008	1.016	1.005	1.043	1.016	1.014	1.017	1.006	1.053	1.014	1.022	1.019	1.006	1.054	1.011	1.033	1.025	1.003	1.007	1.014	1.041	1.028	1.002	1.005	1.009	1.020	1.021	1.032	1.036	1.021	
1.009	1.016	1.005	1.043	1.016	1.015	1.017	1.005	1.053	1.014	1.021	1.019	1.005	1.054	1.011	1.033	1.025	1.003	1.008	1.013	1.041	1.027	1.003	1.005	1.009	1.020	1.022	1.033	1.034	1.021	
1.009	1.016	1.004	1.042	1.017	1.015	1.016	1.005	1.053	1.014	1.021	1.019	1.004	1.054	1.012	1.033	1.024	1.003	1.009	1.013	1.041	1.027	1.004	1.004	1.009	1.019	1.023	1.034	1.031	1.022	
1.010	1.016	1.004	1.042	1.017	1.015	1.016	1.004	1.053	1.013	1.021	1.020	1.003	1.054	1.012	1.034	1.024	1.003	1.010	1.013	1.041	1.027	1.004	1.004	1.009	1.019	1.024	1.035	1.029	1.022	
1.011	1.016	1.004	1.042	1.017	1.016	1.016	1.003	1.053	1.013	1.021	1.020	1.003	1.055	1.012	1.034	1.024	1.002	1.011	1.012	1.042	1.027	1.005	1.004	1.008	1.019	1.025	1.036	1.026	1.023	
1.011	1.016	1.004	1.041	1.017	1.017	1.016	1.004	1.053	1.013	1.021	1.020	1.003	1.055	1.012	1.035	1.023	1.003	1.010	1.012	1.042	1.027	1.005	1.004	1.008	1.020	1.027	1.035	1.025	1.024	
1.011	1.016	1.004	1.040	1.016	1.017	1.016	1.004	1.053	1.013	1.021	1.020	1.003	1.056	1.012	1.035	1.023	1.003	1.010	1.012	1.042	1.027	1.004	1.004	1.008	1.021	1.030	1.033	1.025	1.024	
1.011	1.016	1.004	1.040	1.016	1.018	1.017	1.005	1.053	1.013	1.021	1.019	1.003	1.056	1.013	1.035	1.022	1.003	1.009	1.012	1.043	1.027	1.004	1.003	1.007	1.022	1.033	1.032	1.024	1.025	
1.010	1.016	1.004	1.039	1.016	1.019	1.017	1.006	1.053	1.013	1.021	1.019	1.004	1.057	1.013	1.036	1.021	1.003	1.009	1.012	1.043	1.027	1.003	1.003	1.007	1.023	1.035	1.031	1.023	1.026	
1.011	1.016	1.004	1.039	1.016	1.019	1.017	1.006	1.054	1.013	1.022	1.020	1.004	1.057	1.013	1.036	1.021	1.003	1.009	1.012	1.043	1.027	1.003	1.004	1.007	1.026	1.035	1.029	1.024	1.026	
1.012	1.017	1.004	1.040	1.017	1.019	1.017	1.006	1.054	1.013	1.022	1.020	1.004	1.057	1.013	1.036	1.022	1.003	1.009	1.012	1.043	1.027	1.003	1.005	1.007	1.028	1.036	1.028	1.024	1.025	
1.013	1.017	1.004	1.040	1.017	1.019	1.017	1.005	1.055	1.013	1.022	1.020	1.004	1.057	1.013	1.037	1.022	1.003	1.008	1.013	1.043	1.027	1.004	1.006	1.007	1.030	1.036	1.027	1.025	1.025	
1.014	1.018	1.003	1.040	1.018	1.019	1.017	1.005	1.055	1.013	1.023	1.020	1.004	1.057	1.013	1.037	1.022	1.003	1.008	1.013	1.043	1.026	1.004	1.007	1.007	1.032	1.036	1.026	1.026	1.025	
1.014	1.018	1.004	1.041	1.017	1.019	1.017	1.005	1.056	1.013	1.023	1.020	1.004	1.057	1.014	1.037	1.022	1.003	1.008	1.013	1.043	1.026	1.004	1.007	1.007	1.033	1.035	1.025	1.026	1.025	
1.013	1.017	1.004	1.041	1.017	1.019	1.018	1.004	1.056	1.012	1.023	1.019	1.004	1.056	1.014	1.037	1.022	1.003	1.008	1.012	1.044	1.026	1.005	1.006	1.007	1.035	1.033	1.025	1.026	1.026	
1.013	1.017	1.005	1.041	1.016	1.019	1.018	1.003	1.056	1.012	1.024	1.019	1.005	1.055	1.014	1.038	1.022	1.003	1.009	1.012	1.045	1.026	1.006	1.006	1.007	1.036	1.032	1.024	1.027	1.026	
1.013	1.017	1.005	1.042	1.016	1.020	1.018	1.003	1.056	1.012	1.024	1.019	1.005	1.054	1.014	1.038	1.022	1.003	1.009	1.012	1.045	1.026	1.006	1.005	1.007	1.037	1.031	1.023	1.027	1.027	
1.014	1.017	1.005	1.042	1.016	1.019	1.018	1.003	1.056	1.012	1.024	1.019	1.004	1.056	1.014	1.038	1.022	1.004	1.008	1.012	1.046	1.026	1.006	1.005	1.007	1.037	1.029	1.024	1.027	1.028	
1.015	1.016	1.004	1.041	1.016	1.019	1.017	1.004	1.055	1.012	1.024	1.019	1.004	1.057	1.014	1.039	1.022	1.004	1.008	1.012	1.046	1.026	1.006	1.004	1.007	1.036	1.027	1.025	1.027	1.030	
1.016	1.016	1.004	1.041	1.016	1.019	1.016	1.004	1.055	1.013	1.024	1.019	1.003	1.058	1.014	1.039	1.022	1.004	1.008	1.012	1.046	1.027	1.006	1.003	1.008	1.036	1.025	1.025	1.027	1.031	
1.017	1.015	1.004	1.041	1.016	1.019	1.016	1.004	1.054	1.013	1.023	1.020	1.002	1.059	1.013	1.039	1.022	1.004	1.007	1.012	1.046	1.027	1.006	1.002	1.008	1.036	1.023	1.026	1.028	1.033	
1.016	1.015	1.004	1.041	1.016	1.018	1.016	1.004	1.055	1.013	1.024	1.019	1.003	1.059	1.013	1.039	1.022	1.003	1.008	1.012	1.046	1.026	1.005	1.003	1.007	1.033	1.023	1.026	1.027	1.035	
1.016	1.015	1.004	1.041	1.016	1.018	1.017	1.004	1.055	1.013	1.025	1.019	1.003	1.059	1.013	1.039	1.022	1.003	1.008	1.012	1.047	1.025	1.004	1.004	1.007	1.031	1.023	1.027	1.027	1.037	
1.015	1.015	1.004	1.042	1.016	1.018	1.017	1.004	1.055	1.013	1.026	1.019	1.004	1.059	1.012	1.039	1.023	1.003	1.008	1.012	1.047	1.024	1.004	1.005	1.006	1.029	1.023	1.027	1.027	1.040	
1.015	1.015	1.004	1.042	1.016	1.017	1.018	1.004	1.055	1.013	1.026	1.019	1.004	1.059	1.012	1.038	1.023	1.003	1.009	1.012	1.047	1.024	1.003	1.006	1.006	1.027	1.024	1.028	1.027	1.042	
1.015	1.015	1.004	1.042	1.016	1.017	1.018	1.004	1.055	1.013	1.026	1.019	1.004	1.058	1.012	1.039	1.022	1.003	1.009	1.012	1.047	1.024	1.003	1.006	1.007	1.026	1.024	1.027	1.029	1.045	
1.016	1.015	1.004	1.042	1.015	1.018	1.018	1.003	1.055	1.013	1.025	1.019	1.005	1.058	1.012	1.039	1.022	1.003	1.008	1.011	1.047	1.024	1.002	1.006	1.008	1.025	1.025	1.027	1.030	1.048	
1.016	1.015	1.004	1.042	1.015	1.018	1.018	1.003	1.055	1.014	1.025	1.020	1.005	1.057	1.013	1.039	1.022	1.003	1.008	1.011	1.047	1.024	1.002	1.006	1.009	1.025	1.025	1.026	1.032	1.051	
1.017	1.015	1.004	1.042	1.015	1.018	1.018	1.003	1.055	1.014	1.024	1.020	1.005	1.057	1.013	1.040	1.021	1.003	1.008	1.011	1.047	1.024	1.001	1.005	1.009	1.024	1.026	1.026	1.033	1.053	
1.017	1.014	1.004	1.041	1.015	1.018	1.017	1.003	1.055	1.014	1.026	1.019	1.005	1.057	1.012	1.040	1.021	1.002	1.008	1.011	1.047	1.025	1.002	1.006	1.009	1.025	1.026	1.027	1.035	1.053	
1.017	1.014	1.003	1.041	1.015	1.017	1.016	1.003	1.055	1.013	1.027	1.019	1.004	1.057	1.012	1.040	1.022	1.002	1.008	1.011	1.047	1.025	1.002	1.006	1.008	1.025	1.027	1.027	1.038	1.052	
1.017	1.014	1.003	1.041	1.016	1.016	1.016	1.002	1.054	1.013	1.028	1.019	1.004	1.057	1.011	1.040	1.022	1.002	1.008	1.011	1.048	1.025	1.002	1.006	1.008	1.026	1.028	1.028	1.041	1.051	
1.018	1.014	1.003	1.041	1.016	1.016	1.015	1.002	1.054	1.013	1.029	1.018	1.003	1.057	1.010	1.039	1.022	1.001	1.008	1.011	1.048	1.026	1.003	1.007	1.007	1.026	1.028	1.029	1.043	1.051	
1.017	1.014	1.003	1.041	1.016	1.016	1.015	1.002	1.055	1.013	1.029	1.019	1.004	1.057	1.011	1.040	1.022	1.001	1.008	1.011	1.048	1.025	1.003	1.006	1.008	1.027	1.028	1.031	1.045	1.049	
1.016	1.014	1.003	1.041	1.016	1.016	1.015	1.002	1.055	1.013	1.029	1.019	1.004	1.057	1.012	1.040	1.022	1.002	1.008	1.011	1.048	1.025	1.003	1.006	1.008	1.028	1.029	1.033	1.047	1.048	
1.015	1.014	1.003	1.042	1.016	1.016	1.015	1.002	1.055	1.013	1.029	1.019	1.004	1.057	1.013	1.040	1.022	1.002	1.008	1.012	1.049	1.025	1.003	1.005	1.008	1.028	1.029	1.034	1.050	1.046	
1.014	1.013	1.004	1.042	1.016	1.016	1.014	1.002	1.055	1.013	1.029	1.020	1.004	1.057	1.013	1.040	1.022	1.002	1.008	1.012	1.049	1.024	1.003	1.004	1.008	1.029	1.029	1.036	1.052	1.045	
1.015	1.014	1.003	1.041	1.016	1.017	1.014	1.002	1.055	1.012	1.029	1.019	1.004	1.057	1.013	1.040	1.022	1.002	1.009	1.012	1.049	1.025	1.003	1.005	1.008	1.029	1.029	1.039	1.051	1.044	
1.015	1.015	1.003	1.041	1.016	1.018	1.014	1.002	1.056	1.012	1.030	1.019	1.004	1.058	1.013	1.039	1.021	1.002	1.009	1.012	1.049	1.025	1.003	1.005	1.009	1.029	1.029	1.042	1.050	1.043	
1.015	1.016	1.003	1.040	1.016	1.018	1.014	1.003	1.056	1.012	1.031	1.019	1.003	1.058	1.013	1.039	1.021	1.002	1.009	1.012	1.049	1.025	1.003	1.005	1.009	1.029	1.029	1.045	1.049	1.042	
1.015	1.017	1.003	1.040	1.016	1.019	1.014	1.003	1.056	1.012	1.032	1.019	1.003	1.058	1.013	1.038	1.021	1.002	1.009	1.012	1.050	1.025	1.003	1.005	1.009	1.029	1.029	1.047	1.047	1.041	
1.015	1.016	1.003	1.040	1.015	1.019	1.015	1.003	1.057	1.012	1.032	1.019	1.003	1.058	1.012	1.039	1.021	1.002	1.009	1.012	1.050	1.024	1.003	1.005	1.009	1.029	1.032	1.049	1.046	1.042	
1.015	1.015	1.003	1.041	1.015	1.019	1.015	1.002	1.057	1.013	1.033	1.018	1.003	1.057	1.012	1.040	1.021	1.002	1.008	1.012	1.051	1.024	1.002	1.004	1.008	1.030	1.034	1.051	1.045	1.042	
1.014	1.015	1.003	1.041	1.015	1.019	1.016	1.002	1.057	1.013	1.033	1.018	1.003	1.057	1.011	1.041	1.021	1.002	1.008	1.012	1.051	1.024	1.001	1.004	1.008	1.030	1.037	1.053	1.044	1.042	
1.014	1.014	1.003	1.042	1.014	1.019	1.017	1.002	1.057	1.013	1.033	1.018	1.003	1.057	1.011	1.041	1.021	1.002	1.008	1.012	1.052	1.023	1.001	1.003	1.008	1.030	1.039	1.055	1.043	1.043	
1.015	1.014	1.003	1.042	1.015	1.019	1.016	1.002	1.056	1.013	1.033	1.018	1.003	1.057	1.011	1.041	1.021	1.002	1.008	1.012	1.052	1.023	1.001	1.004	1.008	1.032	1.042	1.054	1.042	1.043	
1.015	1.014	1.004	1.042	1.015	1.020	1.015	1.002	1.055	1.013	1.033	1.018	1.004	1.057	1.011	1.042	1.022	1.002	1.009	1.012	1.052	1.024	1.002	1.005	1.008	1.034	1.044	1.052	1.041	1.044	
1.016	1.014	1.004	1.042	1.016	1.021	1.015	1.002	1.055	1.013	1.032	1.018	1.004	1.058	1.011	1.042	1.022	1.002	1.010	1.011	1.052	1.024	1.002	1.006	1.008	1.036	1.047	1.051	1.040	1.045	
1.017	1.014	1.004	1.042	1.016	1.021	1.014	1.003	1.054	1.013	1.032	1.018	1.005	1.058	1.012	1.042	1.022	1.003	1.011	1.011	1.052	1.024	1.003	1.007	1.008	1.037	1.050	1.050	1.040	1.045	
1.017	1.013	1.004	1.042	1.016	1.021	1.014	1.003	1.055	1.013	1.032	1.018	1.005	1.058	1.012	1.042	1.022	1.002	1.010	1.011	1.053	1.024	1.003	1.006	1.008	1.040	1.051	1.049	1.040	1.045	
1.017	1.013	1.003	1.042	1.015	1.021	1.014	1.003	1.056	1.014	1.032	1.017	1.004	1.058	1.012	1.043	1.022	1.002	1.009	1.012	1.053	1.024	1.003	1.006	1.008	1.043	1.053	1.047	1.041	1.046	
1.017	1.013	1.003	1.042	1.015	1.021	1.015	1.003	1.057	1.014	1.031	1.017	1.004	1.058	1.012	1.043	1.022	1.002	1.009	1.012	1.053	1.023	1.003	1.005	1.009	1.045	1.054	1.046	1.042	1.046	
1.017	1.012	1.002	1.042	1.015	1.021	1.015	1.003	1.058	1.014	1.031	1.017	1.004	1.058	1.012	1.044	1.022	1.002	1.008	1.012	1.053	1.023	1.004	1.004	1.009	1.048	1.056	1.045	1.043	1.046	
1.016	1.013	1.003	1.042	1.015	1.021	1.015	1.002	1.058	1.014	1.032	1.017	1.004	1.058	1.012	1.044	1.022	1.002	1.009	1.012	1.054	1.023	1.003	1.005	1.008	1.051	1.055	1.044	1.044	1.045	
1.016	1.014	1.003	1.043	1.015	1.021	1.014	1.002	1.058	1.013	1.033	1.017	1.004	1.058	1.012	1.044	1.021	1.003	1.009	1.012	1.054	1.024	1.003	1.006	1.008	1.054	1.055	1.043	1.044	1.045	
1.015	1.015	1.003	1.044	1.015	1.022	1.014	1.002	1.059	1.013	1.034	1.017	1.004	1.058	1.012	1.044	1.021	1.003	1.010	1.012	1.055	1.024	1.002	1.007	1.007	1.057	1.054	1.043	1.045	1.044	
1.015	1.016	1.003	1.044	1.015	1.022	1.014	1.002	1.059	1.013	1.035	1.017	1.004	1.058	1.012	1.044	1.021	1.003	1.011	1.012	1.055	1.025	1.002	1.008	1.006	1.059	1.054	1.042	1.046	1.044	
1.015	1.016	1.003	1.044	1.015	1.022	1.014	1.003	1.058	1.013	1.035	1.017	1.004	1.058	1.012	1.045	1.021	1.002	1.010	1.012	1.055	1.024	1.002	1.008	1.006	1.059	1.052	1.043	1.046	1.045	
1.015	1.016	1.003	1.043	1.015	1.022	1.014	1.003	1.057	1.013	1.034	1.018	1.004	1.058	1.012	1.046	1.021	1.002	1.010	1.012	1.055	1.023	1.002	1.008	1.006	1.058	1.050	1.044	1.046	1.046	
1.015	1.016	1.002	1.043	1.016	1.022	1.015	1.004	1.057	1.013	1.034	1.018	1.004	1.058	1.012	1.046	1.020	1.001	1.010	1.012	1.056	1.023	1.001	1.007	1.006	1.058	1.048	1.045	1.046	1.047	
1.016	1.016	1.002	1.042	1.016	1.022	1.015	1.005	1.056	1.013	1.034	1.018	1.005	1.057	1.012	1.047	1.020	1.001	1.009	1.012	1.056	1.022	1.001	1.007	1.006	1.057	1.046	1.046	1.047	1.048	
1.016	1.015	1.002	1.042	1.016	1.023	1.015	1.005	1.056	1.013	1.034	1.018	1.004	1.058	1.012	1.047	1.020	1.001	1.009	1.012	1.056	1.022	1.002	1.007	1.007	1.055	1.046	1.046	1.047	1.050	
1.016	1.015	1.002	1.042	1.016	1.023	1.014	1.004	1.056	1.012	1.034	1.018	1.004	1.058	1.013	1.046	1.020	1.002	1.010	1.012	1.057	1.022	1.002	1.007	1.007	1.054	1.046	1.046	1.048	1.053	
1.016	1.014	1.003	1.043	1.016	1.023	1.014	1.004	1.056	1.012	1.034	1.018	1.004	1.058	1.013	1.046	1.020	1.002	1.010	1.012	1.057	1.022	1.003	1.007	1.007	1.052	1.046	1.045	1.048	1.056	
1.016	1.014	1.003	1.043	1.016	1.024	1.014	1.004	1.057	1.012	1.034	1.017	1.004	1.058	1.013	1.045	1.020	1.002	1.010	1.012	1.058	1.022	1.003	1.007	1.007	1.050	1.046	1.045	1.049	1.059	
1.016	1.014	1.003	1.043	1.016	1.024	1.014	1.004	1.057	1.012	1.034	1.017	1.004	1.058	1.013	1.046	1.021	1.002	1.010	1.012	1.058	1.023	1.003	1.007	1.007	1.050	1.047	1.046	1.051	1.061	
1.016	1.014	1.003	1.043	1.016	1.024	1.013	1.004	1.058	1.013	1.034	1.017	1.004	1.058	1.012	1.046	1.021	1.001	1.009	1.012	1.059	1.023	1.003	1.007	1.008	1.049	1.048	1.047	1.053	1.064	
1.017	1.013	1.003	1.043	1.016	1.025	1.013	1.004	1.059	1.013	1.034	1.016	1.004	1.058	1.012	1.047	1.021	1.001	1.009	1.012	1.059	1.024	1.004	1.006	1.008	1.048	1.049	1.047	1.054	1.066	
1.017	1.013	1.003	1.043	1.016	1.025	1.013	1.004	1.059	1.014	1.035	1.016	1.004	1.058	1.012	1.047	1.021	1.001	1.009	1.012	1.059	1.024	1.004	1.006	1.008	1.048	1.051	1.048	1.056	1.068	
1.017	1.013	1.003	1.043	1.015	1.025	1.013	1.004	1.059	1.014	1.035	1.016	1.004	1.058	1.012	1.047	1.021	1.001	1.009	1.012	1.059	1.024	1.003	1.006	1.008	1.049	1.051	1.048	1.059	1.069	
1.017	1.013	1.004	1.043	1.015	1.026	1.014	1.003	1.059	1.014	1.035	1.016	1.004	1.058	1.013	1.048	1.021	1.001	1.009	1.012	1.060	1.023	1.002	1.006	1.008	1.050	1.051	1.047	1.062	1.070	
1.017	1.013	1.004	1.043	1.015	1.026	1.014	1.003	1.058	1.014	1.036	1.017	1.003	1.058	1.013	1.048	1.021	1.001	1.009	1.012	1.060	1.023	1.001	1.006	1.007	1.051	1.051	1.047	1.064	1.070	
1.017	1.013	1.004	1.043	1.015	1.027	1.014	1.003	1.058	1.015	1.036	1.017	1.003	1.058	1.014	1.048	1.021	1.001	1.009	1.012	1.061	1.022	1.000	1.006	1.007	1.052	1.051	1.047	1.067	1.071	
1.018	1.013	1.004	1.043	1.015	1.027	1.014	1.003	1.058	1.015	1.036	1.017	1.003	1.058	1.013	1.049	1.021	1.002	1.010	1.012	1.061	1.022	1.001	1.007	1.007	1.052	1.051	1.049	1.069	1.070	
1.020	1.014	1.004	1.043	1.015	1.027	1.014	1.003	1.058	1.015	1.035	1.017	1.003	1.058	1.012	1.049	1.021	1.002	1.011	1.012	1.061	1.022	1.002	1.007	1.007	1.053	1.051	1.052	1.071	1.069	
1.021	1.014	1.004	1.043	1.014	1.027	1.014	1.003	1.058	1.015	1.035	1.017	1.002	1.057	1.012	1.049	1.020	1.002	1.012	1.012	1.061	1.022	1.002	1.008	1.006	1.054	1.051	1.054	1.074	1.068	
1.022	1.014	1.004	1.043	1.014	1.027	1.013	1.003	1.058	1.015	1.034	1.017	1.002	1.057	1.011	1.050	1.020	1.002	1.013	1.012	1.061	1.022	1.003	1.008	1.006	1.055	1.051	1.057	1.076	1.067	
1.022	1.014	1.004	1.043	1.015	1.027	1.014	1.003	1.058	1.014	1.035	1.017	1.002	1.057	1.011	1.050	1.020	1.002	1.012	1.011	1.061	1.022	1.003	1.008	1.006	1.054	1.051	1.060	1.075	1.067	
1.022	1.014	1.003	1.043	1.015	1.027	1.014	1.003	1.058	1.013	1.035	1.017	1.002	1.057	1.012	1.050	1.020	1.002	1.011	1.011	1.061	1.023	1.004	1.008	1.007	1.053	1.051	1.064	1.075	1.067	
1.021	1.013	1.003	1.043	1.016	1.027	1.014	1.003	1.058	1.013	1.035	1.018	1.003	1.056	1.012	1.050	1.020	1.001	1.011	1.010	1.062	1.023	1.004	1.008	1.007	1.052	1.051	1.068	1.075	1.067	
1.021	1.013	1.002	1.043	1.017	1.028	1.014	1.004	1.059	1.012	1.035	1.018	1.003	1.056	1.012	1.050	1.020	1.001	1.010	1.010	1.062	1.023	1.004	1.008	1.007	1.052	1.051	1.072	1.074	1.067	
1.022	1.013	1.002	1.043	1.017	1.028	1.014	1.003	1.059	1.012	1.036	1.017	1.003	1.057	1.012	1.050	1.020	1.001	1.010	1.010	1.062	1.023	1.003	1.008	1.007	1.052	1.054	1.074	1.073	1.069	
1.022	1.013	1.002	1.044	1.017	1.028	1.014	1.003	1.059	1.013	1.037	1.016	1.003	1.057	1.012	1.051	1.020	1.001	1.010	1.011	1.063	1.023	1.003	1.008	1.007	1.053	1.056	1.076	1.072	1.070	
1.022	1.013	1.002	1.044	1.017	1.028	1.014	1.002	1.059	1.013	1.038	1.016	1.003	1.057	1.012	1.051	1.020	1.001	1.009	1.011	1.063	1.022	1.002	1.008	1.007	1.053	1.059	1.077	1.071	1.072	
1.023	1.013	1.002	1.045	1.017	1.028	1.014	1.001	1.059	1.013	1.039	1.015	1.003	1.058	1.012	1.052	1.020	1.001	1.009	1.012	1.063	1.022	1.002	1.008	1.007	1.053	1.062	1.079	1.070	1.073	
1.023	1.013	1.002	1.044	1.016	1.028	1.014	1.002	1.059	1.013	1.039	1.015	1.003	1.058	1.013	1.052	1.020	1.000	1.010	1.012	1.064	1.022	1.002	1.008	1.007	1.055	1.065	1.080	1.069	1.075	
1.023	1.013	1.002	1.044	1.015	1.028	1.015	1.002	1.058	1.013	1.039	1.016	1.003	1.058	1.013	1.053	1.020	1.000	1.010	1.011	1.064	1.022	1.003	1.008	1.008	1.057	1.069	1.080	1.068	1.077	
1.023	1.012	1.003	1.043	1.015	1.027	1.015	1.002	1.058	1.013	1.039	1.016	1.003	1.058	1.014	1.053	1.020	1.000	1.011	1.011	1.064	1.022	1.003	1.008	1.008	1.058	1.072	1.081	1.067	1.079	
1.023	1.012	1.003	1.043	1.014	1.027	1.015	1.002	1.057	1.013	1.039	1.017	1.003	1.058	1.014	1.054	1.020	1.000	1.012	1.011	1.064	1.022	1.004	1.008	1.008	1.060	1.075	1.081	1.066	1.081	
1.024	1.012	1.002	1.043	1.014	1.027	1.015	1.002	1.058	1.013	1.039	1.016	1.003	1.058	1.014	1.053	1.020	1.000	1.011	1.011	1.065	1.022	1.004	1.007	1.009	1.063	1.077	1.080	1.067	1.081	
1.025	1.013	1.002	1.043	1.014	1.028	1.015	1.002	1.058	1.013	1.039	1.016	1.003	1.058	1.014	1.053	1.020	1.000	1.011	1.011	1.066	1.022	1.004	1.007	1.009	1.066	1.080	1.079	1.068	1.081	
1.026	1.013	1.002	1.043	1.014	1.028	1.015	1.002	1.059	1.014	1.040	1.016	1.003	1.058	1.014	1.052	1.020	1.001	1.011	1.011	1.066	1.022	1.003	1.006	1.010	1.069	1.082	1.077	1.069	1.081	
1.027	1.013	1.002	1.043	1.015	1.028	1.015	1.002	1.059	1.014	1.040	1.016	1.003	1.058	1.014	1.052	1.020	1.001	1.011	1.011	1.067	1.021	1.003	1.006	1.011	1.072	1.084	1.076	1.070	1.082	
1.026	1.013	1.001	1.043	1.015	1.028	1.015	1.001	1.059	1.013	1.040	1.015	1.003	1.058	1.014	1.052	1.020	1.001	1.011	1.011	1.067	1.022	1.003	1.007	1.009	1.074	1.083	1.076	1.071	1.081	
1.025	1.012	1.001	1.043	1.015	1.028	1.014	1.001	1.059	1.013	1.039	1.015	1.003	1.058	1.014	1.053	1.020	1.001	1.011	1.011	1.067	1.022	1.002	1.008	1.008	1.076	1.083	1.075	1.073	1.081	
1.025	1.012	1.001	1.043	1.015	1.028	1.014	1.001	1.059	1.012	1.039	1.015	1.003	1.058	1.014	1.053	1.020	1.002	1.011	1.011	1.067	1.022	1.001	1.008	1.007	1.079	1.083	1.075	1.074	1.080	
1.024	1.012	1.001	1.043	1.015	1.028	1.014	1.001	1.059	1.011	1.038	1.014	1.003	1.058	1.014	1.054	1.019	1.002	1.012	1.011	1.068	1.022	1.000	1.009	1.006	1.081	1.082	1.075	1.075	1.080	
1.025	1.012	1.001	1.043	1.015	1.028	1.014	1.001	1.059	1.012	1.039	1.015	1.003	1.058	1.014	1.054	1.020	1.002	1.011	1.011	1.068	1.022	1.001	1.008	1.006	1.082	1.081	1.075	1.075	1.082	
1.026	1.012	1.001	1.044	1.015	1.028	1.014	1.001	1.059	1.012	1.040	1.015	1.002	1.058	1.014	1.054	1.020	1.001	1.010	1.011	1.068	1.022	1.002	1.008	1.006	1.083	1.080	1.075	1.075	1.084	
1.026	1.013	1.001	1.044	1.015	1.028	1.014	1.001	1.059	1.012	1.041	1.015	1.002	1.059	1.013	1.054	1.020	1.001	1.010	1.011	1.069	1.022	1.002	1.007	1.006	1.084	1.080	1.076	1.075	1.086	
1.027	1.013	1.001	1.044	1.015	1.028	1.014	1.001	1.059	1.013	1.042	1.015	1.001	1.059	1.013	1.054	1.020	1.001	1.009	1.011	1.069	1.022	1.003	1.006	1.006	1.085	1.079	1.076	1.075	1.088	
1.027	1.013	1.002	1.044	1.015	1.028	1.014	1.001	1.059	1.013	1.042	1.015	1.001	1.059	1.012	1.055	1.020	1.001	1.009	1.011	1.069	1.022	1.002	1.007	1.006	1.083	1.079	1.077	1.076	1.089	
1.026	1.014	1.002	1.044	1.015	1.028	1.014	1.001	1.059	1.013	1.042	1.016	1.001	1.060	1.012	1.056	1.020	1.001	1.010	1.011	1.069	1.022	1.002	1.007	1.007	1.082	1.079	1.078	1.076	1.091	
1.026	1.014	1.002	1.043	1.014	1.028	1.013	1.001	1.058	1.013	1.042	1.016	1.001	1.060	1.012	1.057	1.020	1.001	1.010	1.011	1.069	1.022	1.001	1.008	1.008	1.081	1.079	1.079	1.077	1.092	
1.025	1.014	1.002	1.043	1.014	1.028	1.013	1.001	1.058	1.013	1.043	1.016	1.001	1.061	1.011	1.058	1.020	1.001	1.010	1.012	1.069	1.021	1.001	1.009	1.009	1.080	1.080	1.079	1.077	1.094	
1.025	1.014	1.002	1.044	1.014	1.028	1.013	1.001	1.058	1.013	1.043	1.016	1.001	1.060	1.011	1.058	1.019	1.001	1.010	1.011	1.069	1.022	1.001	1.008	1.009	1.080	1.081	1.079	1.080	1.095	
1.025	1.014	1.002	1.044	1.014	1.029	1.013	1.001	1.058	1.013	1.043	1.016	1.001	1.060	1.011	1.058	1.019	1.001	1.011	1.011	1.069	1.022	1.001	1.007	1.009	1.080	1.082	1.079	1.082	1.097	
1.025	1.014	1.002	1.044	1.014	1.029	1.013	1.001	1.057	1.013	1.043	1.016	1.002	1.059	1.011	1.059	1.018	1.001	1.011	1.011	1.069	1.023	1.001	1.006	1.009	1.080	1.083	1.079	1.085	1.098	
1.025	1.014	1.002	1.045	1.014	1.029	1.013	1.001	1.057	1.013	1.044	1.017	1.002	1.059	1.011	1.059	1.018	1.002	1.011	1.011	1.070	1.023	1.001	1.006	1.009	1.080	1.084	1.078	1.087	1.099	
1.025	1.014	1.002	1.045	1.014	1.030	1.012	1.001	1.058	1.012	1.044	1.016	1.002	1.058	1.012	1.059	1.018	1.001	1.011	1.011	1.070	1.022	1.001	1.006	1.009	1.081	1.084	1.078	1.090	1.098	
1.025	1.013	1.002	1.045	1.014	1.030	1.012	1.001	1.058	1.012	1.043	1.016	1.001	1.058	1.012	1.059	1.018	1.001	1.011	1.011	1.070	1.022	1.000	1.006	1.009	1.082	1.085	1.078	1.093	1.097	
1.025	1.013	1.003	1.045	1.013	1.031	1.012	1.002	1.059	1.012	1.043	1.016	1.001	1.058	1.013	1.060	1.018	1.001	1.010	1.011	1.070	1.021	1.000	1.007	1.009	1.083	1.085	1.078	1.096	1.097	
1.024	1.012	1.003	1.044	1.013	1.032	1.012	1.002	1.060	1.012	1.043	1.015	1.000	1.058	1.013	1.060	1.019	1.001	1.010	1.010	1.071	1.021	1.000	1.007	1.009	1.084	1.085	1.077	1.099	1.096	
1.025	1.012	1.003	1.044	1.013	1.032	1.013	1.002	1.059	1.012	1.043	1.015	1.001	1.058	1.013	1.060	1.019	1.001	1.010	1.011	1.071	1.021	1.001	1.007	1.009	1.085	1.084	1.079	1.101	1.094	
1.025	1.012	1.003	1.044	1.014	1.031	1.013	1.002	1.059	1.012	1.043	1.015	1.001	1.057	1.012	1.060	1.019	1.001	1.011	1.011	1.071	1.021	1.001	1.008	1.009	1.086	1.084	1.081	1.103	1.092	
1.025	1.012	1.003	1.044	1.014	1.031	1.014	1.003	1.059	1.012	1.043	1.015	1.002	1.057	1.012	1.060	1.019	1.001	1.011	1.011	1.072	1.020	1.002	1.008	1.008	1.087	1.083	1.083	1.106	1.090	
1.026	1.012	1.003	1.044	1.014	1.031	1.014	1.003	1.058	1.012	1.043	1.015	1.003	1.057	1.011	1.060	1.019	1.001	1.012	1.011	1.072	1.020	1.002	1.008	1.008	1.088	1.083	1.085	1.108	1.088	
1.026	1.013	1.002	1.044	1.015	1.032	1.014	1.002	1.059	1.012	1.044	1.015	1.002	1.058	1.012	1.061	1.019	1.002	1.012	1.012	1.072	1.021	1.003	1.007	1.009	1.088	1.082	1.088	1.107	1.087	
1.026	1.013	1.002	1.044	1.015	1.032	1.013	1.002	1.059	1.012	1.045	1.015	1.002	1.059	1.012	1.061	1.019	1.002	1.012	1.012	1.072	1.021	1.003	1.007	1.009	1.088	1.082	1.091	1.106	1.086	
1.026	1.014	1.002	1.044	1.015	1.032	1.013	1.001	1.060	1.012	1.046	1.015	1.001	1.060	1.013	1.062	1.019	1.003	1.012	1.013	1.071	1.021	1.004	1.006	1.010	1.088	1.081	1.094	1.106	1.085	
1.026	1.015	1.001	1.044	1.015	1.032	1.012	1.001	1.061	1.012	1.048	1.015	1.001	1.061	1.013	1.063	1.018	1.003	1.012	1.013	1.071	1.021	1.005	1.005	1.010	1.088	1.080	1.097	1.105	1.084	
1.026	1.014	1.002	1.044	1.015	1.033	1.012	1.001	1.060	1.012	1.048	1.015	1.002	1.060	1.013	1.063	1.019	1.003	1.012	1.013	1.072	1.021	1.004	1.006	1.010	1.088	1.082	1.099	1.103	1.086	
1.026	1.014	1.002	1.044	1.014	1.034	1.012	1.001	1.060	1.012	1.049	1.015	1.003	1.059	1.013	1.064	1.019	1.002	1.012	1.012	1.072	1.021	1.003	1.006	1.010	1.087	1.085	1.101	1.100	1.087	
1.025	1.013	1.002	1.044	1.014	1.035	1.012	1.001	1.060	1.012	1.049	1.015	1.004	1.059	1.012	1.064	1.020	1.002	1.011	1.011	1.073	1.021	1.003	1.007	1.010	1.086	1.087	1.104	1.098	1.088	
1.025	1.013	1.003	1.045	1.014	1.035	1.012	1.002	1.060	1.012	1.050	1.015	1.004	1.058	1.012	1.065	1.020	1.001	1.011	1.010	1.073	1.021	1.002	1.008	1.009	1.086	1.089	1.106	1.096	1.090	
1.026	1.012	1.003	1.044	1.014	1.036	1.012	1.002	1.060	1.012	1.050	1.015	1.004	1.059	1.012	1.065	1.020	1.001	1.011	1.011	1.074	1.021	1.002	1.008	1.009	1.086	1.092	1.105	1.095	1.092	
1.026	1.012	1.002	1.044	1.014	1.036	1.012	1.002	1.060	1.012	1.049	1.015	1.003	1.059	1.011	1.065	1.019	1.001	1.012	1.012	1.074	1.021	1.002	1.009	1.008	1.087	1.094	1.104	1.093	1.093	
1.026	1.012	1.002	1.044	1.014	1.036	1.013	1.001	1.060	1.012	1.049	1.014	1.002	1.060	1.011	1.065	1.019	1.001	1.013	1.013	1.074	1.020	1.003	1.009	1.008	1.088	1.097	1.103	1.092	1.095	
1.027	1.012	1.002	1.044	1.014	1.037	1.013	1.001	1.060	1.012	1.048	1.014	1.002	1.060	1.011	1.065	1.018	1.001	1.013	1.013	1.074	1.020	1.003	1.010	1.008	1.089	1.100	1.102	1.091	1.097	
1.027	1.012	1.002	1.044	1.014	1.037	1.013	1.001	1.060	1.012	1.049	1.014	1.002	1.060	1.011	1.065	1.018	1.001	1.013	1.013	1.074	1.020	1.003	1.009	1.007	1.091	1.101	1.101	1.091	1.099	
1.027	1.012	1.002	1.044	1.014	1.037	1.013	1.001	1.059	1.013	1.049	1.015	1.002	1.060	1.012	1.066	1.018	1.001	1.013	1.013	1.074	1.020	1.004	1.008	1.007	1.094	1.103	1.100	1.092	1.102	
1.027	1.013	1.002	1.044	1.014	1.038	1.013	1.001	1.059	1.013	1.050	1.015	1.002	1.061	1.012	1.066	1.017	1.000	1.012	1.012	1.074	1.020	1.004	1.008	1.007	1.096	1.104	1.099	1.093	1.104	
1.028	1.013	1.002	1.044	1.015	1.038	1.012	1.001	1.059	1.014	1.050	1.016	1.002	1.061	1.013	1.066	1.017	1.000	1.012	1.012	1.074	1.021	1.004	1.007	1.007	1.098	1.106	1.099	1.093	1.106	
1.028	1.013	1.002	1.045	1.015	1.037	1.013	1.001	1.059	1.013	1.050	1.015	1.002	1.061	1.013	1.066	1.017	1.001	1.012	1.012	1.074	1.021	1.004	1.007	1.007	1.100	1.105	1.098	1.095	1.107	
1.028	1.013	1.002	1.045	1.015	1.037	1.013	1.001	1.058	1.013	1.051	1.015	1.002	1.061	1.013	1.066	1.018	1.002	1.012	1.012	1.075	1.020	1.003	1.008	1.007	1.102	1.105	1.098	1.097	1.108	
1.028	1.013	1.002	1.045	1.015	1.036	1.013	1.002	1.058	1.013	1.051	1.014	1.001	1.061	1.013	1.066	1.018	1.003	1.012	1.012	1.075	1.020	1.002	1.008	1.007	1.104	1.104	1.097	1.098	1.110	
1.028	1.012	1.002	1.045	1.015	1.035	1.014	1.002	1.058	1.013	1.051	1.014	1.001	1.061	1.013	1.066	1.018	1.003	1.012	1.012	1.075	1.020	1.001	1.009	1.007	1.106	1.104	1.097	1.100	1.111	
1.028	1.012	1.002	1.045	1.014	1.036	1.013	1.002	1.059	1.013	1.051	1.014	1.001	1.061	1.012	1.067	1.018	1.003	1.012	1.012	1.074	1.020	1.002	1.008	1.007	1.105	1.102	1.098	1.101	1.114	
1.028	1.012	1.002	1.045	1.014	1.036	1.013	1.001	1.059	1.013	1.052	1.014	1.001	1.061	1.012	1.067	1.018	1.002	1.011	1.012	1.074	1.020	1.003	1.008	1.007	1.105	1.101	1.099	1.101	1.117	
1.028	1.012	1.002	1.045	1.014	1.036	1.012	1.001	1.060	1.013	1.053	1.014	1.002	1.061	1.012	1.067	1.017	1.002	1.011	1.012	1.074	1.020	1.003	1.008	1.007	1.105	1.099	1.100	1.102	1.119	
1.029	1.012	1.002	1.045	1.014	1.036	1.012	1.001	1.060	1.013	1.054	1.013	1.002	1.061	1.012	1.068	1.017	1.001	1.010	1.012	1.073	1.020	1.004	1.008	1.007	1.105	1.098	1.102	1.103	1.122	
1.029	1.012	1.001	1.045	1.014	1.037	1.012	1.001	1.060	1.013	1.053	1.014	1.002	1.061	1.012	1.068	1.017	1.001	1.011	1.012	1.074	1.020	1.004	1.008	1.008	1.103	1.098	1.103	1.105	1.126	
1.029	1.012	1.001	1.045	1.014	1.037	1.013	1.001	1.060	1.013	1.053	1.014	1.002	1.061	1.012	1.068	1.018	1.001	1.011	1.011	1.075	1.020	1.004	1.008	1.008	1.102	1.099	1.105	1.106	1.130	
1.030	1.012	1.000	1.044	1.014	1.038	1.013	1.001	1.061	1.013	1.053	1.014	1.002	1.061	1.011	1.068	1.018	1.001	1.012	1.011	1.075	1.019	1.004	1.009	1.009	1.100	1.099	1.107	1.108	1.134	
1.030	1.012	1.000	1.044	1.015	1.039	1.014	1.001	1.061	1.013	1.052	1.014	1.002	1.061	1.011	1.068	1.018	1.001	1.013	1.010	1.076	1.019	1.004	1.009	1.010	1.099	1.100	1.108	1.110	1.138	
1.030	1.012	1.000	1.045	1.015	1.039	1.013	1.001	1.061	1.013	1.053	1.014	1.002	1.061	1.011	1.069	1.018	1.001	1.013	1.010	1.076	1.020	1.004	1.008	1.009	1.099	1.102	1.109	1.113	1.141	
1.030	1.012	1.001	1.045	1.015	1.040	1.013	1.001	1.060	1.014	1.053	1.014	1.002	1.061	1.011	1.069	1.018	1.001	1.013	1.011	1.076	1.020	1.004	1.007	1.008	1.099	1.105	1.110	1.116	1.143	
1.030	1.012	1.001	1.046	1.015	1.040	1.012	1.001	1.060	1.014	1.053	1.014	1.002	1.062	1.011	1.070	1.018	1.001	1.013	1.011	1.076	1.021	1.005	1.006	1.007	1.099	1.107	1.111	1.119	1.146	
1.030	1.011	1.002	1.046	1.015	1.041	1.012	1.001	1.060	1.014	1.054	1.014	1.002	1.062	1.011	1.070	1.018	1.001	1.012	1.011	1.076	1.021	1.005	1.005	1.006	1.099	1.110	1.112	1.123	1.148	
1.030	1.012	1.002	1.046	1.015	1.041	1.012	1.001	1.060	1.014	1.054	1.015	1.002	1.062	1.011	1.070	1.018	1.001	1.013	1.011	1.077	1.020	1.004	1.005	1.007	1.100	1.111	1.113	1.127	1.148	
1.031	1.012	1.001	1.046	1.014	1.042	1.012	1.001	1.061	1.014	1.055	1.015	1.002	1.062	1.011	1.069	1.018	1.001	1.014	1.011	1.077	1.020	1.003	1.005	1.007	1.102	1.112	1.114	1.131	1.147	
1.031	1.012	1.001	1.046	1.014	1.042	1.013	1.001	1.061	1.014	1.055	1.015	1.002	1.062	1.011	1.069	1.018	1.001	1.014	1.011	1.078	1.019	1.002	1.005	1.008	1.103	1.114	1.115	1.135	1.146	
1.031	1.012	1.000	1.046	1.013	1.043	1.013	1.001	1.061	1.014	1.056	1.016	1.001	1.062	1.011	1.069	1.018	1.001	1.015	1.011	1.079	1.018	1.001	1.004	1.008	1.105	1.115	1.116	1.140	1.145	
1.031	1.012	1.001	1.046	1.014	1.042	1.012	1.001	1.061	1.014	1.055	1.015	1.002	1.062	1.012	1.069	1.018	1.001	1.014	1.010	1.079	1.019	1.002	1.005	1.008	1.107	1.116	1.120	1.142	1.141	
1.032	1.012	1.001	1.047	1.014	1.042	1.012	1.001	1.061	1.014	1.055	1.014	1.002	1.062	1.012	1.070	1.018	1.001	1.014	1.010	1.079	1.019	1.002	1.006	1.008	1.109	1.117	1.123	1.145	1.138	
1.032	1.012	1.001	1.047	1.015	1.042	1.012	1.001	1.061	1.014	1.055	1.014	1.002	1.062	1.012	1.070	1.017	1.001	1.013	1.010	1.078	1.020	1.002	1.006	1.008	1.112	1.119	1.126	1.147	1.134	
1.032	1.012	1.001	1.047	1.015	1.042	1.011	1.001	1.062	1.014	1.055	1.013	1.002	1.062	1.012	1.071	1.017	1.002	1.013	1.010	1.078	1.021	1.002	1.007	1.009	1.114	1.120	1.129	1.150	1.130	
1.033	1.011	1.001	1.048	1.015	1.042	1.012	1.001	1.061	1.014	1.055	1.013	1.002	1.062	1.012	1.071	1.017	1.002	1.012	1.010	1.079	1.020	1.002	1.006	1.008	1.116	1.121	1.133	1.149	1.128	
1.033	1.011	1.001	1.048	1.015	1.042	1.013	1.001	1.061	1.014	1.056	1.013	1.001	1.062	1.012	1.072	1.017	1.002	1.012	1.011	1.080	1.020	1.002	1.006	1.008	1.118	1.122	1.137	1.147	1.125	
1.033	1.011	1.002	1.049	1.015	1.042	1.013	1.002	1.061	1.014	1.057	1.013	1.001	1.062	1.012	1.072	1.017	1.002	1.012	1.012	1.081	1.020	1.002	1.006	1.008	1.120	1.124	1.141	1.146	1.123	
1.034	1.011	1.002	1.050	1.015	1.043	1.014	1.002	1.061	1.014	1.057	1.013	1.001	1.062	1.012	1.072	1.017	1.003	1.012	1.013	1.082	1.020	1.002	1.006	1.008	1.122	1.125	1.145	1.145	1.120	
1.034	1.011	1.002	1.049	1.015	1.043	1.014	1.002	1.061	1.015	1.058	1.014	1.001	1.062	1.012	1.072	1.017	1.002	1.012	1.013	1.082	1.020	1.002	1.007	1.008	1.123	1.129	1.148	1.142	1.120	
1.034	1.011	1.002	1.048	1.014	1.043	1.013	1.002	1.062	1.015	1.058	1.014	1.001	1.062	1.012	1.072	1.017	1.002	1.012	1.012	1.082	1.020	1.003	1.008	1.008	1.124	1.133	1.150	1.139	1.120	
1.034	1.012	1.002	1.048	1.014	1.044	1.013	1.002	1.062	1.016	1.059	1.014	1.002	1.061	1.012	1.071	1.018	1.001	1.011	1.012	1.082	1.019	1.003	1.009	1.009	1.125	1.137	1.152	1.135	1.119	
1.035	1.012	1.002	1.047	1.014	1.044	1.013	1.002	1.062	1.016	1.060	1.014	1.002	1.061	1.012	1.071	1.018	1.001	1.011	1.012	1.083	1.019	1.004	1.009	1.009	1.126	1.140	1.154	1.132	1.119	
1.035	1.012	1.002	1.047	1.014	1.044	1.013	1.002	1.063	1.016	1.060	1.013	1.002	1.061	1.013	1.071	1.018	1.001	1.011	1.012	1.083	1.019	1.003	1.009	1.009	1.129	1.144	1.152	1.130	1.120	
1.035	1.012	1.002	1.047	1.015	1.044	1.013	1.001	1.063	1.016	1.060	1.013	1.003	1.062	1.013	1.071	1.018	1.001	1.011	1.012	1.083	1.019	1.003	1.008	1.009	1.132	1.148	1.150	1.128	1.122	
1.036	1.012	1.002	1.047	1.015	1.044	1.013	1.001	1.063	1.015	1.060	1.013	1.003	1.062	1.014	1.071	1.017	1.002	1.012	1.012	1.084	1.019	1.003	1.008	1.009	1.135	1.152	1.148	1.126	1.123	
1.036	1.011	1.002	1.047	1.015	1.045	1.013	1.000	1.063	1.015	1.059	1.012	1.004	1.062	1.015	1.071	1.017	1.002	1.012	1.012	1.084	1.019	1.003	1.007	1.008	1.138	1.156	1.146	1.124	1.124	
1.036	1.011	1.002	1.047	1.015	1.044	1.013	1.001	1.063	1.015	1.060	1.013	1.003	1.062	1.014	1.072	1.017	1.002	1.013	1.012	1.085	1.019	1.003	1.007	1.008	1.142	1.157	1.143	1.124	1.125	
1.036	1.011	1.002	1.046	1.016	1.044	1.013	1.001	1.062	1.015	1.060	1.013	1.003	1.062	1.014	1.072	1.017	1.003	1.014	1.012	1.085	1.019	1.003	1.006	1.008	1.146	1.158	1.141	1.123	1.126	
1.037	1.011	1.002	1.046	1.016	1.043	1.012	1.001	1.062	1.015	1.060	1.014	1.003	1.062	1.014	1.073	1.017	1.003	1.014	1.012	1.085	1.019	1.002	1.006	1.008	1.150	1.159	1.138	1.123	1.127	
1.037	1.011	1.001	1.046	1.016	1.043	1.012	1.002	1.061	1.014	1.060	1.015	1.002	1.061	1.014	1.073	1.017	1.003	1.015	1.013	1.086	1.019	1.002	1.005	1.007	1.153	1.160	1.136	1.123	1.128	
1.037	1.011	1.001	1.046	1.016	1.044	1.012	1.002	1.062	1.014	1.060	1.014	1.002	1.061	1.013	1.073	1.017	1.003	1.015	1.013	1.086	1.018	1.002	1.006	1.008	1.157	1.158	1.135	1.124	1.129	
1.037	1.011	1.002	1.046	1.016	1.045	1.012	1.001	1.062	1.014	1.060	1.014	1.002	1.061	1.013	1.074	1.017	1.003	1.015	1.013	1.087	1.018	1.002	1.007	1.009	1.160	1.157	1.133	1.126	1.130	
1.037	1.010	1.002	1.046	1.016	1.046	1.012	1.001	1.063	1.014	1.060	1.014	1.002	1.060	1.013	1.074	1.017	1.003	1.014	1.013	1.088	1.018	1.003	1.007	1.010	1.163	1.155	1.132	1.128	1.131	
1.037	1.010	1.002	1.046	1.016	1.047	1.011	1.001	1.063	1.013	1.060	1.013	1.002	1.060	1.013	1.074	1.016	1.003	1.014	1.013	1.089	1.017	1.003	1.008	1.011	1.167	1.153	1.131	1.129	1.132	
1.037	1.010	1.001	1.046	1.016	1.047	1.011	1.001	1.063	1.013	1.060	1.013	1.002	1.061	1.013	1.074	1.017	1.003	1.014	1.012	1.089	1.018	1.004	1.008	1.010	1.166	1.150	1.131	1.130	1.134	
1.038	1.010	1.001	1.047	1.017	1.047	1.011	1.001	1.063	1.013	1.061	1.013	1.002	1.061	1.012	1.074	1.017	1.002	1.014	1.012	1.089	1.018	1.005	1.009	1.009	1.165	1.146	1.131	1.130	1.137	
1.038	1.010	1.001	1.048	1.017	1.047	1.010	1.000	1.063	1.014	1.061	1.013	1.002	1.062	1.012	1.073	1.017	1.002	1.014	1.011	1.090	1.018	1.006	1.009	1.008	1.164	1.143	1.131	1.131	1.140	
1.038	1.010	1.001	1.048	1.018	1.047	1.010	1.000	1.063	1.014	1.061	1.013	1.003	1.063	1.011	1.073	1.017	1.002	1.014	1.011	1.090	1.019	1.006	1.010	1.008	1.164	1.140	1.132	1.131	1.142	
1.039	1.010	1.001	1.048	1.018	1.047	1.010	1.000	1.062	1.014	1.061	1.013	1.003	1.062	1.011	1.074	1.016	1.002	1.013	1.012	1.091	1.019	1.006	1.009	1.008	1.160	1.139	1.133	1.133	1.146	
1.039	1.010	1.002	1.047	1.017	1.048	1.011	1.000	1.062	1.014	1.061	1.012	1.003	1.061	1.011	1.075	1.016	1.002	1.013	1.012	1.091	1.019	1.006	1.009	1.008	1.156	1.137	1.134	1.135	1.150	
1.039	1.010	1.002	1.047	1.017	1.049	1.011	1.000	1.062	1.014	1.062	1.012	1.003	1.060	1.011	1.076	1.016	1.002	1.012	1.013	1.091	1.019	1.006	1.008	1.008	1.153	1.136	1.135	1.136	1.153	
1.039	1.010	1.002	1.046	1.016	1.049	1.011	1.000	1.062	1.014	1.062	1.011	1.003	1.060	1.011	1.077	1.016	1.002	1.012	1.014	1.092	1.019	1.005	1.008	1.008	1.149	1.135	1.136	1.138	1.157	
1.039	1.010	1.003	1.047	1.016	1.050	1.011	1.000	1.062	1.014	1.062	1.012	1.003	1.060	1.012	1.076	1.016	1.002	1.012	1.014	1.092	1.018	1.005	1.007	1.008	1.147	1.135	1.136	1.141	1.161	
1.039	1.010	1.003	1.047	1.015	1.050	1.012	1.000	1.063	1.014	1.063	1.013	1.003	1.061	1.012	1.076	1.017	1.002	1.012	1.013	1.092	1.018	1.005	1.007	1.008	1.145	1.135	1.137	1.144	1.164	
1.039	1.010	1.003	1.048	1.015	1.050	1.012	1.001	1.063	1.014	1.063	1.013	1.003	1.061	1.012	1.075	1.017	1.002	1.012	1.012	1.092	1.017	1.004	1.007	1.009	1.144	1.136	1.137	1.147	1.168	
1.039	1.010	1.004	1.049	1.015	1.050	1.012	1.001	1.064	1.014	1.063	1.014	1.002	1.062	1.013	1.075	1.017	1.002	1.013	1.012	1.092	1.017	1.004	1.007	1.009	1.142	1.136	1.138	1.150	1.172	
1.039	1.010	1.003	1.049	1.015	1.050	1.012	1.001	1.063	1.015	1.063	1.013	1.002	1.062	1.013	1.075	1.016	1.002	1.013	1.012	1.093	1.017	1.004	1.007	1.009	1.141	1.137	1.140	1.154	1.171	
1.040	1.010	1.003	1.048	1.015	1.050	1.012	1.001	1.063	1.015	1.063	1.013	1.002	1.062	1.013	1.076	1.016	1.002	1.013	1.012	1.093	1.018	1.004	1.006	1.009	1.141	1.139	1.141	1.157	1.170	
1.040	1.010	1.003	1.048	1.015	1.050	1.011	1.001	1.062	1.016	1.063	1.013	1.002	1.061	1.014	1.077	1.015	1.001	1.013	1.012	1.094	1.018	1.004	1.006	1.008	1.140	1.140	1.143	1.161	1.169	
1.040	1.010	1.003	1.048	1.016	1.050	1.011	1.001	1.062	1.016	1.064	1.013	1.002	1.061	1.014	1.078	1.015	1.001	1.014	1.012	1.094	1.019	1.004	1.006	1.008	1.140	1.142	1.144	1.165	1.168	
1.040	1.010	1.002	1.048	1.016	1.051	1.011	1.001	1.062	1.016	1.064	1.013	1.001	1.061	1.014	1.078	1.015	1.001	1.013	1.012	1.093	1.018	1.004	1.007	1.008	1.141	1.142	1.148	1.166	1.166	
1.041	1.009	1.002	1.048	1.016	1.052	1.011	1.001	1.062	1.015	1.064	1.013	1.001	1.062	1.014	1.079	1.016	1.002	1.013	1.012	1.093	1.017	1.003	1.008	1.008	1.142	1.142	1.151	1.168	1.164	
1.041	1.009	1.002	1.049	1.016	1.053	1.011	1.001	1.063	1.015	1.064	1.014	1.001	1.062	1.013	1.079	1.016	1.002	1.013	1.012	1.092	1.017	1.003	1.009	1.009	1.143	1.143	1.154	1.170	1.161	
1.041	1.009	1.002	1.049	1.016	1.053	1.011	1.001	1.063	1.014	1.064	1.014	1.000	1.062	1.013	1.080	1.016	1.002	1.013	1.012	1.091	1.016	1.002	1.011	1.009	1.144	1.143	1.158	1.171	1.159	
1.041	1.009	1.002	1.049	1.016	1.053	1.011	1.001	1.063	1.014	1.064	1.014	1.001	1.062	1.013	1.080	1.016	1.002	1.013	1.012	1.092	1.016	1.003	1.010	1.009	1.144	1.144	1.161	1.170	1.158	
1.042	1.009	1.002	1.049	1.016	1.053	1.011	1.001	1.063	1.015	1.064	1.014	1.002	1.062	1.012	1.080	1.015	1.002	1.013	1.013	1.092	1.017	1.004	1.009	1.009	1.145	1.146	1.164	1.169	1.156	
1.042	1.009	1.002	1.048	1.016	1.053	1.011	1.002	1.063	1.015	1.064	1.014	1.003	1.062	1.012	1.080	1.015	1.002	1.013	1.013	1.093	1.017	1.005	1.009	1.009	1.145	1.147	1.167	1.167	1.155	
1.042	1.010	1.002	1.048	1.016	1.053	1.011	1.002	1.062	1.015	1.064	1.013	1.003	1.062	1.011	1.080	1.014	1.002	1.012	1.014	1.094	1.017	1.005	1.008	1.009	1.146	1.149	1.170	1.166	1.154	
1.043	1.009	1.002	1.048	1.016	1.053	1.011	1.002	1.062	1.015	1.064	1.013	1.003	1.062	1.012	1.081	1.015	1.002	1.013	1.014	1.094	1.017	1.005	1.008	1.008	1.147	1.152	1.173	1.164	1.155	
1.043	1.009	1.002	1.049	1.016	1.053	1.011	1.002	1.062	1.016	1.064	1.013	1.003	1.063	1.012	1.081	1.015	1.003	1.013	1.014	1.094	1.017	1.004	1.008	1.008	1.147	1.156	1.175	1.161	1.156	
1.043	1.009	1.002	1.049	1.016	1.053	1.011	1.002	1.062	1.016	1.064	1.012	1.003	1.063	1.013	1.082	1.015	1.003	1.014	1.014	1.094	1.017	1.003	1.008	1.008	1.148	1.159	1.178	1.159	1.157	
1.043	1.009	1.002	1.049	1.016	1.053	1.011	1.003	1.061	1.016	1.065	1.012	1.003	1.063	1.014	1.082	1.015	1.004	1.014	1.014	1.094	1.017	1.002	1.008	1.007	1.149	1.163	1.181	1.156	1.158	
1.044	1.009	1.001	1.049	1.016	1.054	1.011	1.003	1.062	1.016	1.065	1.012	1.003	1.063	1.014	1.083	1.015	1.004	1.014	1.014	1.094	1.017	1.002	1.008	1.008	1.152	1.167	1.178	1.155	1.158	
1.044	1.009	1.001	1.050	1.016	1.054	1.011	1.002	1.062	1.015	1.065	1.012	1.003	1.063	1.014	1.083	1.015	1.003	1.013	1.013	1.094	1.017	1.003	1.008	1.008	1.154	1.171	1.176	1.154	1.159	
1.044	1.009	1.001	1.050	1.016	1.055	1.011	1.002	1.062	1.015	1.065	1.012	1.003	1.062	1.014	1.084	1.014	1.003	1.013	1.013	1.094	1.017	1.003	1.008	1.009	1.157	1.175	1.173	1.152	1.159	
1.045	1.009	1.001	1.050	1.016	1.055	1.012	1.002	1.063	1.014	1.065	1.012	1.003	1.062	1.014	1.084	1.014	1.003	1.013	1.013	1.094	1.017	1.003	1.008	1.009	1.159	1.179	1.171	1.151	1.160	
1.045	1.010	1.001	1.050	1.016	1.055	1.011	1.002	1.063	1.015	1.065	1.012	1.003	1.061	1.013	1.085	1.014	1.003	1.013	1.013	1.095	1.017	1.003	1.008	1.009	1.163	1.180	1.168	1.153	1.160	
1.046	1.011	1.001	1.050	1.016	1.055	1.011	1.002	1.062	1.015	1.065	1.012	1.003	1.061	1.012	1.086	1.015	1.003	1.014	1.013	1.095	1.017	1.003	1.007	1.009	1.167	1.182	1.166	1.154	1.160	
1.047	1.011	1.002	1.050	1.016	1.054	1.010	1.002	1.062	1.016	1.066	1.013	1.003	1.061	1.012	1.087	1.015	1.004	1.014	1.013	1.095	1.017	1.004	1.007	1.009	1.171	1.184	1.164	1.156	1.160	
1.048	1.012	1.002	1.050	1.016	1.054	1.010	1.002	1.062	1.016	1.066	1.013	1.003	1.060	1.011	1.087	1.016	1.004	1.014	1.013	1.095	1.018	1.004	1.006	1.009	1.175	1.185	1.161	1.157	1.160	
1.047	1.011	1.002	1.050	1.016	1.054	1.010	1.002	1.062	1.015	1.066	1.013	1.003	1.061	1.012	1.087	1.015	1.004	1.014	1.012	1.096	1.018	1.004	1.007	1.010	1.178	1.184	1.160	1.158	1.160	
1.047	1.010	1.002	1.050	1.016	1.054	1.010	1.001	1.062	1.015	1.066	1.013	1.003	1.061	1.013	1.088	1.015	1.004	1.013	1.012	1.096	1.018	1.004	1.007	1.010	1.181	1.182	1.160	1.159	1.159	
1.047	1.010	1.003	1.049	1.016	1.055	1.010	1.001	1.063	1.014	1.066	1.013	1.003	1.062	1.013	1.088	1.015	1.004	1.013	1.012	1.096	1.018	1.004	1.008	1.010	1.184	1.180	1.159	1.159	1.159	
1.047	1.009	1.003	1.049	1.016	1.055	1.010	1.001	1.063	1.013	1.066	1.013	1.003	1.062	1.014	1.088	1.015	1.004	1.012	1.012	1.097	1.018	1.004	1.009	1.010	1.187	1.178	1.158	1.160	1.158	
1.047	1.009	1.003	1.049	1.016	1.055	1.010	1.001	1.063	1.013	1.066	1.012	1.003	1.062	1.014	1.089	1.015	1.004	1.013	1.012	1.097	1.018	1.004	1.009	1.010	1.186	1.176	1.158	1.161	1.158	
1.047	1.009	1.003	1.050	1.016	1.055	1.010	1.001	1.063	1.013	1.066	1.012	1.002	1.063	1.013	1.089	1.015	1.004	1.013	1.012	1.097	1.019	1.004	1.010	1.010	1.186	1.173	1.158	1.161	1.158	
1.047	1.008	1.002	1.050	1.016	1.055	1.010	1.001	1.063	1.013	1.067	1.011	1.002	1.063	1.012	1.089	1.016	1.004	1.014	1.013	1.098	1.019	1.005	1.011	1.010	1.186	1.171	1.159	1.161	1.158	
1.048	1.008	1.002	1.050	1.016	1.055	1.010	1.001	1.063	1.014	1.067	1.011	1.002	1.063	1.011	1.090	1.016	1.004	1.014	1.013	1.098	1.019	1.005	1.011	1.010	1.186	1.169	1.159	1.162	1.158	
1.048	1.008	1.002	1.050	1.016	1.055	1.009	1.002	1.064	1.014	1.067	1.011	1.002	1.063	1.012	1.090	1.015	1.004	1.014	1.013	1.098	1.019	1.005	1.010	1.010	1.183	1.167	1.160	1.162	1.160	
1.048	1.008	1.002	1.050	1.016	1.055	1.009	1.002	1.064	1.015	1.067	1.011	1.002	1.063	1.013	1.090	1.014	1.003	1.014	1.013	1.098	1.018	1.005	1.009	1.010	1.180	1.166	1.162	1.162	1.162	
1.049	1.008	1.002	1.050	1.016	1.055	1.009	1.003	1.065	1.015	1.068	1.011	1.002	1.063	1.014	1.090	1.013	1.003	1.014	1.013	1.098	1.018	1.005	1.007	1.010	1.177	1.164	1.164	1.162	1.164	
1.049	1.009	1.002	1.050	1.016	1.055	1.009	1.004	1.066	1.016	1.068	1.011	1.002	1.063	1.015	1.090	1.012	1.003	1.013	1.013	1.098	1.017	1.005	1.006	1.010	1.174	1.163	1.165	1.162	1.166	
1.049	1.008	1.002	1.050	1.016	1.056	1.009	1.003	1.066	1.016	1.068	1.011	1.002	1.063	1.014	1.090	1.013	1.003	1.014	1.013	1.098	1.017	1.005	1.007	1.010	1.172	1.164	1.165	1.163	1.168	
1.049	1.008	1.002	1.050	1.016	1.057	1.010	1.003	1.066	1.016	1.069	1.011	1.002	1.063	1.014	1.091	1.013	1.003	1.014	1.013	1.099	1.017	1.004	1.008	1.010	1.171	1.166	1.166	1.164	1.170	
1.048	1.008	1.002	1.051	1.016	1.057	1.010	1.003	1.066	1.017	1.070	1.011	1.002	1.064	1.014	1.091	1.014	1.003	1.015	1.013	1.099	1.017	1.004	1.008	1.009	1.169	1.167	1.166	1.165	1.172	
1.048	1.008	1.002	1.051	1.017	1.058	1.010	1.003	1.066	1.017	1.071	1.011	1.002	1.064	1.014	1.092	1.014	1.003	1.015	1.013	1.099	1.016	1.004	1.009	1.009	1.167	1.169	1.166	1.166	1.174	
1.049	1.008	1.002	1.051	1.017	1.057	1.010	1.002	1.066	1.016	1.071	1.012	1.003	1.064	1.014	1.092	1.014	1.003	1.015	1.013	1.099	1.016	1.004	1.009	1.009	1.168	1.170	1.165	1.169	1.174	
1.049	1.008	1.002	1.051	1.017	1.057	1.009	1.002	1.065	1.016	1.072	1.013	1.003	1.064	1.014	1.091	1.014	1.003	1.014	1.013	1.099	1.016	1.005	1.010	1.009	1.168	1.171	1.165	1.171	1.175	
1.049	1.008	1.003	1.051	1.017	1.056	1.009	1.002	1.065	1.015	1.072	1.013	1.003	1.063	1.014	1.091	1.014	1.003	1.014	1.013	1.099	1.016	1.006	1.010	1.009	1.168	1.173	1.164	1.174	1.175	
1.050	1.008	1.003	1.051	1.017	1.055	1.009	1.002	1.065	1.015	1.073	1.014	1.003	1.063	1.013	1.091	1.014	1.003	1.013	1.013	1.099	1.016	1.007	1.011	1.009	1.169	1.174	1.164	1.176	1.175	
1.050	1.008	1.002	1.051	1.017	1.055	1.009	1.002	1.064	1.015	1.073	1.013	1.003	1.063	1.013	1.091	1.014	1.004	1.014	1.013	1.100	1.016	1.007	1.011	1.009	1.170	1.173	1.165	1.178	1.173	
1.050	1.008	1.002	1.050	1.017	1.056	1.009	1.002	1.064	1.015	1.073	1.012	1.003	1.063	1.013	1.090	1.014	1.004	1.014	1.013	1.101	1.016	1.007	1.011	1.010	1.172	1.173	1.166	1.180	1.172	
1.050	1.009	1.002	1.050	1.016	1.056	1.009	1.002	1.064	1.015	1.074	1.011	1.003	1.063	1.013	1.090	1.014	1.004	1.014	1.013	1.102	1.016	1.007	1.011	1.010	1.173	1.172	1.168	1.182	1.170	
1.050	1.009	1.001	1.050	1.016	1.056	1.010	1.002	1.064	1.015	1.074	1.010	1.003	1.064	1.012	1.090	1.013	1.004	1.015	1.013	1.103	1.016	1.008	1.012	1.011	1.175	1.171	1.169	1.184	1.168	
1.050	1.008	1.001	1.050	1.016	1.057	1.009	1.002	1.064	1.015	1.075	1.011	1.003	1.064	1.013	1.090	1.014	1.005	1.015	1.013	1.103	1.016	1.007	1.012	1.010	1.176	1.171	1.172	1.182	1.168	
1.050	1.008	1.002	1.051	1.015	1.057	1.009	1.002	1.065	1.015	1.076	1.011	1.003	1.064	1.013	1.091	1.015	1.005	1.016	1.013	1.103	1.016	1.007	1.012	1.010	1.176	1.172	1.175	1.181	1.168	
1.050	1.008	1.002	1.051	1.015	1.058	1.008	1.002	1.065	1.015	1.078	1.011	1.002	1.063	1.014	1.091	1.015	1.005	1.016	1.014	1.104	1.017	1.006	1.012	1.010	1.177	1.172	1.177	1.180	1.167	
1.050	1.008	1.002	1.052	1.014	1.058	1.007	1.002	1.065	1.015	1.079	1.012	1.002	1.063	1.014	1.091	1.016	1.006	1.017	1.014	1.104	1.017	1.006	1.012	1.010	1.178	1.172	1.180	1.179	1.167	
1.050	1.007	1.002	1.052	1.015	1.059	1.008	1.002	1.066	1.015	1.079	1.012	1.002	1.063	1.014	1.091	1.015	1.005	1.016	1.014	1.104	1.017	1.005	1.011	1.010	1.177	1.173	1.182	1.178	1.170	
1.050	1.007	1.002	1.051	1.016	1.059	1.008	1.002	1.066	1.015	1.079	1.011	1.002	1.063	1.013	1.091	1.014	1.005	1.016	1.014	1.105	1.017	1.005	1.011	1.010	1.176	1.175	1.185	1.177	1.172	
1.050	1.007	1.002	1.050	1.016	1.059	1.008	1.002	1.067	1.016	1.079	1.011	1.002	1.062	1.013	1.091	1.014	1.004	1.016	1.014	1.105	1.017	1.004	1.010	1.010	1.175	1.176	1.187	1.176	1.174	
1.050	1.007	1.002	1.050	1.017	1.059	1.008	1.002	1.067	1.016	1.079	1.011	1.002	1.062	1.013	1.090	1.013	1.004	1.015	1.014	1.105	1.017	1.003	1.010	1.010	1.175	1.177	1.189	1.175	1.176	
1.050	1.008	1.002	1.050	1.017	1.059	1.008	1.002	1.066	1.016	1.079	1.011	1.002	1.063	1.013	1.091	1.014	1.004	1.015	1.014	1.105	1.017	1.004	1.010	1.010	1.175	1.180	1.188	1.174	1.179	
1.050	1.009	1.002	1.050	1.017	1.059	1.009	1.002	1.065	1.016	1.079	1.011	1.002	1.064	1.013	1.092	1.014	1.004	1.015	1.014	1.105	1.017	1.005	1.011	1.010	1.175	1.182	1.188	1.174	1.181	
1.050	1.009	1.002	1.050	1.017	1.060	1.009	1.002	1.065	1.016	1.079	1.011	1.003	1.065	1.014	1.092	1.015	1.003	1.016	1.014	1.106	1.017	1.006	1.011	1.010	1.176	1.185	1.187	1.173	1.183	
1.050	1.010	1.002	1.049	1.017	1.060	1.009	1.002	1.064	1.016	1.079	1.011	1.003	1.066	1.014	1.093	1.016	1.003	1.016	1.014	1.106	1.016	1.007	1.012	1.009	1.176	1.188	1.187	1.173	1.185	
1.050	1.010	1.003	1.050	1.017	1.060	1.009	1.002	1.064	1.016	1.079	1.011	1.004	1.065	1.014	1.093	1.016	1.003	1.015	1.014	1.106	1.016	1.006	1.012	1.009	1.178	1.189	1.186	1.175	1.187	
1.050	1.009	1.003	1.051	1.016	1.060	1.010	1.002	1.064	1.015	1.080	1.011	1.004	1.065	1.014	1.093	1.015	1.003	1.015	1.014	1.107	1.016	1.006	1.012	1.009	1.181	1.191	1.185	1.177	1.189	
1.050	1.008	1.003	1.052	1.016	1.060	1.010	1.002	1.064	1.015	1.080	1.011	1.005	1.065	1.014	1.093	1.014	1.004	1.014	1.014	1.108	1.016	1.006	1.012	1.009	1.183	1.192	1.184	1.179	1.190	
1.051	1.008	1.003	1.053	1.016	1.060	1.011	1.003	1.064	1.015	1.080	1.011	1.005	1.065	1.014	1.094	1.014	1.004	1.013	1.015	1.108	1.016	1.006	1.012	1.009	1.185	1.194	1.183	1.181	1.192	
1.051	1.008	1.003	1.053	1.016	1.061	1.011	1.002	1.064	1.015	1.080	1.012	1.005	1.065	1.014	1.094	1.013	1.004	1.014	1.014	1.108	1.017	1.006	1.012	1.010	1.188	1.193	1.183	1.183	1.191	
1.051	1.007	1.002	1.052	1.017	1.062	1.012	1.002	1.064	1.015	1.081	1.012	1.004	1.064	1.014	1.094	1.013	1.004	1.014	1.013	1.107	1.017	1.006	1.012	1.011	1.191	1.193	1.183	1.185	1.191	
1.051	1.007	1.002	1.052	1.017	1.062	1.012	1.002	1.064	1.015	1.081	1.012	1.004	1.064	1.014	1.094	1.013	1.004	1.014	1.013	1.107	1.018	1.006	1.012	1.012	1.194	1.192	1.183	1.187	1.190	
1.051	1.007	1.002	1.051	1.018	1.063	1.013	1.002	1.064	1.015	1.081	1.013	1.004	1.064	1.014	1.094	1.013	1.004	1.015	1.012	1.106	1.018	1.006	1.012	1.013	1.196	1.191	1.183	1.189	1.189	
1.051	1.007	1.002	1.052	1.018	1.064	1.011	1.002	1.065	1.015	1.081	1.012	1.004	1.064	1.014	1.094	1.013	1.004	1.015	1.013	1.107	1.017	1.006	1.011	1.012	1.197	1.190	1.185	1.189	1.189	
1.051	1.007	1.003	1.052	1.019	1.064	1.010	1.003	1.066	1.015	1.081	1.012	1.004	1.064	1.014	1.095	1.013	1.004	1.015	1.013	1.108	1.017	1.006	1.010	1.012	1.197	1.190	1.188	1.189	1.189	
1.052	1.007	1.003	1.053	1.019	1.064	1.008	1.003	1.066	1.015	1.081	1.011	1.004	1.064	1.014	1.095	1.013	1.005	1.014	1.014	1.109	1.016	1.006	1.009	1.011	1.197	1.189	1.191	1.189	1.189	
1.052	1.007	1.003	1.053	1.020	1.065	1.007	1.003	1.067	1.016	1.081	1.010	1.004	1.064	1.014	1.096	1.012	1.005	1.014	1.014	1.109	1.016	1.006	1.008	1.011	1.197	1.188	1.194	1.188	1.189	
1.053	1.007	1.003	1.052	1.019	1.065	1.007	1.003	1.067	1.016	1.081	1.010	1.004	1.064	1.014	1.097	1.013	1.005	1.014	1.014	1.110	1.015	1.006	1.008	1.010	1.197	1.189	1.196	1.187	1.192	
1.054	1.007	1.003	1.051	1.018	1.065	1.008	1.003	1.066	1.016	1.081	1.010	1.004	1.065	1.014	1.097	1.013	1.004	1.014	1.014	1.110	1.015	1.006	1.007	1.010	1.196	1.189	1.198	1.185	1.194	
1.055	1.007	1.003	1.051	1.018	1.065	1.008	1.003	1.066	1.016	1.081	1.009	1.004	1.066	1.014	1.098	1.013	1.004	1.014	1.014	1.111	1.015	1.006	1.007	1.010	1.195	1.190	1.200	1.183	1.196	
1.056	1.007	1.003	1.050	1.017	1.065	1.008	1.003	1.066	1.016	1.082	1.009	1.004	1.066	1.014	1.098	1.013	1.004	1.014	1.014	1.111	1.015	1.006	1.006	1.009	1.194	1.191	1.202	1.182	1.198	
1.056	1.006	1.003	1.050	1.017	1.066	1.008	1.003	1.066	1.016	1.082	1.010	1.004	1.066	1.014	1.099	1.013	1.004	1.014	1.014	1.112	1.015	1.007	1.006	1.010	1.194	1.193	1.201	1.183	1.199	
1.056	1.006	1.003	1.051	1.017	1.066	1.008	1.003	1.066	1.017	1.082	1.011	1.004	1.066	1.013	1.099	1.013	1.005	1.015	1.014	1.112	1.015	1.007	1.006	1.011	1.195	1.196	1.200	1.184	1.200	
1.056	1.006	1.003	1.051	1.017	1.066	1.008	1.003	1.066	1.018	1.082	1.011	1.005	1.066	1.013	1.099	1.014	1.005	1.015	1.014	1.113	1.015	1.008	1.007	1.012	1.195	1.198	1.198	1.185	1.202	
1.056	1.006	1.003	1.051	1.017	1.066	1.008	1.003	1.067	1.018	1.082	1.012	1.005	1.066	1.013	1.100	1.014	1.005	1.015	1.015	1.114	1.015	1.009	1.007	1.012	1.196	1.201	1.197	1.186	1.203	
1.056	1.006	1.003	1.051	1.017	1.067	1.008	1.003	1.066	1.018	1.082	1.012	1.005	1.065	1.013	1.100	1.013	1.005	1.016	1.015	1.114	1.015	1.009	1.008	1.012	1.198	1.204	1.196	1.188	1.201	
1.056	1.007	1.003	1.051	1.017	1.067	1.008	1.003	1.066	1.018	1.082	1.011	1.005	1.065	1.014	1.100	1.013	1.004	1.016	1.015	1.114	1.015	1.009	1.010	1.011	1.200	1.206	1.194	1.191	1.200	
1.056	1.007	1.003	1.051	1.017	1.068	1.009	1.003	1.065	1.018	1.082	1.011	1.005	1.065	1.015	1.100	1.013	1.004	1.016	1.015	1.114	1.015	1.009	1.012	1.011	1.202	1.209	1.192	1.193	1.198	
1.056	1.007	1.003	1.051	1.017	1.069	1.009	1.003	1.064	1.018	1.082	1.011	1.005	1.065	1.015	1.100	1.012	1.003	1.017	1.015	1.114	1.015	1.009	1.013	1.010	1.204	1.212	1.190	1.195	1.197	
1.056	1.007	1.003	1.052	1.017	1.069	1.009	1.003	1.065	1.018	1.083	1.011	1.005	1.065	1.015	1.101	1.013	1.004	1.016	1.015	1.114	1.015	1.008	1.013	1.010	1.206	1.212	1.190	1.198	1.195	
1.056	1.007	1.004	1.052	1.017	1.070	1.008	1.003	1.065	1.018	1.083	1.011	1.005	1.065	1.014	1.101	1.013	1.004	1.016	1.015	1.115	1.015	1.007	1.013	1.010	1.208	1.211	1.191	1.200	1.193	
1.057	1.008	1.004	1.052	1.017	1.071	1.008	1.003	1.066	1.018	1.083	1.012	1.005	1.065	1.013	1.102	1.013	1.004	1.015	1.015	1.115	1.015	1.006	1.013	1.010	1.210	1.211	1.191	1.202	1.192	
1.057	1.008	1.004	1.053	1.017	1.071	1.008	1.003	1.066	1.018	1.084	1.012	1.004	1.066	1.013	1.102	1.014	1.004	1.015	1.015	1.115	1.014	1.006	1.012	1.010	1.212	1.210	1.191	1.204	1.190	
1.058	1.008	1.004	1.052	1.017	1.071	1.008	1.003	1.066	1.018	1.083	1.012	1.005	1.066	1.013	1.103	1.013	1.004	1.015	1.015	1.116	1.015	1.006	1.013	1.011	1.213	1.209	1.193	1.204	1.188	
1.058	1.008	1.004	1.052	1.017	1.071	1.009	1.004	1.066	1.018	1.083	1.011	1.005	1.066	1.013	1.103	1.013	1.005	1.016	1.015	1.116	1.015	1.006	1.013	1.011	1.215	1.208	1.195	1.203	1.187	
1.058	1.008	1.004	1.052	1.017	1.072	1.009	1.004	1.066	1.018	1.083	1.011	1.005	1.066	1.013	1.103	1.013	1.005	1.016	1.015	1.116	1.015	1.006	1.013	1.012	1.216	1.207	1.198	1.203	1.186	
1.059	1.008	1.004	1.052	1.017	1.072	1.009	1.004	1.066	1.018	1.083	1.010	1.005	1.066	1.013	1.104	1.012	1.006	1.017	1.015	1.117	1.016	1.007	1.013	1.012	1.217	1.206	1.200	1.203	1.184	
1.059	1.008	1.004	1.052	1.017	1.072	1.009	1.004	1.066	1.018	1.083	1.010	1.005	1.065	1.014	1.104	1.012	1.006	1.017	1.015	1.117	1.016	1.007	1.013	1.012	1.216	1.206	1.201	1.201	1.186	
1.060	1.007	1.004	1.053	1.018	1.072	1.009	1.003	1.067	1.018	1.084	1.010	1.005	1.065	1.015	1.105	1.012	1.006	1.016	1.015	1.118	1.016	1.008	1.012	1.012	1.215	1.206	1.202	1.199	1.187	
1.060	1.007	1.004	1.053	1.018	1.072	1.009	1.002	1.067	1.017	1.084	1.010	1.005	1.064	1.016	1.105	1.012	1.005	1.016	1.016	1.118	1.016	1.008	1.012	1.011	1.213	1.206	1.203	1.198	1.188	
1.061	1.007	1.004	1.053	1.018	1.072	1.009	1.002	1.068	1.017	1.085	1.010	1.005	1.063	1.017	1.106	1.012	1.005	1.016	1.016	1.119	1.017	1.009	1.011	1.011	1.212	1.206	1.204	1.196	1.190	
1.061	1.007	1.004	1.053	1.018	1.072	1.008	1.002	1.067	1.017	1.085	1.010	1.005	1.064	1.016	1.106	1.012	1.005	1.017	1.016	1.119	1.016	1.009	1.012	1.011	1.212	1.208	1.203	1.196	1.191	
1.061	1.007	1.004	1.053	1.018	1.073	1.008	1.003	1.067	1.017	1.085	1.009	1.004	1.065	1.016	1.106	1.012	1.004	1.017	1.016	1.119	1.015	1.010	1.012	1.011	1.212	1.209	1.201	1.196	1.192	
1.062	1.007	1.003	1.053	1.018	1.073	1.008	1.004	1.067	1.017	1.085	1.009	1.004	1.066	1.016	1.106	1.012	1.004	1.018	1.016	1.119	1.015	1.011	1.013	1.011	1.212	1.210	1.199	1.195	1.193	
1.062	1.007	1.003	1.053	1.018	1.074	1.008	1.004	1.066	1.017	1.086	1.009	1.003	1.066	1.015	1.106	1.013	1.004	1.018	1.016	1.119	1.014	1.011	1.013	1.010	1.211	1.211	1.198	1.195	1.194	
1.062	1.006	1.003	1.053	1.018	1.074	1.008	1.004	1.066	1.017	1.086	1.009	1.003	1.066	1.015	1.106	1.012	1.004	1.017	1.015	1.120	1.014	1.011	1.012	1.011	1.213	1.212	1.198	1.196	1.194	
1.062	1.006	1.003	1.054	1.018	1.074	1.008	1.004	1.066	1.016	1.086	1.008	1.003	1.065	1.015	1.107	1.012	1.005	1.017	1.015	1.121	1.014	1.010	1.011	1.011	1.215	1.213	1.197	1.197	1.193	
1.062	1.006	1.003	1.054	1.017	1.074	1.008	1.004	1.066	1.016	1.086	1.008	1.003	1.065	1.015	1.107	1.012	1.005	1.016	1.015	1.121	1.014	1.010	1.010	1.012	1.216	1.214	1.197	1.198	1.192	
1.063	1.006	1.004	1.054	1.017	1.074	1.008	1.004	1.066	1.015	1.087	1.007	1.003	1.064	1.015	1.108	1.012	1.006	1.015	1.015	1.122	1.014	1.009	1.010	1.013	1.218	1.215	1.197	1.199	1.192	
1.063	1.006	1.004	1.054	1.017	1.073	1.008	1.004	1.066	1.016	1.087	1.008	1.004	1.065	1.015	1.108	1.012	1.006	1.016	1.015	1.122	1.014	1.009	1.010	1.013	1.220	1.213	1.197	1.200	1.191	
1.063	1.007	1.004	1.053	1.017	1.072	1.008	1.004	1.066	1.016	1.088	1.009	1.005	1.065	1.015	1.108	1.013	1.007	1.016	1.015	1.122	1.014	1.009	1.010	1.013	1.222	1.211	1.197	1.202	1.191	
1.064	1.007	1.004	1.053	1.017	1.072	1.008	1.004	1.067	1.017	1.088	1.010	1.005	1.066	1.014	1.109	1.013	1.007	1.017	1.015	1.122	1.013	1.009	1.010	1.013	1.223	1.209	1.197	1.203	1.190	
1.064	1.007	1.004	1.052	1.017	1.071	1.008	1.005	1.067	1.017	1.089	1.011	1.006	1.066	1.014	1.109	1.014	1.008	1.017	1.016	1.122	1.013	1.009	1.010	1.013	1.225	1.208	1.196	1.205	1.189	
1.064	1.007	1.004	1.052	1.017	1.072	1.008	1.004	1.068	1.017	1.089	1.011	1.006	1.066	1.014	1.109	1.014	1.007	1.017	1.016	1.123	1.013	1.009	1.010	1.013	1.224	1.206	1.198	1.203	1.190	
1.064	1.006	1.004	1.052	1.017	1.073	1.007	1.004	1.068	1.018	1.089	1.010	1.005	1.066	1.015	1.110	1.013	1.007	1.017	1.016	1.123	1.014	1.009	1.010	1.013	1.222	1.203	1.200	1.202	1.191	
1.064	1.006	1.004	1.053	1.018	1.073	1.007	1.004	1.068	1.018	1.089	1.010	1.005	1.066	1.015	1.110	1.013	1.006	1.017	1.016	1.124	1.014	1.010	1.011	1.013	1.221	1.201	1.202	1.200	1.192	
1.065	1.005	1.003	1.053	1.018	1.074	1.007	1.004	1.069	1.018	1.089	1.010	1.004	1.066	1.015	1.111	1.012	1.006	1.017	1.016	1.125	1.014	1.010	1.011	1.013	1.219	1.199	1.204	1.199	1.192	
1.064	1.006	1.003	1.053	1.018	1.074	1.007	1.004	1.069	1.017	1.089	1.010	1.005	1.065	1.016	1.111	1.012	1.005	1.018	1.016	1.125	1.014	1.010	1.010	1.013	1.217	1.199	1.205	1.197	1.195	
1.064	1.006	1.003	1.053	1.018	1.074	1.008	1.004	1.069	1.017	1.090	1.010	1.006	1.065	1.016	1.111	1.012	1.005	1.018	1.016	1.125	1.014	1.010	1.010	1.013	1.214	1.199	1.207	1.196	1.197	
1.064	1.006	1.003	1.053	1.018	1.073	1.009	1.004	1.070	1.017	1.090	1.011	1.007	1.065	1.017	1.111	1.012	1.005	1.019	1.015	1.125	1.014	1.010	1.009	1.013	1.212	1.199	1.209	1.194	1.200	
1.064	1.006	1.003	1.053	1.018	1.073	1.009	1.004	1.070	1.017	1.090	1.011	1.007	1.065	1.017	1.112	1.012	1.005	1.019	1.015	1.125	1.014	1.009	1.008	1.013	1.209	1.199	1.211	1.192	1.202	
1.065	1.006	1.003	1.053	1.018	1.073	1.009	1.004	1.069	1.017	1.091	1.011	1.007	1.065	1.017	1.112	1.012	1.005	1.018	1.015	1.125	1.014	1.009	1.009	1.013	1.207	1.201	1.210	1.192	1.205	
1.066	1.006	1.003	1.053	1.019	1.073	1.009	1.004	1.069	1.018	1.092	1.011	1.007	1.065	1.017	1.113	1.012	1.005	1.017	1.015	1.126	1.014	1.009	1.010	1.013	1.206	1.202	1.210	1.192	1.207	
1.066	1.006	1.004	1.053	1.019	1.073	1.010	1.003	1.069	1.018	1.093	1.011	1.007	1.066	1.017	1.113	1.012	1.006	1.015	1.016	1.126	1.014	1.009	1.011	1.013	1.205	1.204	1.209	1.191	1.210	
1.067	1.006	1.004	1.053	1.019	1.073	1.010	1.003	1.068	1.018	1.093	1.011	1.006	1.066	1.016	1.114	1.012	1.006	1.014	1.016	1.126	1.014	1.009	1.012	1.013	1.203	1.206	1.209	1.191	1.212	
1.066	1.006	1.004	1.054	1.020	1.074	1.010	1.003	1.068	1.018	1.093	1.011	1.006	1.066	1.016	1.114	1.012	1.007	1.015	1.016	1.127	1.014	1.009	1.012	1.013	1.205	1.208	1.208	1.193	1.211	
1.066	1.006	1.004	1.054	1.020	1.074	1.010	1.004	1.068	1.018	1.093	1.011	1.006	1.066	1.016	1.114	1.012	1.007	1.016	1.016	1.127	1.015	1.009	1.012	1.013	1.206	1.210	1.206	1.195	1.210	
1.066	1.006	1.004	1.054	1.020	1.074	1.010	1.004	1.068	1.018	1.093	1.011	1.005	1.065	1.015	1.114	1.012	1.007	1.017	1.016	1.128	1.015	1.009	1.012	1.012	1.208	1.212	1.205	1.198	1.209	
1.065	1.006	1.004	1.055	1.020	1.075	1.010	1.004	1.068	1.018	1.093	1.011	1.005	1.065	1.015	1.114	1.013	1.008	1.019	1.016	1.128	1.015	1.009	1.013	1.012	1.210	1.214	1.204	1.200	1.208	
1.066	1.005	1.004	1.055	1.020	1.075	1.010	1.004	1.068	1.018	1.094	1.011	1.005	1.066	1.015	1.115	1.012	1.008	1.018	1.017	1.128	1.015	1.009	1.013	1.012	1.211	1.213	1.204	1.201	1.204	
1.066	1.005	1.004	1.055	1.019	1.074	1.009	1.004	1.068	1.018	1.094	1.011	1.005	1.066	1.016	1.115	1.012	1.007	1.018	1.017	1.128	1.015	1.009	1.012	1.011	1.212	1.213	1.204	1.203	1.200	
1.066	1.005	1.004	1.055	1.018	1.074	1.008	1.004	1.067	1.018	1.094	1.011	1.005	1.067	1.016	1.116	1.011	1.007	1.018	1.018	1.128	1.014	1.009	1.012	1.011	1.214	1.212	1.205	1.204	1.197	
1.066	1.005	1.004	1.055	1.018	1.074	1.008	1.004	1.067	1.017	1.094	1.011	1.005	1.067	1.016	1.116	1.010	1.007	1.017	1.018	1.128	1.014	1.009	1.012	1.011	1.215	1.211	1.205	1.206	1.193	
1.066	1.005	1.004	1.055	1.018	1.074	1.008	1.004	1.068	1.018	1.094	1.011	1.006	1.067	1.016	1.117	1.011	1.007	1.018	1.018	1.128	1.014	1.009	1.012	1.011	1.215	1.211	1.206	1.205	1.191	
1.066	1.006	1.004	1.056	1.018	1.075	1.008	1.004	1.069	1.019	1.095	1.010	1.007	1.067	1.017	1.117	1.012	1.007	1.018	1.018	1.129	1.014	1.009	1.012	1.012	1.215	1.211	1.208	1.203	1.188	
1.065	1.006	1.004	1.056	1.019	1.076	1.008	1.004	1.069	1.019	1.095	1.010	1.007	1.067	1.017	1.118	1.012	1.007	1.019	1.018	1.130	1.014	1.008	1.012	1.012	1.216	1.211	1.209	1.202	1.186	
1.065	1.006	1.004	1.057	1.019	1.076	1.008	1.004	1.070	1.020	1.095	1.010	1.008	1.067	1.017	1.118	1.013	1.007	1.019	1.018	1.130	1.014	1.008	1.013	1.012	1.216	1.212	1.211	1.200	1.184	
1.065	1.006	1.004	1.056	1.019	1.077	1.008	1.005	1.070	1.020	1.095	1.010	1.007	1.067	1.017	1.118	1.012	1.007	1.019	1.017	1.130	1.014	1.008	1.013	1.013	1.216	1.211	1.212	1.198	1.184	
1.066	1.006	1.004	1.055	1.020	1.077	1.007	1.005	1.069	1.020	1.096	1.010	1.006	1.067	1.017	1.118	1.012	1.007	1.019	1.017	1.130	1.014	1.008	1.013	1.013	1.215	1.210	1.212	1.195	1.184	
1.066	1.006	1.004	1.054	1.020	1.077	1.007	1.005	1.069	1.020	1.096	1.010	1.005	1.067	1.017	1.118	1.012	1.007	1.019	1.017	1.131	1.014	1.008	1.014	1.014	1.215	1.209	1.213	1.193	1.184	
1.066	1.006	1.004	1.054	1.020	1.078	1.007	1.005	1.069	1.020	1.096	1.010	1.005	1.067	1.017	1.118	1.012	1.008	1.019	1.017	1.131	1.014	1.008	1.014	1.014	1.215	1.208	1.214	1.190	1.184	
1.066	1.006	1.004	1.054	1.020	1.079	1.008	1.005	1.069	1.020	1.096	1.009	1.005	1.067	1.017	1.119	1.012	1.007	1.019	1.017	1.131	1.014	1.009	1.014	1.014	1.214	1.210	1.211	1.189	1.184	
1.065	1.005	1.004	1.055	1.020	1.080	1.008	1.006	1.069	1.019	1.097	1.008	1.005	1.068	1.017	1.119	1.012	1.007	1.019	1.017	1.131	1.014	1.009	1.013	1.014	1.214	1.213	1.209	1.188	1.185	
1.065	1.005	1.004	1.056	1.019	1.081	1.008	1.006	1.069	1.019	1.097	1.008	1.005	1.069	1.017	1.119	1.011	1.006	1.019	1.017	1.131	1.014	1.009	1.013	1.013	1.213	1.215	1.206	1.187	1.186	
1.065	1.005	1.005	1.056	1.019	1.082	1.009	1.007	1.069	1.018	1.097	1.007	1.006	1.069	1.017	1.120	1.011	1.006	1.019	1.017	1.131	1.014	1.009	1.013	1.013	1.212	1.218	1.204	1.186	1.186	
1.066	1.005	1.005	1.056	1.019	1.082	1.008	1.007	1.069	1.018	1.098	1.007	1.006	1.069	1.017	1.119	1.012	1.007	1.019	1.017	1.131	1.014	1.009	1.013	1.013	1.214	1.219	1.200	1.187	1.186	
1.067	1.006	1.004	1.056	1.019	1.082	1.008	1.007	1.069	1.018	1.099	1.008	1.006	1.068	1.017	1.119	1.012	1.007	1.019	1.018	1.132	1.015	1.009	1.014	1.013	1.215	1.220	1.197	1.188	1.186	
1.068	1.006	1.004	1.056	1.019	1.081	1.007	1.007	1.069	1.018	1.100	1.008	1.006	1.068	1.017	1.119	1.012	1.008	1.019	1.018	1.132	1.015	1.009	1.014	1.013	1.216	1.221	1.194	1.190	1.185	
1.069	1.007	1.004	1.057	1.019	1.081	1.007	1.007	1.069	1.017	1.100	1.008	1.006	1.067	1.018	1.119	1.012	1.008	1.019	1.018	1.132	1.015	1.009	1.014	1.013	1.218	1.222	1.191	1.191	1.185	
1.070	1.007	1.004	1.057	1.019	1.082	1.007	1.007	1.069	1.018	1.101	1.008	1.007	1.068	1.018	1.119	1.011	1.008	1.018	1.018	1.132	1.014	1.010	1.014	1.013	1.220	1.220	1.189	1.193	1.184	
1.070	1.007	1.005	1.057	1.019	1.082	1.007	1.008	1.068	1.018	1.101	1.008	1.007	1.068	1.018	1.120	1.011	1.008	1.018	1.018	1.132	1.014	1.010	1.014	1.013	1.222	1.218	1.188	1.194	1.183	
1.070	1.007	1.005	1.057	1.020	1.082	1.007	1.008	1.068	1.019	1.101	1.008	1.007	1.068	1.018	1.120	1.011	1.008	1.018	1.017	1.132	1.013	1.010	1.014	1.014	1.224	1.215	1.186	1.195	1.182	
1.070	1.007	1.006	1.057	1.020	1.083	1.007	1.008	1.068	1.019	1.102	1.008	1.007	1.069	1.019	1.121	1.011	1.007	1.018	1.017	1.131	1.012	1.010	1.014	1.014	1.226	1.213	1.184	1.197	1.181	
1.070	1.007	1.006	1.056	1.021	1.083	1.007	1.008	1.069	1.019	1.102	1.009	1.007	1.069	1.019	1.121	1.011	1.007	1.018	1.017	1.132	1.012	1.010	1.013	1.014	1.226	1.210	1.186	1.197	1.183	
1.070	1.007	1.006	1.056	1.021	1.084	1.007	1.007	1.069	1.019	1.102	1.009	1.007	1.069	1.019	1.122	1.011	1.008	1.018	1.017	1.133	1.013	1.009	1.013	1.014	1.226	1.206	1.188	1.196	1.184	
1.070	1.007	1.006	1.056	1.022	1.084	1.007	1.007	1.070	1.019	1.102	1.010	1.006	1.069	1.019	1.122	1.011	1.008	1.018	1.017	1.134	1.013	1.009	1.012	1.014	1.226	1.203	1.190	1.196	1.186	
1.070	1.007	1.006	1.056	1.022	1.084	1.007	1.006	1.071	1.019	1.102	1.010	1.006	1.070	1.020	1.123	1.010	1.008	1.018	1.018	1.135	1.013	1.008	1.012	1.013	1.226	1.200	1.191	1.196	1.188	
1.070	1.007	1.006	1.056	1.022	1.085	1.007	1.006	1.071	1.019	1.103	1.010	1.007	1.069	1.020	1.123	1.010	1.008	1.018	1.018	1.135	1.013	1.008	1.012	1.014	1.223	1.198	1.193	1.195	1.192	
1.070	1.007	1.006	1.056	1.022	1.085	1.007	1.006	1.072	1.020	1.104	1.010	1.007	1.069	1.019	1.122	1.010	1.009	1.019	1.018	1.135	1.013	1.009	1.013	1.014	1.220	1.197	1.195	1.193	1.195	
1.070	1.006	1.006	1.056	1.021	1.085	1.007	1.006	1.073	1.020	1.105	1.010	1.008	1.068	1.019	1.122	1.010	1.009	1.019	1.018	1.135	1.014	1.009	1.013	1.014	1.216	1.195	1.197	1.192	1.199	
1.070	1.006	1.006	1.056	1.021	1.085	1.007	1.006	1.073	1.020	1.105	1.009	1.008	1.068	1.019	1.122	1.010	1.009	1.020	1.018	1.135	1.014	1.009	1.014	1.014	1.213	1.193	1.199	1.190	1.202	
1.071	1.006	1.006	1.056	1.021	1.086	1.007	1.005	1.072	1.020	1.105	1.009	1.008	1.068	1.019	1.123	1.010	1.009	1.020	1.018	1.136	1.014	1.010	1.014	1.014	1.210	1.194	1.199	1.192	1.205	
1.072	1.006	1.006	1.057	1.021	1.087	1.007	1.005	1.072	1.019	1.105	1.009	1.007	1.068	1.019	1.123	1.011	1.009	1.020	1.018	1.137	1.014	1.010	1.014	1.014	1.207	1.195	1.200	1.193	1.208	
1.072	1.006	1.006	1.058	1.020	1.088	1.007	1.005	1.071	1.019	1.105	1.009	1.007	1.069	1.018	1.124	1.012	1.009	1.019	1.018	1.137	1.014	1.011	1.014	1.014	1.204	1.197	1.200	1.195	1.210	
1.073	1.006	1.006	1.058	1.020	1.089	1.007	1.005	1.070	1.019	1.104	1.009	1.007	1.069	1.018	1.124	1.012	1.009	1.019	1.017	1.138	1.014	1.012	1.014	1.014	1.201	1.198	1.200	1.196	1.213	
1.074	1.006	1.006	1.058	1.021	1.089	1.007	1.005	1.071	1.019	1.105	1.009	1.007	1.069	1.018	1.124	1.012	1.009	1.019	1.017	1.138	1.013	1.011	1.013	1.014	1.201	1.200	1.200	1.199	1.212	
1.075	1.007	1.006	1.058	1.021	1.089	1.007	1.006	1.071	1.020	1.106	1.010	1.007	1.068	1.017	1.125	1.012	1.008	1.019	1.018	1.138	1.013	1.011	1.012	1.014	1.201	1.202	1.199	1.201	1.212	
1.075	1.007	1.006	1.057	1.021	1.089	1.007	1.006	1.072	1.020	1.107	1.010	1.007	1.068	1.017	1.125	1.011	1.008	1.019	1.018	1.139	1.013	1.010	1.010	1.014	1.201	1.204	1.199	1.204	1.212	
1.076	1.007	1.006	1.057	1.021	1.089	1.006	1.007	1.072	1.021	1.108	1.010	1.007	1.067	1.016	1.125	1.011	1.007	1.019	1.018	1.139	1.012	1.009	1.009	1.014	1.200	1.206	1.198	1.206	1.211	
1.076	1.007	1.006	1.057	1.022	1.089	1.007	1.007	1.072	1.021	1.109	1.010	1.008	1.068	1.017	1.125	1.011	1.008	1.019	1.018	1.140	1.013	1.010	1.009	1.014	1.202	1.206	1.201	1.208	1.208	
1.075	1.006	1.006	1.057	1.022	1.089	1.007	1.006	1.071	1.021	1.110	1.010	1.008	1.068	1.017	1.126	1.012	1.008	1.019	1.019	1.140	1.013	1.010	1.010	1.014	1.203	1.206	1.204	1.210	1.205	
1.075	1.006	1.006	1.058	1.022	1.089	1.007	1.006	1.071	1.020	1.110	1.010	1.009	1.068	1.018	1.126	1.012	1.009	1.019	1.019	1.141	1.013	1.011	1.011	1.014	1.205	1.206	1.206	1.211	1.202	
1.075	1.006	1.006	1.058	1.023	1.089	1.007	1.006	1.071	1.020	1.111	1.010	1.010	1.068	1.018	1.126	1.012	1.009	1.019	1.019	1.142	1.013	1.011	1.011	1.014	1.206	1.207	1.209	1.213	1.199	
1.075	1.006	1.006	1.058	1.022	1.090	1.007	1.006	1.070	1.020	1.111	1.010	1.009	1.068	1.018	1.127	1.012	1.009	1.018	1.020	1.142	1.013	1.012	1.012	1.014	1.207	1.206	1.212	1.212	1.197	
1.075	1.005	1.006	1.058	1.022	1.090	1.007	1.006	1.070	1.020	1.110	1.010	1.009	1.069	1.018	1.127	1.011	1.009	1.017	1.020	1.142	1.013	1.012	1.012	1.014	1.208	1.205	1.215	1.210	1.195	
1.076	1.005	1.006	1.058	1.022	1.091	1.007	1.006	1.070	1.019	1.110	1.009	1.009	1.069	1.018	1.128	1.011	1.009	1.017	1.020	1.143	1.013	1.013	1.013	1.015	1.208	1.204	1.218	1.209	1.193	
1.076	1.005	1.006	1.057	1.022	1.091	1.007	1.005	1.070	1.019	1.110	1.009	1.008	1.069	1.018	1.129	1.011	1.009	1.016	1.020	1.143	1.013	1.013	1.014	1.015	1.209	1.204	1.221	1.208	1.192	
1.076	1.005	1.006	1.057	1.022	1.092	1.007	1.006	1.070	1.020	1.111	1.009	1.009	1.069	1.018	1.129	1.011	1.009	1.016	1.020	1.144	1.013	1.014	1.014	1.015	1.209	1.206	1.223	1.204	1.192	
1.077	1.005	1.006	1.057	1.022	1.092	1.008	1.006	1.070	1.020	1.111	1.009	1.009	1.068	1.018	1.129	1.010	1.009	1.017	1.019	1.144	1.012	1.014	1.013	1.015	1.209	1.208	1.225	1.200	1.192	
1.077	1.005	1.006	1.057	1.022	1.093	1.008	1.007	1.070	1.020	1.112	1.008	1.009	1.068	1.018	1.129	1.010	1.009	1.017	1.019	1.145	1.012	1.014	1.013	1.015	1.208	1.210	1.227	1.197	1.192	
1.078	1.005	1.006	1.057	1.021	1.093	1.009	1.007	1.070	1.021	1.112	1.008	1.010	1.068	1.018	1.129	1.009	1.009	1.018	1.018	1.145	1.011	1.015	1.012	1.015	1.208	1.212	1.229	1.193	1.192	
1.078	1.005	1.007	1.057	1.021	1.093	1.008	1.007	1.070	1.020	1.112	1.008	1.010	1.068	1.018	1.129	1.010	1.009	1.018	1.018	1.145	1.012	1.014	1.012	1.015	1.210	1.216	1.226	1.191	1.192	
1.079	1.005	1.007	1.057	1.021	1.094	1.008	1.007	1.070	1.020	1.112	1.008	1.010	1.069	1.018	1.130	1.010	1.009	1.018	1.019	1.145	1.012	1.014	1.012	1.015	1.211	1.220	1.223	1.189	1.193	
1.079	1.005	1.007	1.057	1.021	1.094	1.007	1.007	1.070	1.019	1.112	1.008	1.009	1.069	1.018	1.130	1.011	1.009	1.018	1.019	1.144	1.012	1.013	1.012	1.015	1.213	1.224	1.220	1.187	1.194	
1.080	1.005	1.007	1.057	1.021	1.094	1.006	1.007	1.070	1.019	1.112	1.008	1.009	1.069	1.019	1.131	1.011	1.010	1.018	1.019	1.144	1.012	1.013	1.012	1.015	1.214	1.228	1.217	1.185	1.194	
1.080	1.005	1.007	1.057	1.021	1.094	1.006	1.007	1.071	1.019	1.112	1.008	1.009	1.070	1.019	1.131	1.011	1.010	1.018	1.019	1.144	1.012	1.012	1.012	1.015	1.217	1.230	1.213	1.186	1.193	
1.080	1.004	1.007	1.057	1.021	1.094	1.005	1.007	1.071	1.019	1.113	1.008	1.009	1.070	1.019	1.131	1.011	1.010	1.019	1.019	1.145	1.012	1.011	1.012	1.015	1.219	1.232	1.209	1.187	1.191	
1.081	1.004	1.007	1.057	1.021	1.095	1.005	1.007	1.071	1.020	1.113	1.008	1.008	1.070	1.019	1.130	1.011	1.010	1.019	1.019	1.145	1.011	1.011	1.012	1.015	1.222	1.234	1.205	1.188	1.190	
1.081	1.004	1.007	1.057	1.021	1.095	1.005	1.007	1.071	1.020	1.114	1.008	1.008	1.071	1.019	1.130	1.011	1.011	1.019	1.019	1.146	1.011	1.010	1.012	1.016	1.225	1.236	1.201	1.189	1.188	
1.081	1.004	1.007	1.057	1.021	1.095	1.005	1.007	1.071	1.020	1.113	1.008	1.008	1.070	1.019	1.131	1.010	1.011	1.019	1.019	1.146	1.011	1.011	1.013	1.015	1.228	1.234	1.199	1.189	1.187	
1.081	1.005	1.008	1.057	1.021	1.095	1.006	1.008	1.071	1.021	1.112	1.008	1.008	1.070	1.020	1.132	1.010	1.010	1.019	1.019	1.146	1.012	1.011	1.013	1.015	1.232	1.233	1.197	1.190	1.185	
1.081	1.005	1.008	1.058	1.021	1.095	1.006	1.008	1.070	1.021	1.112	1.007	1.008	1.070	1.020	1.133	1.010	1.010	1.019	1.019	1.146	1.012	1.012	1.014	1.015	1.235	1.232	1.195	1.191	1.183	
1.081	1.005	1.009	1.058	1.022	1.095	1.007	1.009	1.070	1.022	1.111	1.007	1.008	1.070	1.020	1.133	1.010	1.010	1.019	1.019	1.146	1.012	1.012	1.014	1.014	1.239	1.231	1.193	1.192	1.181	
1.082	1.005	1.008	1.058	1.021	1.096	1.006	1.009	1.071	1.022	1.111	1.008	1.009	1.070	1.020	1.134	1.010	1.010	1.019	1.019	1.146	1.012	1.013	1.014	1.014	1.239	1.226	1.194	1.192	1.181	
1.082	1.006	1.008	1.059	1.021	1.097	1.006	1.009	1.071	1.021	1.112	1.008	1.009	1.070	1.020	1.134	1.010	1.010	1.018	1.019	1.146	1.012	1.014	1.013	1.014	1.239	1.221	1.194	1.191	1.181	
1.082	1.006	1.007	1.059	1.021	1.097	1.006	1.009	1.072	1.021	1.112	1.008	1.010	1.070	1.019	1.134	1.010	1.010	1.018	1.019	1.147	1.012	1.015	1.013	1.014	1.240	1.216	1.194	1.191	1.180	
1.083	1.006	1.007	1.060	1.021	1.098	1.006	1.009	1.073	1.021	1.113	1.008	1.011	1.070	1.019	1.134	1.009	1.010	1.018	1.019	1.147	1.012	1.016	1.012	1.014	1.240	1.211	1.194	1.190	1.180	
1.083	1.006	1.007	1.060	1.021	1.098	1.007	1.009	1.073	1.021	1.114	1.008	1.011	1.070	1.019	1.134	1.010	1.011	1.018	1.019	1.147	1.012	1.016	1.012	1.015	1.236	1.209	1.194	1.189	1.183	
1.083	1.006	1.007	1.060	1.021	1.098	1.007	1.009	1.073	1.021	1.114	1.008	1.011	1.070	1.019	1.135	1.010	1.011	1.019	1.020	1.147	1.012	1.015	1.012	1.015	1.233	1.207	1.194	1.188	1.186	
1.084	1.006	1.006	1.059	1.021	1.098	1.007	1.009	1.073	1.020	1.115	1.007	1.011	1.069	1.019	1.135	1.010	1.011	1.019	1.020	1.147	1.012	1.014	1.012	1.015	1.230	1.205	1.193	1.187	1.189	
1.084	1.006	1.006	1.059	1.021	1.098	1.007	1.009	1.073	1.020	1.116	1.007	1.011	1.069	1.019	1.136	1.011	1.012	1.019	1.020	1.148	1.011	1.014	1.012	1.015	1.226	1.203	1.193	1.187	1.192	
1.084	1.006	1.006	1.059	1.021	1.098	1.007	1.008	1.073	1.020	1.116	1.007	1.011	1.069	1.020	1.136	1.010	1.012	1.019	1.020	1.148	1.012	1.014	1.012	1.015	1.222	1.204	1.193	1.187	1.194	
1.085	1.006	1.007	1.059	1.021	1.099	1.006	1.008	1.073	1.020	1.117	1.008	1.010	1.068	1.020	1.136	1.010	1.013	1.018	1.020	1.148	1.012	1.014	1.012	1.016	1.218	1.204	1.193	1.188	1.195	
1.085	1.005	1.007	1.059	1.021	1.099	1.006	1.008	1.074	1.020	1.117	1.008	1.010	1.068	1.021	1.136	1.009	1.013	1.018	1.021	1.147	1.012	1.014	1.013	1.016	1.214	1.204	1.192	1.188	1.196	
1.086	1.005	1.007	1.059	1.022	1.099	1.005	1.007	1.074	1.021	1.117	1.009	1.009	1.068	1.021	1.136	1.009	1.014	1.018	1.021	1.147	1.013	1.014	1.013	1.016	1.210	1.205	1.192	1.189	1.198	
1.086	1.005	1.008	1.059	1.022	1.099	1.006	1.008	1.073	1.021	1.117	1.009	1.010	1.069	1.021	1.137	1.009	1.013	1.018	1.020	1.148	1.012	1.014	1.012	1.016	1.210	1.204	1.191	1.192	1.196	
1.087	1.005	1.008	1.059	1.022	1.099	1.006	1.009	1.073	1.022	1.117	1.009	1.010	1.070	1.021	1.137	1.009	1.013	1.018	1.020	1.148	1.012	1.014	1.012	1.016	1.209	1.204	1.189	1.195	1.195	
1.088	1.005	1.008	1.059	1.022	1.099	1.006	1.010	1.073	1.022	1.117	1.009	1.010	1.071	1.021	1.138	1.010	1.013	1.018	1.020	1.148	1.011	1.014	1.012	1.015	1.209	1.204	1.188	1.199	1.193	

#ExtraIF1STData
