!TDMS	067_5230500d00220016_calbase_70.tdms
!File	IFCalData
!Builder	CalStudio 1.1.0
!Time	2026/3/31 15:00
!Model	067
!APIVersion	0.55.75
!SGID	N5183B-MY62221440
#AdditionalDataCode	6
#IF2ND_TemperatureShiftNumber	1
#IF2ND_B0_TemperatureShift	4
#IF1ST_Comb	5	19219745
*IFGainAnalogIFBWGradeSize	1
*IFGainIFGainGradeSize	4
*IFGainTraceNumber	3
*IFGain_Temperature_T0	3057
*IFGain_Temperature_T1	4885
*IFGain_Temperature_T2	6873
#IFGain_T0	IFGain_T1	IFGain_T2	
-5.323	-5.275	-5.206	
-2.696	-2.690	-2.643	
0.000	0.000	0.000	
2.064	2.064	2.084	
*IF1STFrequency		3500000000	2450000000	1580000000	0	0	0	0	0
*IF2NDFrequency		312500000	0	0	0
*IQSampleRate	125000000
*IF1STBandNumber	3
*IF2NDBandNumber	1
*IF1STRespTraceNumber	9
*IF2NDRespTraceNumber	3
*IF1ST_Temperature_T0B0	3059
*IF1ST_Temperature_T0B1	3059
*IF1ST_Temperature_T0B2	3059
*IF1ST_Temperature_T1B0	4845
*IF1ST_Temperature_T1B1	4845
*IF1ST_Temperature_T1B2	4845
*IF1ST_Temperature_T2B0	6830
*IF1ST_Temperature_T2B1	6830
*IF1ST_Temperature_T2B2	6830
*IF2ND_Temperature_T0B0	3032
*IF2ND_Temperature_T1B0	4869
*IF2ND_Temperature_T2B0	6805
*BandPoints	2048
#IF1ST_T0B0	IF1ST_T0B1	IF1ST_T0B2	IF1ST_T1B0	IF1ST_T1B1	IF1ST_T1B2	IF1ST_T2B0	IF1ST_T2B1	IF1ST_T2B2	IF2ND_T0B0	IF2ND_T1B0	IF2ND_T2B0	
1.176	1.001	1.035	1.207	1.003	1.035	1.202	1.003	1.032	1.236	1.233	1.247	
1.176	1.001	1.034	1.208	1.004	1.035	1.203	1.003	1.033	1.237	1.235	1.243	
1.176	1.001	1.034	1.209	1.005	1.035	1.204	1.003	1.033	1.237	1.238	1.239	
1.176	1.002	1.034	1.210	1.006	1.034	1.205	1.003	1.034	1.238	1.240	1.235	
1.176	1.002	1.033	1.211	1.006	1.034	1.207	1.002	1.035	1.239	1.243	1.231	
1.176	1.002	1.034	1.211	1.006	1.034	1.207	1.002	1.034	1.242	1.242	1.228	
1.177	1.002	1.034	1.211	1.005	1.034	1.207	1.002	1.034	1.244	1.241	1.224	
1.177	1.002	1.034	1.211	1.005	1.034	1.207	1.002	1.033	1.247	1.240	1.221	
1.178	1.002	1.035	1.211	1.004	1.035	1.206	1.002	1.033	1.250	1.239	1.218	
1.178	1.002	1.035	1.212	1.004	1.034	1.206	1.002	1.033	1.251	1.235	1.216	
1.178	1.002	1.035	1.212	1.004	1.033	1.206	1.001	1.033	1.252	1.231	1.215	
1.178	1.002	1.034	1.213	1.004	1.032	1.206	1.001	1.032	1.254	1.228	1.213	
1.178	1.002	1.034	1.213	1.005	1.032	1.205	1.000	1.032	1.255	1.224	1.212	
1.179	1.002	1.034	1.214	1.005	1.032	1.206	1.001	1.032	1.252	1.222	1.211	
1.180	1.002	1.033	1.214	1.005	1.033	1.207	1.001	1.032	1.248	1.220	1.210	
1.180	1.002	1.033	1.214	1.005	1.034	1.207	1.001	1.032	1.245	1.217	1.210	
1.181	1.001	1.033	1.215	1.006	1.035	1.208	1.002	1.032	1.241	1.215	1.209	
1.181	1.001	1.033	1.215	1.006	1.035	1.208	1.002	1.033	1.237	1.215	1.208	
1.182	1.002	1.034	1.215	1.006	1.035	1.208	1.002	1.033	1.232	1.215	1.206	
1.183	1.002	1.035	1.215	1.006	1.035	1.207	1.003	1.033	1.228	1.215	1.204	
1.184	1.002	1.035	1.215	1.006	1.035	1.207	1.003	1.034	1.223	1.215	1.203	
1.184	1.002	1.035	1.215	1.005	1.036	1.207	1.003	1.033	1.222	1.216	1.201	
1.185	1.003	1.035	1.216	1.005	1.036	1.207	1.003	1.033	1.220	1.217	1.199	
1.185	1.003	1.035	1.216	1.005	1.036	1.207	1.003	1.033	1.218	1.218	1.197	
1.186	1.004	1.035	1.217	1.005	1.036	1.207	1.003	1.032	1.216	1.219	1.195	
1.187	1.003	1.035	1.217	1.005	1.036	1.207	1.003	1.032	1.216	1.218	1.196	
1.187	1.003	1.034	1.216	1.005	1.036	1.207	1.003	1.032	1.215	1.217	1.197	
1.188	1.003	1.034	1.216	1.005	1.036	1.207	1.003	1.032	1.215	1.216	1.198	
1.189	1.003	1.033	1.216	1.005	1.035	1.208	1.003	1.032	1.215	1.215	1.198	
1.189	1.003	1.034	1.216	1.005	1.035	1.208	1.003	1.032	1.215	1.213	1.201	
1.190	1.003	1.034	1.217	1.005	1.035	1.207	1.003	1.032	1.216	1.211	1.204	
1.191	1.004	1.034	1.217	1.005	1.035	1.207	1.003	1.032	1.216	1.209	1.207	
1.191	1.004	1.035	1.218	1.005	1.035	1.207	1.003	1.032	1.217	1.207	1.210	
1.192	1.004	1.035	1.217	1.005	1.035	1.207	1.003	1.033	1.216	1.207	1.213	
1.192	1.003	1.035	1.217	1.004	1.035	1.207	1.002	1.033	1.216	1.208	1.216	
1.193	1.003	1.035	1.217	1.004	1.035	1.207	1.002	1.034	1.215	1.208	1.219	
1.193	1.003	1.036	1.216	1.004	1.035	1.207	1.002	1.034	1.215	1.208	1.222	
1.194	1.003	1.036	1.217	1.004	1.035	1.206	1.002	1.034	1.214	1.211	1.222	
1.195	1.002	1.036	1.217	1.004	1.035	1.205	1.002	1.034	1.213	1.213	1.222	
1.196	1.002	1.035	1.217	1.004	1.035	1.205	1.001	1.034	1.213	1.215	1.222	
1.196	1.002	1.035	1.218	1.004	1.034	1.204	1.001	1.034	1.212	1.217	1.222	
1.196	1.002	1.035	1.219	1.004	1.035	1.204	1.001	1.034	1.214	1.219	1.219	
1.197	1.002	1.035	1.220	1.004	1.035	1.203	1.001	1.034	1.216	1.221	1.216	
1.197	1.002	1.035	1.220	1.004	1.035	1.203	1.001	1.034	1.218	1.222	1.213	
1.197	1.003	1.035	1.221	1.004	1.035	1.202	1.001	1.033	1.220	1.224	1.210	
1.197	1.002	1.035	1.221	1.004	1.035	1.202	1.001	1.033	1.223	1.222	1.207	
1.198	1.002	1.036	1.221	1.005	1.036	1.202	1.002	1.032	1.226	1.220	1.205	
1.198	1.002	1.036	1.221	1.006	1.036	1.202	1.002	1.032	1.229	1.218	1.202	
1.199	1.002	1.037	1.220	1.006	1.036	1.201	1.002	1.031	1.232	1.216	1.200	
1.199	1.002	1.037	1.220	1.006	1.036	1.203	1.002	1.032	1.233	1.212	1.200	
1.199	1.002	1.036	1.220	1.005	1.036	1.204	1.003	1.033	1.235	1.209	1.200	
1.199	1.002	1.036	1.220	1.004	1.036	1.205	1.003	1.033	1.237	1.205	1.200	
1.199	1.002	1.036	1.220	1.004	1.036	1.206	1.003	1.034	1.238	1.201	1.201	
1.199	1.002	1.036	1.220	1.004	1.037	1.205	1.003	1.034	1.236	1.198	1.202	
1.199	1.002	1.036	1.221	1.005	1.037	1.204	1.002	1.033	1.233	1.195	1.203	
1.199	1.002	1.036	1.221	1.005	1.037	1.203	1.002	1.033	1.231	1.192	1.204	
1.199	1.002	1.036	1.222	1.006	1.037	1.202	1.001	1.033	1.229	1.189	1.205	
1.199	1.002	1.036	1.221	1.006	1.037	1.202	1.002	1.033	1.225	1.189	1.204	
1.199	1.003	1.037	1.221	1.005	1.036	1.203	1.002	1.034	1.221	1.188	1.203	
1.199	1.003	1.037	1.220	1.005	1.035	1.203	1.002	1.034	1.217	1.188	1.202	
1.199	1.003	1.037	1.220	1.005	1.034	1.204	1.002	1.035	1.213	1.188	1.201	
1.199	1.003	1.037	1.219	1.005	1.035	1.203	1.002	1.034	1.210	1.189	1.198	
1.198	1.003	1.037	1.219	1.005	1.036	1.202	1.002	1.034	1.207	1.190	1.195	
1.198	1.003	1.036	1.219	1.004	1.036	1.202	1.001	1.034	1.204	1.192	1.192	
1.197	1.003	1.036	1.219	1.004	1.037	1.201	1.001	1.034	1.202	1.193	1.189	
1.198	1.002	1.036	1.219	1.004	1.036	1.202	1.001	1.034	1.201	1.192	1.189	
1.198	1.001	1.037	1.218	1.004	1.036	1.202	1.001	1.034	1.201	1.192	1.188	
1.199	1.001	1.037	1.217	1.004	1.035	1.202	1.002	1.034	1.201	1.191	1.187	
1.199	1.000	1.037	1.217	1.003	1.035	1.203	1.002	1.034	1.201	1.191	1.187	
1.200	1.001	1.037	1.217	1.003	1.035	1.202	1.002	1.034	1.201	1.189	1.188	
1.200	1.002	1.037	1.216	1.003	1.035	1.202	1.001	1.034	1.201	1.186	1.189	
1.200	1.003	1.037	1.216	1.003	1.035	1.202	1.001	1.035	1.201	1.184	1.191	
1.200	1.004	1.037	1.216	1.004	1.035	1.201	1.000	1.035	1.201	1.182	1.192	
1.200	1.003	1.037	1.216	1.004	1.035	1.201	1.000	1.035	1.199	1.182	1.192	
1.200	1.003	1.036	1.216	1.004	1.036	1.202	1.001	1.036	1.197	1.183	1.191	
1.201	1.002	1.036	1.216	1.004	1.036	1.202	1.001	1.036	1.195	1.183	1.191	
1.201	1.002	1.035	1.216	1.005	1.036	1.202	1.002	1.036	1.194	1.184	1.191	
1.201	1.002	1.035	1.215	1.005	1.036	1.202	1.001	1.036	1.191	1.186	1.189	
1.201	1.002	1.036	1.215	1.005	1.036	1.202	1.001	1.036	1.189	1.189	1.188	
1.201	1.003	1.036	1.215	1.005	1.036	1.201	1.001	1.036	1.187	1.191	1.186	
1.201	1.003	1.036	1.215	1.005	1.036	1.201	1.001	1.036	1.185	1.194	1.185	
1.201	1.002	1.036	1.215	1.005	1.036	1.201	1.001	1.036	1.185	1.196	1.181	
1.201	1.002	1.036	1.214	1.005	1.037	1.201	1.001	1.036	1.185	1.197	1.177	
1.201	1.001	1.036	1.214	1.006	1.037	1.201	1.001	1.036	1.184	1.199	1.173	
1.201	1.000	1.036	1.214	1.006	1.037	1.201	1.001	1.036	1.184	1.200	1.168	
1.201	1.001	1.036	1.214	1.005	1.037	1.201	1.002	1.036	1.187	1.199	1.167	
1.201	1.002	1.036	1.214	1.005	1.037	1.201	1.002	1.036	1.189	1.197	1.165	
1.201	1.002	1.036	1.214	1.004	1.037	1.201	1.002	1.036	1.192	1.195	1.163	
1.200	1.003	1.037	1.214	1.004	1.037	1.201	1.002	1.036	1.194	1.193	1.161	
1.200	1.003	1.037	1.214	1.004	1.037	1.201	1.003	1.036	1.195	1.190	1.161	
1.200	1.003	1.037	1.213	1.004	1.037	1.201	1.003	1.037	1.195	1.187	1.162	
1.200	1.004	1.038	1.213	1.004	1.037	1.200	1.003	1.037	1.196	1.184	1.163	
1.200	1.004	1.038	1.213	1.004	1.037	1.200	1.003	1.038	1.197	1.182	1.163	
1.199	1.003	1.038	1.213	1.004	1.037	1.199	1.003	1.037	1.195	1.179	1.165	
1.199	1.003	1.038	1.214	1.005	1.037	1.198	1.003	1.036	1.193	1.177	1.167	
1.198	1.002	1.037	1.214	1.005	1.036	1.198	1.002	1.035	1.191	1.174	1.169	
1.198	1.002	1.037	1.214	1.005	1.036	1.197	1.002	1.035	1.190	1.172	1.171	
1.198	1.002	1.037	1.214	1.005	1.036	1.197	1.002	1.034	1.187	1.173	1.171	
1.198	1.003	1.037	1.215	1.005	1.037	1.197	1.002	1.034	1.185	1.174	1.171	
1.197	1.004	1.038	1.215	1.005	1.037	1.198	1.003	1.034	1.182	1.174	1.171	
1.197	1.004	1.038	1.215	1.005	1.037	1.198	1.003	1.034	1.180	1.175	1.171	
1.197	1.004	1.038	1.215	1.005	1.038	1.198	1.003	1.034	1.179	1.175	1.168	
1.196	1.004	1.039	1.214	1.005	1.038	1.199	1.003	1.035	1.178	1.176	1.165	
1.196	1.004	1.039	1.214	1.005	1.038	1.199	1.004	1.035	1.177	1.176	1.163	
1.195	1.004	1.039	1.214	1.005	1.038	1.199	1.004	1.036	1.176	1.176	1.160	
1.195	1.004	1.039	1.214	1.005	1.039	1.199	1.004	1.036	1.179	1.175	1.159	
1.195	1.003	1.039	1.214	1.005	1.039	1.198	1.004	1.036	1.181	1.174	1.157	
1.195	1.003	1.039	1.214	1.005	1.039	1.198	1.003	1.036	1.183	1.172	1.156	
1.194	1.003	1.038	1.213	1.004	1.039	1.198	1.003	1.036	1.185	1.171	1.155	
1.194	1.003	1.038	1.213	1.005	1.039	1.198	1.003	1.036	1.187	1.167	1.157	
1.194	1.003	1.038	1.213	1.005	1.038	1.199	1.003	1.036	1.188	1.164	1.159	
1.194	1.004	1.038	1.213	1.005	1.038	1.199	1.003	1.036	1.189	1.160	1.161	
1.194	1.004	1.039	1.213	1.005	1.037	1.200	1.003	1.036	1.191	1.156	1.163	
1.194	1.004	1.039	1.212	1.005	1.038	1.200	1.003	1.036	1.189	1.154	1.165	
1.194	1.003	1.039	1.212	1.005	1.038	1.200	1.003	1.036	1.188	1.151	1.167	
1.194	1.003	1.039	1.212	1.006	1.039	1.201	1.003	1.037	1.186	1.149	1.168	
1.194	1.003	1.039	1.211	1.006	1.039	1.201	1.003	1.037	1.185	1.147	1.170	
1.194	1.004	1.039	1.211	1.006	1.039	1.201	1.003	1.037	1.181	1.148	1.169	
1.194	1.004	1.039	1.211	1.005	1.039	1.202	1.003	1.037	1.177	1.148	1.169	
1.194	1.004	1.039	1.211	1.005	1.039	1.202	1.003	1.037	1.173	1.149	1.168	
1.195	1.005	1.039	1.211	1.005	1.039	1.202	1.003	1.038	1.168	1.150	1.168	
1.194	1.004	1.039	1.211	1.005	1.039	1.202	1.002	1.037	1.167	1.152	1.165	
1.194	1.004	1.039	1.211	1.004	1.039	1.203	1.002	1.037	1.165	1.153	1.162	
1.193	1.003	1.038	1.211	1.004	1.039	1.203	1.001	1.036	1.163	1.154	1.159	
1.193	1.003	1.038	1.211	1.004	1.039	1.203	1.000	1.036	1.162	1.156	1.155	
1.193	1.003	1.038	1.211	1.004	1.039	1.203	1.001	1.036	1.163	1.155	1.154	
1.194	1.003	1.039	1.211	1.004	1.040	1.203	1.001	1.037	1.163	1.155	1.152	
1.194	1.003	1.039	1.211	1.005	1.040	1.203	1.001	1.037	1.164	1.155	1.150	
1.194	1.003	1.039	1.211	1.005	1.040	1.204	1.001	1.037	1.165	1.154	1.149	
1.194	1.003	1.039	1.211	1.005	1.040	1.204	1.002	1.038	1.165	1.151	1.149	
1.194	1.002	1.038	1.212	1.005	1.039	1.204	1.002	1.038	1.166	1.148	1.149	
1.194	1.002	1.038	1.212	1.005	1.039	1.204	1.003	1.038	1.166	1.144	1.150	
1.193	1.002	1.037	1.212	1.005	1.039	1.204	1.004	1.038	1.166	1.141	1.150	
1.193	1.002	1.038	1.212	1.005	1.039	1.204	1.003	1.038	1.164	1.141	1.150	
1.193	1.003	1.038	1.212	1.005	1.039	1.204	1.003	1.038	1.162	1.141	1.150	
1.192	1.003	1.039	1.212	1.005	1.039	1.205	1.003	1.038	1.160	1.140	1.151	
1.192	1.003	1.040	1.212	1.005	1.040	1.205	1.002	1.038	1.158	1.140	1.151	
1.192	1.003	1.040	1.212	1.005	1.040	1.205	1.002	1.038	1.154	1.141	1.148	
1.193	1.003	1.040	1.213	1.005	1.040	1.206	1.002	1.037	1.150	1.142	1.145	
1.193	1.003	1.040	1.213	1.005	1.040	1.206	1.002	1.037	1.146	1.143	1.141	
1.193	1.002	1.039	1.213	1.005	1.040	1.207	1.001	1.036	1.142	1.144	1.138	
1.193	1.002	1.040	1.213	1.005	1.040	1.206	1.001	1.037	1.141	1.146	1.134	
1.194	1.003	1.040	1.213	1.005	1.040	1.206	1.001	1.037	1.140	1.148	1.130	
1.194	1.003	1.040	1.213	1.005	1.040	1.205	1.001	1.038	1.139	1.150	1.126	
1.194	1.003	1.040	1.213	1.005	1.039	1.204	1.001	1.039	1.138	1.151	1.123	
1.193	1.002	1.040	1.213	1.005	1.040	1.205	1.001	1.039	1.139	1.150	1.121	
1.193	1.002	1.040	1.213	1.005	1.040	1.206	1.001	1.039	1.141	1.149	1.120	
1.192	1.002	1.040	1.214	1.004	1.040	1.206	1.001	1.039	1.142	1.148	1.119	
1.192	1.002	1.040	1.214	1.004	1.040	1.207	1.001	1.039	1.143	1.146	1.118	
1.192	1.002	1.040	1.214	1.004	1.040	1.207	1.001	1.040	1.145	1.143	1.120	
1.191	1.002	1.040	1.214	1.004	1.040	1.207	1.002	1.040	1.146	1.140	1.121	
1.191	1.002	1.040	1.215	1.004	1.040	1.207	1.002	1.041	1.147	1.136	1.123	
1.191	1.002	1.040	1.215	1.004	1.039	1.207	1.003	1.042	1.148	1.133	1.125	
1.191	1.002	1.041	1.215	1.004	1.040	1.207	1.002	1.041	1.147	1.132	1.127	
1.192	1.002	1.041	1.215	1.004	1.040	1.207	1.002	1.040	1.145	1.130	1.129	
1.192	1.001	1.042	1.214	1.005	1.041	1.207	1.001	1.040	1.144	1.129	1.131	
1.193	1.001	1.042	1.214	1.005	1.041	1.207	1.001	1.039	1.142	1.127	1.133	
1.193	1.001	1.042	1.214	1.005	1.041	1.207	1.001	1.039	1.140	1.129	1.133	
1.192	1.002	1.042	1.215	1.005	1.041	1.207	1.001	1.039	1.137	1.130	1.133	
1.192	1.002	1.042	1.215	1.006	1.041	1.207	1.002	1.040	1.135	1.131	1.132	
1.192	1.002	1.042	1.216	1.006	1.041	1.207	1.002	1.040	1.132	1.133	1.132	
1.192	1.003	1.041	1.216	1.006	1.041	1.207	1.002	1.040	1.133	1.134	1.129	
1.192	1.003	1.039	1.216	1.006	1.041	1.208	1.002	1.039	1.133	1.136	1.126	
1.192	1.003	1.038	1.216	1.006	1.040	1.209	1.002	1.039	1.133	1.138	1.123	
1.192	1.003	1.036	1.216	1.006	1.040	1.210	1.002	1.039	1.134	1.139	1.121	
1.192	1.003	1.037	1.217	1.006	1.040	1.210	1.002	1.038	1.136	1.137	1.118	
1.193	1.003	1.037	1.218	1.006	1.039	1.210	1.002	1.038	1.137	1.136	1.116	
1.193	1.003	1.038	1.219	1.007	1.039	1.209	1.002	1.038	1.139	1.134	1.114	
1.193	1.003	1.038	1.220	1.007	1.038	1.209	1.002	1.037	1.141	1.132	1.112	
1.193	1.003	1.038	1.220	1.006	1.039	1.210	1.002	1.038	1.144	1.127	1.113	
1.193	1.003	1.038	1.219	1.006	1.039	1.210	1.002	1.038	1.146	1.122	1.114	
1.193	1.003	1.038	1.218	1.005	1.039	1.211	1.002	1.039	1.149	1.118	1.115	
1.193	1.003	1.038	1.217	1.005	1.039	1.211	1.002	1.040	1.151	1.113	1.115	
1.193	1.003	1.039	1.218	1.005	1.039	1.211	1.002	1.039	1.149	1.111	1.117	
1.194	1.003	1.039	1.218	1.005	1.040	1.211	1.002	1.039	1.147	1.108	1.118	
1.194	1.004	1.039	1.218	1.005	1.040	1.211	1.003	1.039	1.145	1.106	1.120	
1.194	1.004	1.040	1.219	1.005	1.040	1.212	1.003	1.038	1.143	1.103	1.121	
1.195	1.004	1.040	1.219	1.005	1.040	1.212	1.003	1.038	1.139	1.103	1.120	
1.195	1.005	1.039	1.219	1.005	1.040	1.212	1.003	1.037	1.135	1.103	1.119	
1.195	1.005	1.039	1.219	1.005	1.039	1.212	1.003	1.036	1.131	1.103	1.117	
1.196	1.005	1.039	1.219	1.006	1.039	1.212	1.004	1.035	1.127	1.103	1.116	
1.196	1.005	1.039	1.220	1.005	1.039	1.212	1.003	1.037	1.123	1.104	1.114	
1.196	1.004	1.039	1.220	1.005	1.039	1.213	1.003	1.038	1.120	1.105	1.111	
1.196	1.004	1.039	1.220	1.005	1.039	1.214	1.002	1.039	1.117	1.106	1.109	
1.197	1.003	1.040	1.220	1.005	1.039	1.214	1.002	1.041	1.114	1.107	1.107	
1.196	1.004	1.039	1.220	1.005	1.039	1.214	1.002	1.040	1.113	1.107	1.107	
1.196	1.004	1.039	1.220	1.006	1.040	1.214	1.002	1.040	1.113	1.107	1.107	
1.195	1.004	1.039	1.221	1.007	1.040	1.214	1.002	1.040	1.113	1.107	1.107	
1.195	1.004	1.039	1.221	1.007	1.040	1.214	1.002	1.039	1.113	1.106	1.107	
1.196	1.004	1.040	1.221	1.007	1.040	1.214	1.002	1.039	1.113	1.105	1.110	
1.197	1.005	1.040	1.222	1.006	1.040	1.215	1.003	1.039	1.113	1.103	1.113	
1.198	1.005	1.041	1.222	1.006	1.040	1.216	1.003	1.039	1.113	1.101	1.116	
1.199	1.005	1.041	1.223	1.006	1.039	1.217	1.003	1.039	1.113	1.099	1.119	
1.199	1.005	1.041	1.223	1.006	1.040	1.217	1.003	1.039	1.111	1.100	1.121	
1.199	1.005	1.040	1.224	1.006	1.040	1.217	1.003	1.040	1.109	1.101	1.123	
1.199	1.005	1.039	1.224	1.006	1.040	1.217	1.003	1.040	1.107	1.103	1.126	
1.199	1.005	1.039	1.225	1.006	1.040	1.216	1.003	1.040	1.105	1.104	1.128	
1.199	1.005	1.039	1.225	1.006	1.040	1.217	1.003	1.040	1.103	1.107	1.126	
1.198	1.005	1.039	1.224	1.007	1.041	1.217	1.003	1.039	1.102	1.110	1.123	
1.198	1.005	1.039	1.224	1.007	1.041	1.218	1.003	1.039	1.100	1.114	1.121	
1.198	1.005	1.040	1.224	1.007	1.041	1.218	1.004	1.038	1.099	1.117	1.119	
1.198	1.005	1.040	1.225	1.007	1.041	1.218	1.003	1.039	1.100	1.121	1.114	
1.198	1.005	1.041	1.225	1.007	1.042	1.217	1.003	1.040	1.101	1.125	1.109	
1.199	1.005	1.042	1.225	1.007	1.042	1.217	1.003	1.041	1.102	1.129	1.104	
1.199	1.005	1.042	1.226	1.007	1.043	1.216	1.003	1.042	1.103	1.133	1.098	
1.199	1.005	1.042	1.225	1.007	1.043	1.217	1.003	1.041	1.106	1.131	1.094	
1.200	1.006	1.042	1.225	1.006	1.043	1.217	1.003	1.040	1.110	1.129	1.089	
1.200	1.006	1.042	1.224	1.006	1.043	1.218	1.004	1.040	1.114	1.127	1.084	
1.200	1.006	1.041	1.224	1.006	1.043	1.219	1.004	1.039	1.118	1.125	1.079	
1.200	1.006	1.042	1.224	1.006	1.043	1.219	1.004	1.040	1.121	1.119	1.078	
1.201	1.006	1.042	1.225	1.006	1.043	1.218	1.004	1.040	1.125	1.114	1.077	
1.201	1.006	1.043	1.226	1.006	1.043	1.218	1.004	1.041	1.128	1.109	1.076	
1.201	1.007	1.043	1.226	1.006	1.043	1.218	1.004	1.041	1.131	1.103	1.075	
1.201	1.006	1.043	1.227	1.006	1.043	1.218	1.004	1.041	1.129	1.098	1.076	
1.201	1.006	1.043	1.227	1.006	1.043	1.218	1.003	1.041	1.128	1.093	1.077	
1.201	1.005	1.043	1.227	1.005	1.043	1.219	1.002	1.041	1.126	1.089	1.078	
1.201	1.005	1.043	1.228	1.005	1.043	1.219	1.002	1.040	1.125	1.084	1.079	
1.201	1.005	1.043	1.228	1.005	1.043	1.219	1.002	1.041	1.120	1.082	1.079	
1.201	1.005	1.043	1.228	1.005	1.044	1.219	1.001	1.042	1.115	1.081	1.078	
1.201	1.005	1.043	1.228	1.006	1.044	1.220	1.001	1.042	1.110	1.079	1.077	
1.202	1.005	1.043	1.228	1.006	1.044	1.220	1.001	1.043	1.106	1.078	1.077	
1.202	1.005	1.044	1.228	1.006	1.044	1.221	1.002	1.043	1.101	1.078	1.076	
1.202	1.005	1.044	1.228	1.005	1.044	1.221	1.003	1.042	1.097	1.078	1.076	
1.202	1.005	1.044	1.228	1.005	1.043	1.222	1.003	1.041	1.092	1.079	1.075	
1.203	1.004	1.044	1.229	1.005	1.043	1.223	1.004	1.041	1.088	1.079	1.075	
1.203	1.005	1.044	1.229	1.005	1.043	1.222	1.004	1.041	1.088	1.077	1.077	
1.203	1.005	1.043	1.230	1.005	1.044	1.222	1.004	1.042	1.087	1.076	1.078	
1.203	1.006	1.043	1.230	1.006	1.044	1.222	1.004	1.042	1.086	1.075	1.080	
1.203	1.006	1.042	1.231	1.006	1.044	1.222	1.004	1.042	1.086	1.073	1.081	
1.203	1.006	1.043	1.231	1.006	1.044	1.222	1.004	1.043	1.087	1.072	1.088	
1.203	1.005	1.043	1.230	1.006	1.044	1.222	1.003	1.043	1.088	1.071	1.094	
1.203	1.005	1.044	1.230	1.006	1.045	1.222	1.003	1.044	1.089	1.069	1.100	
1.204	1.005	1.044	1.230	1.006	1.045	1.222	1.002	1.044	1.090	1.068	1.106	
1.204	1.005	1.044	1.230	1.007	1.045	1.222	1.002	1.044	1.088	1.069	1.111	
1.204	1.005	1.045	1.230	1.007	1.045	1.223	1.002	1.044	1.086	1.070	1.115	
1.205	1.005	1.045	1.231	1.008	1.044	1.223	1.002	1.044	1.084	1.071	1.119	
1.205	1.006	1.045	1.231	1.008	1.044	1.223	1.002	1.044	1.082	1.072	1.123	
1.205	1.006	1.045	1.232	1.007	1.044	1.223	1.002	1.044	1.081	1.078	1.122	
1.205	1.006	1.045	1.232	1.007	1.044	1.224	1.003	1.043	1.080	1.083	1.120	
1.205	1.006	1.045	1.233	1.006	1.044	1.224	1.003	1.043	1.079	1.089	1.118	
1.205	1.006	1.045	1.233	1.006	1.044	1.224	1.004	1.042	1.078	1.095	1.117	
1.206	1.005	1.045	1.234	1.006	1.045	1.225	1.004	1.043	1.080	1.099	1.111	
1.207	1.005	1.046	1.234	1.006	1.045	1.225	1.004	1.044	1.081	1.104	1.105	
1.207	1.005	1.046	1.234	1.005	1.046	1.226	1.004	1.045	1.082	1.109	1.099	
1.208	1.005	1.046	1.234	1.005	1.046	1.226	1.004	1.046	1.084	1.113	1.093	
1.208	1.006	1.046	1.235	1.006	1.046	1.226	1.004	1.046	1.089	1.113	1.088	
1.208	1.006	1.046	1.235	1.006	1.046	1.225	1.004	1.046	1.094	1.112	1.084	
1.208	1.007	1.046	1.235	1.007	1.046	1.225	1.004	1.046	1.100	1.112	1.079	
1.208	1.007	1.046	1.235	1.008	1.045	1.224	1.003	1.046	1.105	1.111	1.074	
1.209	1.007	1.046	1.235	1.007	1.046	1.225	1.003	1.046	1.108	1.106	1.074	
1.209	1.006	1.046	1.235	1.007	1.047	1.226	1.003	1.045	1.111	1.100	1.073	
1.209	1.006	1.046	1.235	1.007	1.047	1.227	1.002	1.045	1.114	1.095	1.072	
1.210	1.006	1.046	1.234	1.007	1.048	1.228	1.002	1.045	1.117	1.090	1.072	
1.210	1.006	1.046	1.235	1.007	1.048	1.227	1.003	1.044	1.116	1.086	1.072	
1.210	1.005	1.046	1.235	1.007	1.048	1.227	1.003	1.044	1.114	1.082	1.072	
1.210	1.005	1.047	1.235	1.007	1.048	1.226	1.004	1.044	1.113	1.078	1.072	
1.211	1.005	1.047	1.235	1.008	1.048	1.226	1.005	1.043	1.111	1.074	1.072	
1.210	1.005	1.047	1.236	1.008	1.048	1.226	1.004	1.045	1.106	1.074	1.070	
1.210	1.005	1.047	1.236	1.007	1.048	1.226	1.003	1.046	1.100	1.074	1.068	
1.210	1.006	1.047	1.237	1.007	1.047	1.226	1.003	1.047	1.095	1.074	1.066	
1.210	1.006	1.047	1.237	1.007	1.047	1.226	1.002	1.048	1.089	1.074	1.064	
1.210	1.006	1.047	1.238	1.007	1.047	1.226	1.003	1.048	1.085	1.075	1.061	
1.211	1.006	1.048	1.238	1.006	1.047	1.227	1.003	1.048	1.080	1.076	1.059	
1.212	1.006	1.049	1.238	1.006	1.048	1.227	1.003	1.048	1.076	1.076	1.056	
1.212	1.005	1.049	1.239	1.005	1.048	1.228	1.004	1.048	1.072	1.077	1.054	
1.212	1.005	1.049	1.239	1.006	1.048	1.228	1.004	1.048	1.072	1.076	1.055	
1.213	1.005	1.049	1.239	1.007	1.048	1.229	1.005	1.048	1.073	1.074	1.055	
1.213	1.005	1.049	1.239	1.007	1.048	1.229	1.005	1.048	1.073	1.073	1.056	
1.213	1.005	1.049	1.239	1.008	1.048	1.230	1.006	1.048	1.074	1.071	1.057	
1.213	1.005	1.049	1.239	1.008	1.048	1.230	1.005	1.048	1.075	1.069	1.060	
1.214	1.005	1.048	1.239	1.008	1.048	1.230	1.005	1.048	1.076	1.066	1.064	
1.214	1.005	1.048	1.239	1.008	1.048	1.230	1.005	1.048	1.077	1.064	1.068	
1.214	1.005	1.048	1.239	1.007	1.048	1.230	1.005	1.048	1.079	1.061	1.071	
1.215	1.005	1.048	1.239	1.008	1.048	1.230	1.005	1.048	1.077	1.061	1.075	
1.215	1.006	1.048	1.239	1.008	1.049	1.230	1.004	1.048	1.075	1.061	1.079	
1.215	1.006	1.048	1.239	1.008	1.049	1.231	1.004	1.048	1.074	1.060	1.083	
1.215	1.006	1.048	1.239	1.008	1.049	1.231	1.004	1.049	1.072	1.060	1.087	
1.215	1.006	1.048	1.239	1.008	1.050	1.231	1.005	1.050	1.071	1.064	1.086	
1.214	1.005	1.048	1.240	1.008	1.050	1.231	1.005	1.050	1.069	1.067	1.086	
1.213	1.005	1.048	1.240	1.008	1.050	1.230	1.005	1.051	1.068	1.070	1.086	
1.213	1.005	1.048	1.241	1.008	1.050	1.230	1.005	1.052	1.066	1.074	1.085	
1.214	1.005	1.048	1.241	1.008	1.050	1.231	1.005	1.052	1.067	1.076	1.082	
1.215	1.005	1.049	1.241	1.008	1.051	1.232	1.004	1.051	1.068	1.079	1.078	
1.216	1.005	1.049	1.241	1.008	1.051	1.232	1.003	1.051	1.069	1.082	1.074	
1.217	1.006	1.049	1.242	1.008	1.052	1.233	1.002	1.050	1.070	1.084	1.071	
1.216	1.006	1.050	1.242	1.008	1.052	1.233	1.003	1.050	1.074	1.083	1.069	
1.216	1.006	1.050	1.243	1.008	1.052	1.234	1.003	1.049	1.078	1.081	1.068	
1.216	1.006	1.050	1.243	1.008	1.053	1.234	1.004	1.049	1.082	1.080	1.066	
1.216	1.006	1.050	1.244	1.009	1.053	1.234	1.005	1.049	1.086	1.078	1.065	
1.216	1.007	1.051	1.244	1.008	1.053	1.234	1.004	1.049	1.089	1.075	1.066	
1.216	1.007	1.051	1.244	1.008	1.053	1.234	1.004	1.050	1.091	1.071	1.068	
1.216	1.007	1.051	1.244	1.007	1.053	1.233	1.004	1.050	1.094	1.068	1.069	
1.217	1.007	1.051	1.244	1.007	1.053	1.233	1.003	1.051	1.097	1.064	1.071	
1.217	1.007	1.050	1.244	1.007	1.053	1.234	1.003	1.051	1.095	1.062	1.073	
1.218	1.007	1.050	1.244	1.007	1.053	1.234	1.004	1.051	1.094	1.060	1.075	
1.218	1.007	1.050	1.245	1.008	1.052	1.235	1.004	1.052	1.093	1.058	1.077	
1.219	1.007	1.050	1.245	1.008	1.052	1.235	1.004	1.052	1.091	1.055	1.079	
1.219	1.007	1.050	1.245	1.008	1.053	1.235	1.004	1.052	1.086	1.057	1.077	
1.220	1.006	1.050	1.245	1.007	1.054	1.235	1.004	1.052	1.081	1.059	1.075	
1.220	1.006	1.050	1.245	1.006	1.055	1.235	1.004	1.052	1.076	1.061	1.073	
1.221	1.006	1.051	1.246	1.006	1.056	1.234	1.004	1.052	1.071	1.062	1.071	
1.221	1.006	1.051	1.246	1.007	1.055	1.235	1.004	1.052	1.069	1.065	1.066	
1.221	1.006	1.051	1.246	1.007	1.055	1.235	1.004	1.053	1.066	1.068	1.062	
1.221	1.007	1.052	1.246	1.008	1.055	1.236	1.004	1.053	1.064	1.071	1.057	
1.221	1.007	1.052	1.247	1.009	1.055	1.236	1.003	1.053	1.061	1.074	1.053	
1.221	1.006	1.052	1.247	1.009	1.055	1.236	1.004	1.053	1.063	1.073	1.051	
1.221	1.006	1.052	1.247	1.008	1.054	1.236	1.004	1.052	1.064	1.073	1.050	
1.221	1.006	1.052	1.247	1.008	1.054	1.235	1.004	1.052	1.066	1.072	1.049	
1.221	1.005	1.052	1.247	1.007	1.054	1.235	1.004	1.051	1.068	1.072	1.047	
1.222	1.005	1.052	1.247	1.008	1.054	1.236	1.004	1.051	1.070	1.068	1.050	
1.222	1.005	1.052	1.247	1.008	1.054	1.237	1.004	1.052	1.071	1.065	1.053	
1.223	1.005	1.052	1.247	1.009	1.055	1.238	1.004	1.052	1.073	1.061	1.056	
1.223	1.006	1.052	1.247	1.009	1.055	1.239	1.004	1.052	1.075	1.058	1.059	
1.223	1.006	1.053	1.247	1.009	1.055	1.238	1.004	1.053	1.074	1.057	1.062	
1.224	1.006	1.053	1.247	1.010	1.055	1.238	1.005	1.053	1.072	1.056	1.065	
1.224	1.007	1.053	1.247	1.010	1.055	1.238	1.006	1.053	1.071	1.056	1.067	
1.224	1.007	1.054	1.247	1.010	1.055	1.237	1.006	1.054	1.069	1.055	1.070	
1.224	1.007	1.054	1.247	1.010	1.056	1.238	1.006	1.053	1.066	1.058	1.068	
1.224	1.008	1.054	1.247	1.009	1.056	1.238	1.006	1.053	1.063	1.062	1.067	
1.225	1.008	1.054	1.247	1.009	1.056	1.239	1.006	1.053	1.060	1.065	1.065	
1.225	1.008	1.054	1.247	1.009	1.057	1.239	1.006	1.052	1.056	1.069	1.064	
1.225	1.008	1.055	1.248	1.009	1.057	1.239	1.006	1.053	1.056	1.072	1.060	
1.225	1.007	1.055	1.248	1.009	1.057	1.239	1.006	1.054	1.056	1.076	1.056	
1.225	1.007	1.055	1.248	1.009	1.058	1.239	1.005	1.055	1.055	1.079	1.052	
1.226	1.006	1.056	1.249	1.009	1.058	1.239	1.005	1.056	1.055	1.083	1.048	
1.225	1.006	1.056	1.249	1.009	1.058	1.239	1.005	1.056	1.059	1.081	1.047	
1.225	1.006	1.056	1.249	1.009	1.058	1.239	1.005	1.056	1.063	1.079	1.046	
1.225	1.006	1.056	1.250	1.010	1.058	1.239	1.005	1.057	1.067	1.077	1.044	
1.224	1.006	1.055	1.250	1.010	1.058	1.239	1.006	1.057	1.071	1.075	1.043	
1.224	1.007	1.056	1.250	1.010	1.059	1.239	1.005	1.057	1.076	1.070	1.047	
1.224	1.007	1.056	1.250	1.009	1.059	1.240	1.005	1.058	1.080	1.066	1.051	
1.224	1.007	1.057	1.250	1.009	1.059	1.240	1.005	1.058	1.084	1.061	1.055	
1.224	1.007	1.057	1.251	1.009	1.059	1.241	1.005	1.059	1.088	1.057	1.059	
1.224	1.008	1.057	1.251	1.009	1.059	1.241	1.005	1.059	1.087	1.054	1.063	
1.225	1.008	1.057	1.252	1.009	1.059	1.242	1.004	1.058	1.086	1.052	1.067	
1.225	1.008	1.057	1.252	1.009	1.059	1.242	1.004	1.058	1.085	1.050	1.070	
1.226	1.008	1.058	1.253	1.008	1.059	1.243	1.004	1.057	1.084	1.047	1.074	
1.226	1.008	1.058	1.253	1.008	1.059	1.243	1.004	1.057	1.080	1.049	1.074	
1.226	1.008	1.058	1.253	1.008	1.059	1.243	1.005	1.058	1.076	1.050	1.074	
1.227	1.007	1.058	1.253	1.008	1.059	1.243	1.005	1.058	1.072	1.052	1.074	
1.227	1.007	1.059	1.253	1.008	1.060	1.243	1.005	1.058	1.068	1.053	1.074	
1.227	1.007	1.058	1.253	1.009	1.060	1.242	1.005	1.058	1.066	1.056	1.072	
1.227	1.007	1.058	1.252	1.009	1.060	1.242	1.004	1.059	1.064	1.059	1.069	
1.227	1.008	1.058	1.252	1.010	1.060	1.241	1.004	1.060	1.062	1.061	1.067	
1.227	1.008	1.058	1.252	1.010	1.061	1.241	1.004	1.060	1.060	1.064	1.064	
1.228	1.008	1.058	1.253	1.010	1.061	1.241	1.004	1.060	1.063	1.063	1.064	
1.228	1.008	1.058	1.254	1.010	1.061	1.242	1.005	1.059	1.065	1.062	1.064	
1.228	1.008	1.058	1.254	1.010	1.061	1.242	1.005	1.059	1.067	1.061	1.064	
1.229	1.008	1.058	1.255	1.010	1.061	1.243	1.006	1.058	1.069	1.060	1.063	
1.229	1.008	1.059	1.255	1.010	1.061	1.243	1.006	1.059	1.072	1.057	1.068	
1.229	1.008	1.060	1.256	1.009	1.061	1.243	1.005	1.060	1.074	1.055	1.072	
1.229	1.008	1.061	1.256	1.009	1.061	1.243	1.005	1.060	1.077	1.052	1.077	
1.230	1.008	1.061	1.256	1.009	1.061	1.243	1.005	1.061	1.079	1.050	1.081	
1.230	1.008	1.061	1.256	1.010	1.061	1.244	1.005	1.062	1.077	1.049	1.084	
1.230	1.008	1.062	1.256	1.010	1.062	1.244	1.004	1.062	1.075	1.049	1.088	
1.230	1.007	1.062	1.256	1.010	1.062	1.245	1.004	1.062	1.073	1.049	1.091	
1.231	1.007	1.062	1.255	1.011	1.063	1.246	1.004	1.063	1.071	1.049	1.094	
1.231	1.007	1.062	1.256	1.011	1.063	1.245	1.004	1.063	1.068	1.053	1.090	
1.231	1.007	1.062	1.257	1.011	1.063	1.245	1.004	1.063	1.064	1.058	1.087	
1.231	1.008	1.062	1.258	1.010	1.063	1.245	1.004	1.064	1.060	1.063	1.083	
1.231	1.008	1.062	1.259	1.010	1.063	1.244	1.004	1.064	1.056	1.067	1.079	
1.232	1.008	1.062	1.258	1.010	1.064	1.245	1.005	1.063	1.056	1.072	1.073	
1.232	1.008	1.062	1.258	1.010	1.064	1.246	1.005	1.062	1.055	1.076	1.066	
1.232	1.008	1.061	1.257	1.010	1.064	1.246	1.006	1.062	1.055	1.080	1.060	
1.232	1.008	1.061	1.257	1.010	1.064	1.247	1.006	1.061	1.054	1.085	1.054	
1.232	1.008	1.061	1.257	1.010	1.064	1.246	1.006	1.062	1.058	1.084	1.051	
1.233	1.008	1.061	1.258	1.010	1.064	1.246	1.005	1.063	1.063	1.084	1.048	
1.233	1.008	1.062	1.258	1.009	1.065	1.246	1.004	1.063	1.067	1.083	1.045	
1.234	1.008	1.062	1.259	1.009	1.065	1.246	1.004	1.064	1.071	1.082	1.042	
1.234	1.008	1.062	1.258	1.009	1.065	1.247	1.004	1.064	1.074	1.077	1.044	
1.234	1.008	1.063	1.258	1.009	1.065	1.247	1.004	1.064	1.078	1.072	1.046	
1.234	1.008	1.063	1.257	1.010	1.065	1.248	1.005	1.064	1.081	1.067	1.048	
1.234	1.008	1.064	1.256	1.010	1.065	1.248	1.005	1.064	1.084	1.062	1.051	
1.235	1.008	1.064	1.257	1.010	1.065	1.248	1.005	1.064	1.082	1.059	1.053	
1.235	1.009	1.064	1.258	1.010	1.065	1.248	1.005	1.064	1.080	1.056	1.055	
1.235	1.009	1.064	1.259	1.010	1.064	1.248	1.005	1.065	1.078	1.053	1.057	
1.235	1.009	1.064	1.259	1.010	1.064	1.248	1.005	1.065	1.076	1.050	1.059	
1.236	1.009	1.065	1.260	1.010	1.064	1.248	1.005	1.065	1.072	1.053	1.058	
1.236	1.009	1.065	1.260	1.010	1.065	1.248	1.005	1.065	1.067	1.056	1.056	
1.237	1.009	1.065	1.261	1.011	1.065	1.248	1.004	1.065	1.062	1.058	1.055	
1.237	1.009	1.066	1.261	1.011	1.066	1.248	1.004	1.065	1.057	1.061	1.054	
1.237	1.009	1.065	1.262	1.011	1.066	1.248	1.004	1.066	1.055	1.064	1.052	
1.237	1.009	1.065	1.262	1.011	1.066	1.248	1.004	1.067	1.053	1.067	1.050	
1.237	1.009	1.064	1.262	1.010	1.067	1.248	1.004	1.068	1.052	1.070	1.047	
1.237	1.009	1.064	1.263	1.010	1.067	1.248	1.004	1.068	1.050	1.072	1.045	
1.237	1.009	1.064	1.263	1.010	1.068	1.247	1.005	1.068	1.053	1.071	1.047	
1.237	1.009	1.065	1.263	1.010	1.068	1.247	1.005	1.068	1.056	1.070	1.048	
1.237	1.010	1.065	1.262	1.010	1.068	1.247	1.006	1.067	1.059	1.069	1.050	
1.238	1.010	1.065	1.262	1.010	1.068	1.247	1.006	1.067	1.062	1.068	1.052	
1.238	1.009	1.066	1.263	1.011	1.068	1.247	1.007	1.067	1.066	1.065	1.058	
1.238	1.009	1.067	1.263	1.011	1.068	1.247	1.007	1.067	1.069	1.061	1.063	
1.237	1.009	1.067	1.263	1.012	1.069	1.248	1.007	1.067	1.073	1.058	1.069	
1.237	1.009	1.068	1.263	1.012	1.069	1.248	1.008	1.067	1.076	1.055	1.075	
1.238	1.010	1.068	1.263	1.012	1.069	1.248	1.007	1.067	1.076	1.054	1.080	
1.238	1.010	1.068	1.263	1.012	1.069	1.249	1.007	1.067	1.076	1.054	1.085	
1.238	1.010	1.068	1.263	1.011	1.069	1.249	1.007	1.067	1.076	1.054	1.090	
1.239	1.010	1.068	1.263	1.011	1.069	1.249	1.007	1.068	1.075	1.054	1.095	
1.239	1.010	1.068	1.263	1.011	1.069	1.249	1.007	1.068	1.073	1.059	1.094	
1.239	1.010	1.068	1.263	1.011	1.069	1.249	1.007	1.068	1.070	1.064	1.093	
1.240	1.009	1.068	1.263	1.011	1.069	1.249	1.006	1.068	1.067	1.069	1.093	
1.240	1.009	1.069	1.262	1.011	1.069	1.249	1.006	1.068	1.064	1.075	1.092	
1.240	1.010	1.069	1.263	1.011	1.070	1.249	1.006	1.069	1.065	1.079	1.087	
1.240	1.010	1.069	1.263	1.011	1.070	1.250	1.006	1.069	1.066	1.083	1.081	
1.240	1.010	1.069	1.263	1.011	1.070	1.251	1.006	1.070	1.066	1.087	1.076	
1.239	1.011	1.069	1.264	1.011	1.070	1.252	1.006	1.071	1.067	1.091	1.071	
1.240	1.011	1.069	1.264	1.011	1.070	1.252	1.006	1.070	1.072	1.090	1.069	
1.241	1.011	1.070	1.264	1.012	1.070	1.252	1.007	1.070	1.078	1.089	1.067	
1.242	1.012	1.070	1.264	1.013	1.070	1.252	1.008	1.070	1.083	1.088	1.065	
1.243	1.012	1.070	1.264	1.014	1.070	1.252	1.009	1.069	1.089	1.086	1.063	
1.243	1.012	1.070	1.265	1.014	1.071	1.252	1.009	1.070	1.093	1.081	1.066	
1.243	1.012	1.070	1.265	1.014	1.071	1.251	1.009	1.070	1.097	1.076	1.069	
1.243	1.012	1.070	1.266	1.014	1.072	1.251	1.008	1.071	1.101	1.070	1.072	
1.242	1.012	1.070	1.267	1.014	1.072	1.251	1.008	1.071	1.106	1.065	1.075	
1.243	1.012	1.071	1.267	1.013	1.072	1.251	1.008	1.071	1.103	1.062	1.077	
1.243	1.011	1.071	1.267	1.013	1.072	1.250	1.008	1.071	1.100	1.060	1.080	
1.244	1.011	1.072	1.266	1.012	1.072	1.250	1.007	1.071	1.097	1.058	1.082	
1.244	1.011	1.072	1.266	1.011	1.072	1.250	1.007	1.070	1.095	1.055	1.084	
1.244	1.011	1.072	1.266	1.011	1.073	1.250	1.007	1.071	1.089	1.058	1.082	
1.244	1.011	1.072	1.266	1.011	1.074	1.251	1.007	1.072	1.083	1.061	1.080	
1.245	1.011	1.072	1.266	1.011	1.075	1.252	1.008	1.073	1.078	1.063	1.078	
1.245	1.012	1.073	1.266	1.011	1.076	1.253	1.008	1.075	1.072	1.066	1.075	
1.245	1.012	1.073	1.267	1.011	1.075	1.253	1.007	1.075	1.070	1.069	1.072	
1.245	1.012	1.073	1.267	1.011	1.075	1.254	1.007	1.075	1.068	1.073	1.068	
1.245	1.012	1.073	1.268	1.011	1.075	1.254	1.007	1.075	1.065	1.076	1.064	
1.245	1.012	1.073	1.268	1.011	1.074	1.254	1.006	1.075	1.063	1.079	1.061	
1.245	1.012	1.073	1.268	1.012	1.075	1.254	1.006	1.075	1.065	1.078	1.062	
1.245	1.012	1.073	1.267	1.012	1.075	1.254	1.006	1.076	1.068	1.077	1.064	
1.245	1.012	1.073	1.267	1.013	1.076	1.255	1.006	1.076	1.070	1.076	1.065	
1.244	1.012	1.073	1.266	1.013	1.076	1.255	1.005	1.076	1.072	1.074	1.066	
1.245	1.012	1.073	1.267	1.013	1.076	1.254	1.006	1.076	1.075	1.071	1.072	
1.245	1.012	1.074	1.267	1.013	1.076	1.254	1.007	1.077	1.077	1.067	1.078	
1.245	1.012	1.074	1.268	1.013	1.076	1.253	1.007	1.077	1.080	1.064	1.083	
1.246	1.012	1.074	1.269	1.013	1.076	1.253	1.008	1.078	1.082	1.060	1.089	
1.246	1.012	1.075	1.269	1.013	1.077	1.253	1.008	1.078	1.081	1.060	1.092	
1.247	1.012	1.075	1.269	1.012	1.077	1.253	1.008	1.078	1.080	1.061	1.095	
1.247	1.012	1.075	1.269	1.012	1.078	1.253	1.008	1.079	1.079	1.061	1.098	
1.248	1.011	1.075	1.269	1.012	1.078	1.253	1.008	1.079	1.077	1.061	1.101	
1.247	1.011	1.075	1.269	1.012	1.078	1.254	1.008	1.079	1.074	1.067	1.098	
1.247	1.011	1.076	1.269	1.011	1.078	1.255	1.007	1.079	1.070	1.073	1.096	
1.247	1.011	1.076	1.269	1.011	1.077	1.256	1.007	1.079	1.067	1.079	1.093	
1.247	1.011	1.076	1.269	1.011	1.077	1.256	1.007	1.078	1.063	1.085	1.091	
1.247	1.012	1.077	1.269	1.011	1.078	1.256	1.007	1.079	1.064	1.090	1.085	
1.247	1.012	1.077	1.270	1.011	1.079	1.256	1.007	1.079	1.064	1.095	1.080	
1.247	1.012	1.078	1.270	1.011	1.079	1.256	1.007	1.079	1.065	1.099	1.075	
1.247	1.012	1.078	1.270	1.011	1.080	1.256	1.007	1.080	1.065	1.104	1.069	
1.248	1.013	1.078	1.270	1.011	1.080	1.255	1.007	1.080	1.072	1.102	1.067	
1.248	1.013	1.079	1.270	1.011	1.080	1.254	1.008	1.080	1.078	1.100	1.065	
1.248	1.013	1.079	1.270	1.011	1.080	1.253	1.008	1.081	1.085	1.098	1.062	
1.248	1.013	1.079	1.270	1.011	1.080	1.252	1.009	1.081	1.091	1.095	1.060	
1.248	1.013	1.079	1.270	1.012	1.080	1.253	1.009	1.081	1.096	1.090	1.064	
1.249	1.013	1.080	1.271	1.012	1.081	1.253	1.009	1.081	1.100	1.085	1.068	
1.249	1.012	1.080	1.271	1.012	1.081	1.254	1.009	1.080	1.105	1.079	1.071	
1.250	1.012	1.080	1.272	1.012	1.081	1.254	1.009	1.080	1.109	1.074	1.075	
1.250	1.012	1.080	1.272	1.013	1.081	1.254	1.009	1.081	1.107	1.070	1.078	
1.250	1.012	1.080	1.272	1.013	1.081	1.254	1.009	1.081	1.105	1.067	1.081	
1.249	1.012	1.080	1.272	1.014	1.081	1.254	1.009	1.081	1.103	1.064	1.083	
1.249	1.012	1.080	1.272	1.014	1.081	1.254	1.010	1.081	1.101	1.061	1.086	
1.250	1.012	1.080	1.272	1.014	1.081	1.255	1.010	1.082	1.095	1.064	1.085	
1.250	1.012	1.080	1.271	1.014	1.082	1.256	1.010	1.082	1.089	1.067	1.083	
1.250	1.012	1.080	1.271	1.014	1.082	1.257	1.010	1.082	1.083	1.070	1.082	
1.250	1.011	1.080	1.270	1.015	1.083	1.258	1.010	1.083	1.077	1.073	1.080	
1.250	1.012	1.080	1.271	1.014	1.083	1.257	1.009	1.083	1.074	1.076	1.077	
1.250	1.012	1.081	1.271	1.014	1.084	1.257	1.009	1.084	1.071	1.079	1.074	
1.250	1.012	1.082	1.272	1.014	1.084	1.256	1.008	1.084	1.068	1.082	1.070	
1.251	1.012	1.082	1.273	1.013	1.085	1.256	1.008	1.085	1.065	1.084	1.067	
1.251	1.012	1.083	1.273	1.014	1.085	1.256	1.008	1.084	1.068	1.083	1.070	
1.251	1.012	1.083	1.274	1.014	1.086	1.256	1.008	1.084	1.071	1.083	1.073	
1.251	1.011	1.083	1.275	1.014	1.086	1.257	1.008	1.084	1.074	1.082	1.076	
1.251	1.011	1.083	1.275	1.014	1.087	1.257	1.008	1.083	1.077	1.081	1.079	
1.251	1.011	1.083	1.275	1.013	1.087	1.257	1.008	1.084	1.080	1.078	1.086	
1.251	1.011	1.083	1.276	1.013	1.087	1.257	1.008	1.084	1.084	1.075	1.093	
1.252	1.012	1.083	1.276	1.012	1.087	1.257	1.008	1.084	1.087	1.071	1.100	
1.252	1.012	1.083	1.276	1.012	1.087	1.257	1.008	1.085	1.090	1.068	1.108	
1.252	1.012	1.083	1.275	1.013	1.087	1.257	1.008	1.085	1.089	1.070	1.112	
1.252	1.012	1.083	1.275	1.013	1.087	1.257	1.008	1.085	1.087	1.072	1.116	
1.252	1.013	1.084	1.274	1.014	1.086	1.257	1.009	1.085	1.086	1.074	1.119	
1.252	1.013	1.084	1.274	1.015	1.086	1.257	1.009	1.086	1.084	1.077	1.123	
1.252	1.013	1.084	1.274	1.014	1.087	1.257	1.009	1.085	1.081	1.083	1.120	
1.253	1.013	1.085	1.275	1.013	1.087	1.257	1.009	1.085	1.078	1.089	1.116	
1.254	1.013	1.085	1.275	1.013	1.087	1.257	1.009	1.085	1.075	1.095	1.112	
1.255	1.012	1.085	1.276	1.012	1.088	1.256	1.009	1.084	1.072	1.101	1.108	
1.254	1.013	1.086	1.275	1.012	1.088	1.256	1.009	1.084	1.075	1.106	1.101	
1.254	1.013	1.086	1.275	1.013	1.088	1.256	1.009	1.084	1.077	1.111	1.094	
1.254	1.014	1.086	1.275	1.013	1.089	1.257	1.009	1.085	1.079	1.116	1.087	
1.254	1.014	1.086	1.274	1.014	1.089	1.257	1.009	1.085	1.081	1.121	1.081	
1.254	1.014	1.086	1.275	1.014	1.090	1.257	1.009	1.085	1.088	1.119	1.079	
1.254	1.014	1.087	1.275	1.014	1.090	1.257	1.008	1.086	1.095	1.116	1.078	
1.255	1.013	1.087	1.275	1.014	1.090	1.257	1.008	1.086	1.101	1.114	1.077	
1.255	1.013	1.088	1.275	1.014	1.090	1.257	1.007	1.087	1.108	1.111	1.075	
1.256	1.013	1.088	1.276	1.013	1.091	1.257	1.008	1.087	1.113	1.104	1.079	
1.256	1.013	1.089	1.276	1.013	1.092	1.257	1.008	1.088	1.118	1.097	1.082	
1.256	1.014	1.089	1.276	1.013	1.092	1.257	1.008	1.089	1.124	1.090	1.086	
1.257	1.014	1.090	1.277	1.013	1.093	1.258	1.009	1.089	1.129	1.083	1.089	
1.257	1.014	1.090	1.277	1.013	1.093	1.258	1.009	1.089	1.126	1.079	1.092	
1.257	1.013	1.090	1.277	1.013	1.093	1.258	1.010	1.090	1.123	1.076	1.094	
1.257	1.013	1.090	1.277	1.014	1.093	1.259	1.010	1.090	1.120	1.072	1.097	
1.257	1.013	1.090	1.277	1.014	1.093	1.259	1.011	1.090	1.117	1.069	1.099	
1.257	1.013	1.091	1.277	1.014	1.093	1.259	1.010	1.090	1.110	1.072	1.096	
1.257	1.014	1.091	1.277	1.014	1.093	1.259	1.009	1.091	1.104	1.076	1.094	
1.258	1.014	1.092	1.276	1.014	1.093	1.259	1.009	1.091	1.097	1.079	1.091	
1.258	1.014	1.093	1.276	1.014	1.093	1.259	1.008	1.091	1.091	1.083	1.088	
1.258	1.014	1.093	1.276	1.014	1.093	1.258	1.008	1.091	1.087	1.085	1.085	
1.258	1.014	1.093	1.276	1.014	1.094	1.258	1.009	1.091	1.083	1.088	1.082	
1.257	1.014	1.093	1.275	1.014	1.094	1.257	1.009	1.091	1.080	1.090	1.079	
1.257	1.014	1.093	1.275	1.014	1.094	1.257	1.009	1.091	1.076	1.093	1.076	
1.257	1.014	1.094	1.276	1.014	1.095	1.257	1.009	1.092	1.079	1.091	1.078	
1.258	1.014	1.094	1.277	1.015	1.095	1.258	1.009	1.092	1.083	1.088	1.079	
1.258	1.014	1.094	1.278	1.015	1.095	1.259	1.009	1.093	1.086	1.086	1.081	
1.258	1.014	1.094	1.278	1.015	1.095	1.260	1.009	1.093	1.089	1.084	1.083	
1.258	1.014	1.094	1.278	1.015	1.095	1.260	1.009	1.093	1.092	1.080	1.089	
1.257	1.015	1.094	1.278	1.015	1.095	1.260	1.009	1.094	1.094	1.076	1.095	
1.257	1.015	1.094	1.277	1.015	1.095	1.260	1.009	1.094	1.096	1.072	1.101	
1.257	1.015	1.094	1.277	1.015	1.094	1.261	1.009	1.094	1.099	1.068	1.107	
1.257	1.015	1.094	1.277	1.015	1.095	1.260	1.009	1.095	1.096	1.069	1.109	
1.258	1.014	1.094	1.278	1.015	1.096	1.259	1.009	1.096	1.094	1.070	1.112	
1.258	1.014	1.094	1.278	1.014	1.096	1.258	1.009	1.096	1.092	1.071	1.114	
1.259	1.014	1.095	1.278	1.014	1.097	1.257	1.009	1.097	1.089	1.072	1.116	
1.258	1.014	1.095	1.279	1.014	1.097	1.257	1.009	1.097	1.085	1.079	1.113	
1.258	1.014	1.096	1.279	1.014	1.097	1.257	1.009	1.097	1.080	1.085	1.109	
1.258	1.014	1.096	1.279	1.014	1.097	1.257	1.009	1.097	1.075	1.092	1.105	
1.258	1.014	1.096	1.279	1.014	1.097	1.257	1.009	1.097	1.070	1.098	1.102	
1.259	1.014	1.096	1.279	1.014	1.098	1.258	1.009	1.097	1.071	1.103	1.096	
1.259	1.014	1.096	1.279	1.014	1.098	1.259	1.009	1.097	1.071	1.107	1.090	
1.259	1.014	1.097	1.279	1.014	1.098	1.259	1.009	1.097	1.072	1.112	1.085	
1.260	1.014	1.097	1.279	1.014	1.099	1.260	1.008	1.097	1.073	1.116	1.079	
1.259	1.014	1.097	1.279	1.014	1.099	1.260	1.009	1.098	1.079	1.113	1.079	
1.259	1.014	1.098	1.279	1.015	1.099	1.260	1.009	1.098	1.085	1.111	1.079	
1.259	1.014	1.098	1.279	1.016	1.099	1.261	1.010	1.099	1.092	1.108	1.080	
1.258	1.014	1.099	1.279	1.016	1.099	1.261	1.010	1.099	1.098	1.105	1.080	
1.258	1.014	1.099	1.279	1.016	1.099	1.261	1.010	1.100	1.103	1.099	1.085	
1.259	1.014	1.099	1.280	1.015	1.099	1.261	1.010	1.100	1.107	1.094	1.091	
1.259	1.015	1.100	1.280	1.014	1.099	1.260	1.010	1.100	1.111	1.088	1.096	
1.259	1.015	1.100	1.280	1.014	1.099	1.260	1.010	1.101	1.115	1.083	1.102	
1.259	1.015	1.100	1.280	1.014	1.100	1.260	1.010	1.102	1.113	1.082	1.105	
1.260	1.014	1.100	1.280	1.015	1.101	1.260	1.009	1.103	1.111	1.082	1.108	
1.260	1.014	1.101	1.280	1.015	1.102	1.261	1.009	1.104	1.108	1.081	1.111	
1.261	1.014	1.101	1.279	1.015	1.103	1.261	1.009	1.105	1.106	1.080	1.114	
1.261	1.014	1.101	1.279	1.015	1.103	1.261	1.009	1.104	1.100	1.085	1.110	
1.261	1.014	1.102	1.279	1.015	1.104	1.261	1.010	1.103	1.094	1.090	1.107	
1.261	1.014	1.102	1.279	1.015	1.105	1.261	1.010	1.102	1.088	1.095	1.104	
1.261	1.014	1.102	1.279	1.015	1.106	1.262	1.010	1.102	1.082	1.100	1.101	
1.261	1.015	1.103	1.280	1.015	1.105	1.261	1.010	1.103	1.081	1.104	1.095	
1.261	1.015	1.103	1.280	1.015	1.104	1.260	1.011	1.103	1.080	1.109	1.089	
1.262	1.015	1.104	1.280	1.015	1.103	1.259	1.011	1.104	1.080	1.113	1.083	
1.262	1.016	1.104	1.281	1.015	1.103	1.258	1.011	1.105	1.079	1.118	1.077	
1.262	1.015	1.104	1.281	1.015	1.104	1.259	1.010	1.105	1.084	1.114	1.078	
1.262	1.015	1.105	1.281	1.015	1.105	1.260	1.010	1.105	1.090	1.110	1.079	
1.262	1.015	1.105	1.281	1.016	1.106	1.262	1.010	1.105	1.095	1.107	1.080	
1.262	1.015	1.105	1.281	1.016	1.106	1.263	1.009	1.104	1.100	1.103	1.082	
1.262	1.015	1.105	1.280	1.016	1.107	1.263	1.010	1.105	1.105	1.097	1.087	
1.261	1.015	1.106	1.280	1.015	1.108	1.262	1.010	1.105	1.109	1.091	1.093	
1.261	1.015	1.106	1.279	1.015	1.109	1.262	1.010	1.105	1.113	1.085	1.098	
1.261	1.016	1.106	1.279	1.015	1.109	1.261	1.010	1.105	1.118	1.078	1.104	
1.261	1.016	1.107	1.279	1.015	1.110	1.261	1.011	1.105	1.115	1.077	1.107	
1.262	1.016	1.107	1.280	1.016	1.110	1.260	1.011	1.106	1.112	1.076	1.110	
1.263	1.016	1.107	1.281	1.016	1.110	1.260	1.012	1.106	1.109	1.074	1.112	
1.264	1.016	1.107	1.281	1.016	1.110	1.259	1.012	1.106	1.106	1.073	1.115	
1.263	1.016	1.108	1.281	1.016	1.110	1.259	1.012	1.106	1.100	1.079	1.112	
1.263	1.016	1.108	1.281	1.016	1.110	1.260	1.012	1.106	1.094	1.084	1.110	
1.263	1.016	1.109	1.281	1.017	1.110	1.260	1.012	1.106	1.088	1.090	1.107	
1.262	1.016	1.109	1.281	1.017	1.110	1.261	1.011	1.106	1.082	1.096	1.104	
1.263	1.016	1.110	1.282	1.017	1.110	1.261	1.011	1.106	1.081	1.098	1.101	
1.263	1.016	1.110	1.283	1.016	1.111	1.260	1.011	1.106	1.080	1.101	1.097	
1.264	1.017	1.111	1.284	1.016	1.111	1.260	1.011	1.107	1.079	1.104	1.094	
1.264	1.017	1.111	1.284	1.016	1.112	1.260	1.011	1.107	1.079	1.107	1.091	
1.264	1.017	1.111	1.284	1.016	1.112	1.260	1.011	1.108	1.084	1.104	1.093	
1.264	1.016	1.111	1.284	1.016	1.111	1.260	1.011	1.109	1.090	1.101	1.095	
1.265	1.016	1.111	1.283	1.016	1.111	1.260	1.012	1.110	1.095	1.098	1.098	
1.265	1.016	1.111	1.283	1.017	1.111	1.259	1.012	1.111	1.101	1.095	1.100	
1.265	1.016	1.111	1.282	1.017	1.112	1.260	1.011	1.112	1.104	1.091	1.107	
1.266	1.016	1.112	1.282	1.017	1.112	1.261	1.010	1.113	1.107	1.087	1.114	
1.266	1.016	1.112	1.282	1.017	1.112	1.262	1.009	1.113	1.111	1.083	1.122	
1.267	1.016	1.112	1.281	1.017	1.113	1.263	1.008	1.114	1.114	1.079	1.129	
1.266	1.016	1.112	1.282	1.017	1.114	1.262	1.009	1.113	1.111	1.080	1.131	
1.265	1.016	1.112	1.282	1.017	1.114	1.261	1.010	1.113	1.108	1.082	1.134	
1.265	1.016	1.112	1.282	1.016	1.115	1.261	1.011	1.113	1.104	1.083	1.136	
1.264	1.016	1.112	1.283	1.016	1.116	1.260	1.012	1.112	1.101	1.084	1.138	
1.265	1.016	1.112	1.283	1.016	1.116	1.260	1.011	1.113	1.096	1.091	1.133	
1.265	1.016	1.113	1.283	1.016	1.116	1.260	1.011	1.113	1.092	1.097	1.128	
1.265	1.016	1.113	1.283	1.017	1.116	1.260	1.011	1.113	1.087	1.103	1.123	
1.265	1.016	1.113	1.283	1.017	1.116	1.260	1.011	1.113	1.082	1.110	1.119	
1.265	1.017	1.114	1.283	1.017	1.116	1.261	1.011	1.114	1.083	1.112	1.111	
1.265	1.017	1.114	1.283	1.017	1.116	1.262	1.012	1.114	1.085	1.114	1.103	
1.266	1.017	1.115	1.283	1.018	1.116	1.263	1.013	1.115	1.086	1.117	1.096	
1.266	1.017	1.115	1.282	1.018	1.116	1.264	1.013	1.115	1.087	1.119	1.089	
1.266	1.017	1.116	1.283	1.018	1.116	1.263	1.013	1.116	1.093	1.116	1.089	
1.266	1.017	1.117	1.283	1.017	1.117	1.263	1.013	1.116	1.099	1.113	1.088	
1.266	1.017	1.117	1.284	1.017	1.118	1.263	1.013	1.117	1.106	1.109	1.088	
1.266	1.017	1.118	1.284	1.017	1.118	1.263	1.012	1.117	1.112	1.106	1.088	
1.266	1.017	1.118	1.285	1.018	1.119	1.263	1.012	1.118	1.115	1.100	1.093	
1.266	1.017	1.118	1.285	1.018	1.119	1.263	1.012	1.118	1.118	1.093	1.098	
1.266	1.017	1.118	1.285	1.019	1.119	1.263	1.012	1.119	1.121	1.086	1.103	
1.266	1.017	1.119	1.285	1.020	1.120	1.263	1.012	1.119	1.124	1.080	1.108	
1.266	1.017	1.119	1.284	1.019	1.120	1.263	1.012	1.119	1.120	1.078	1.109	
1.265	1.017	1.119	1.284	1.019	1.120	1.263	1.013	1.119	1.116	1.076	1.111	
1.265	1.017	1.120	1.283	1.018	1.120	1.263	1.013	1.118	1.112	1.075	1.112	
1.264	1.018	1.120	1.282	1.018	1.120	1.263	1.013	1.118	1.108	1.073	1.113	
1.265	1.017	1.120	1.283	1.018	1.121	1.263	1.013	1.119	1.100	1.078	1.108	
1.266	1.017	1.121	1.283	1.018	1.122	1.263	1.013	1.120	1.093	1.083	1.104	
1.266	1.017	1.121	1.284	1.018	1.122	1.263	1.013	1.121	1.086	1.088	1.100	
1.267	1.017	1.121	1.284	1.018	1.123	1.263	1.013	1.122	1.079	1.093	1.095	
1.267	1.017	1.122	1.285	1.018	1.123	1.262	1.013	1.122	1.076	1.096	1.090	
1.267	1.017	1.122	1.285	1.018	1.123	1.261	1.012	1.122	1.074	1.100	1.085	
1.267	1.017	1.123	1.285	1.018	1.123	1.261	1.012	1.122	1.072	1.103	1.080	
1.267	1.017	1.123	1.286	1.018	1.123	1.260	1.012	1.122	1.070	1.107	1.076	
1.267	1.018	1.123	1.285	1.018	1.123	1.260	1.012	1.122	1.074	1.104	1.078	
1.266	1.018	1.123	1.285	1.018	1.123	1.260	1.012	1.122	1.079	1.101	1.081	
1.266	1.019	1.123	1.285	1.018	1.123	1.261	1.012	1.121	1.084	1.098	1.083	
1.266	1.020	1.123	1.284	1.018	1.123	1.261	1.012	1.121	1.088	1.095	1.086	
1.266	1.020	1.124	1.285	1.018	1.123	1.261	1.012	1.122	1.091	1.090	1.091	
1.267	1.020	1.125	1.285	1.018	1.124	1.262	1.013	1.123	1.094	1.085	1.096	
1.267	1.020	1.125	1.285	1.019	1.124	1.262	1.013	1.124	1.097	1.081	1.101	
1.267	1.020	1.126	1.285	1.019	1.125	1.263	1.014	1.125	1.100	1.076	1.107	
1.267	1.019	1.126	1.285	1.019	1.125	1.262	1.014	1.125	1.096	1.076	1.109	
1.267	1.019	1.126	1.284	1.019	1.126	1.261	1.013	1.126	1.092	1.076	1.111	
1.267	1.018	1.126	1.283	1.019	1.127	1.260	1.013	1.127	1.089	1.076	1.113	
1.267	1.018	1.126	1.283	1.019	1.127	1.260	1.013	1.127	1.085	1.076	1.115	
1.266	1.018	1.127	1.284	1.019	1.128	1.261	1.014	1.127	1.081	1.083	1.110	
1.266	1.019	1.127	1.285	1.019	1.128	1.262	1.014	1.127	1.076	1.089	1.106	
1.266	1.019	1.127	1.286	1.020	1.128	1.263	1.014	1.127	1.072	1.095	1.102	
1.266	1.020	1.128	1.287	1.020	1.129	1.264	1.015	1.127	1.068	1.102	1.097	
1.266	1.020	1.128	1.287	1.019	1.129	1.263	1.014	1.127	1.068	1.106	1.093	
1.266	1.020	1.128	1.286	1.019	1.129	1.263	1.014	1.128	1.068	1.110	1.089	
1.266	1.020	1.128	1.286	1.019	1.129	1.262	1.013	1.128	1.069	1.113	1.085	
1.267	1.020	1.128	1.286	1.018	1.129	1.262	1.012	1.129	1.069	1.117	1.081	
1.267	1.020	1.129	1.286	1.019	1.129	1.261	1.013	1.129	1.076	1.113	1.085	
1.268	1.020	1.129	1.286	1.019	1.130	1.261	1.014	1.129	1.082	1.109	1.089	
1.268	1.019	1.129	1.286	1.019	1.131	1.261	1.014	1.129	1.089	1.105	1.092	
1.269	1.019	1.129	1.286	1.020	1.131	1.260	1.015	1.129	1.095	1.101	1.096	
1.269	1.019	1.130	1.285	1.019	1.131	1.261	1.014	1.129	1.099	1.096	1.104	
1.269	1.019	1.130	1.285	1.019	1.132	1.262	1.014	1.130	1.103	1.092	1.112	
1.268	1.019	1.130	1.285	1.019	1.132	1.263	1.013	1.130	1.107	1.087	1.119	
1.268	1.018	1.130	1.284	1.019	1.133	1.264	1.012	1.130	1.110	1.082	1.127	
1.268	1.019	1.131	1.285	1.019	1.133	1.263	1.013	1.130	1.107	1.083	1.130	
1.269	1.020	1.131	1.285	1.019	1.133	1.262	1.013	1.130	1.105	1.084	1.134	
1.269	1.020	1.132	1.285	1.019	1.133	1.261	1.014	1.131	1.102	1.085	1.137	
1.269	1.021	1.132	1.285	1.019	1.133	1.260	1.014	1.131	1.099	1.086	1.140	
1.269	1.021	1.133	1.285	1.019	1.133	1.260	1.014	1.132	1.094	1.092	1.135	
1.270	1.021	1.133	1.285	1.019	1.134	1.261	1.013	1.132	1.090	1.098	1.130	
1.270	1.021	1.134	1.285	1.019	1.134	1.262	1.013	1.133	1.085	1.104	1.125	
1.271	1.021	1.134	1.284	1.019	1.134	1.262	1.013	1.133	1.081	1.111	1.120	
1.271	1.021	1.134	1.284	1.019	1.134	1.262	1.013	1.133	1.082	1.114	1.115	
1.271	1.021	1.134	1.284	1.019	1.134	1.262	1.014	1.134	1.083	1.118	1.109	
1.271	1.021	1.133	1.284	1.019	1.134	1.262	1.015	1.134	1.084	1.122	1.103	
1.270	1.020	1.133	1.284	1.019	1.134	1.262	1.015	1.135	1.086	1.126	1.098	
1.271	1.020	1.133	1.285	1.019	1.135	1.263	1.015	1.135	1.093	1.121	1.098	
1.271	1.020	1.134	1.285	1.020	1.136	1.263	1.015	1.135	1.100	1.116	1.098	
1.271	1.021	1.135	1.286	1.020	1.138	1.263	1.015	1.135	1.107	1.112	1.098	
1.271	1.021	1.135	1.286	1.020	1.139	1.264	1.014	1.135	1.115	1.107	1.098	
1.271	1.020	1.136	1.285	1.020	1.139	1.263	1.015	1.135	1.118	1.100	1.104	
1.271	1.020	1.136	1.285	1.021	1.139	1.263	1.015	1.136	1.122	1.092	1.110	
1.270	1.020	1.137	1.284	1.021	1.140	1.263	1.015	1.136	1.125	1.085	1.116	
1.270	1.019	1.137	1.284	1.021	1.140	1.262	1.016	1.137	1.128	1.077	1.122	
1.270	1.019	1.137	1.285	1.020	1.140	1.262	1.015	1.137	1.124	1.076	1.123	
1.269	1.020	1.138	1.285	1.020	1.140	1.261	1.015	1.137	1.121	1.075	1.124	
1.268	1.020	1.138	1.286	1.020	1.140	1.261	1.015	1.137	1.117	1.074	1.125	
1.268	1.020	1.138	1.286	1.020	1.140	1.261	1.015	1.138	1.113	1.073	1.126	
1.268	1.020	1.139	1.286	1.020	1.141	1.261	1.015	1.138	1.105	1.077	1.121	
1.269	1.020	1.139	1.286	1.020	1.141	1.261	1.015	1.139	1.096	1.081	1.116	
1.270	1.020	1.140	1.285	1.020	1.142	1.262	1.015	1.139	1.088	1.086	1.111	
1.271	1.020	1.141	1.285	1.020	1.142	1.262	1.015	1.140	1.080	1.090	1.106	
1.271	1.020	1.141	1.286	1.020	1.142	1.262	1.015	1.140	1.079	1.093	1.104	
1.270	1.020	1.141	1.286	1.021	1.142	1.262	1.015	1.140	1.077	1.096	1.101	
1.270	1.020	1.141	1.287	1.021	1.142	1.262	1.015	1.140	1.075	1.099	1.099	
1.270	1.020	1.141	1.287	1.021	1.142	1.262	1.015	1.140	1.073	1.102	1.097	
1.270	1.020	1.142	1.287	1.021	1.143	1.262	1.015	1.141	1.077	1.100	1.101	
1.270	1.021	1.143	1.287	1.021	1.143	1.262	1.015	1.142	1.081	1.097	1.105	
1.270	1.021	1.143	1.287	1.021	1.143	1.262	1.015	1.144	1.085	1.094	1.109	
1.270	1.021	1.144	1.287	1.021	1.143	1.262	1.015	1.145	1.088	1.092	1.113	
1.270	1.021	1.144	1.287	1.021	1.144	1.262	1.015	1.145	1.091	1.088	1.120	
1.271	1.021	1.144	1.287	1.020	1.145	1.262	1.015	1.145	1.093	1.085	1.127	
1.271	1.022	1.144	1.287	1.020	1.145	1.262	1.015	1.146	1.095	1.081	1.135	
1.272	1.022	1.144	1.287	1.019	1.146	1.262	1.015	1.146	1.098	1.078	1.142	
1.272	1.021	1.144	1.287	1.020	1.146	1.262	1.015	1.146	1.095	1.081	1.144	
1.272	1.021	1.145	1.287	1.020	1.147	1.262	1.014	1.146	1.092	1.084	1.145	
1.272	1.020	1.145	1.287	1.021	1.147	1.261	1.014	1.146	1.089	1.087	1.147	
1.272	1.020	1.146	1.287	1.021	1.148	1.261	1.014	1.146	1.085	1.090	1.148	
1.272	1.020	1.146	1.287	1.022	1.148	1.262	1.013	1.146	1.081	1.099	1.143	
1.271	1.020	1.147	1.287	1.022	1.149	1.262	1.013	1.147	1.076	1.107	1.137	
1.271	1.021	1.147	1.287	1.022	1.149	1.263	1.013	1.147	1.072	1.116	1.132	
1.271	1.021	1.148	1.287	1.022	1.150	1.263	1.013	1.148	1.067	1.125	1.127	
1.271	1.021	1.148	1.288	1.022	1.150	1.263	1.013	1.148	1.070	1.129	1.121	
1.271	1.021	1.148	1.288	1.021	1.150	1.263	1.013	1.148	1.074	1.133	1.115	
1.271	1.022	1.148	1.289	1.021	1.150	1.263	1.014	1.148	1.077	1.137	1.110	
1.271	1.022	1.148	1.289	1.021	1.151	1.263	1.014	1.149	1.080	1.141	1.104	
1.271	1.022	1.148	1.289	1.021	1.151	1.262	1.014	1.149	1.087	1.137	1.107	
1.272	1.021	1.149	1.288	1.021	1.152	1.261	1.014	1.149	1.095	1.133	1.109	
1.272	1.021	1.150	1.288	1.022	1.152	1.261	1.014	1.149	1.103	1.129	1.111	
1.272	1.021	1.150	1.288	1.022	1.152	1.260	1.014	1.149	1.111	1.125	1.114	
1.272	1.021	1.151	1.288	1.022	1.152	1.260	1.015	1.150	1.115	1.119	1.120	
1.271	1.022	1.151	1.288	1.022	1.152	1.260	1.016	1.150	1.120	1.113	1.126	
1.271	1.022	1.151	1.289	1.022	1.152	1.260	1.016	1.151	1.125	1.108	1.131	
1.271	1.023	1.151	1.289	1.021	1.151	1.260	1.017	1.152	1.130	1.102	1.137	
1.271	1.022	1.152	1.288	1.021	1.152	1.260	1.017	1.152	1.127	1.101	1.141	
1.272	1.022	1.153	1.288	1.021	1.152	1.260	1.017	1.153	1.125	1.101	1.144	
1.272	1.022	1.153	1.287	1.021	1.152	1.261	1.017	1.153	1.122	1.100	1.148	
1.273	1.022	1.154	1.287	1.021	1.152	1.261	1.017	1.154	1.120	1.099	1.151	
1.273	1.022	1.154	1.287	1.021	1.153	1.260	1.017	1.153	1.114	1.105	1.147	
1.273	1.022	1.155	1.286	1.021	1.154	1.260	1.016	1.153	1.108	1.111	1.142	
1.273	1.022	1.155	1.286	1.021	1.155	1.259	1.016	1.153	1.102	1.117	1.138	
1.273	1.022	1.155	1.286	1.021	1.156	1.259	1.016	1.153	1.096	1.123	1.133	
1.273	1.022	1.155	1.287	1.022	1.156	1.259	1.016	1.153	1.095	1.126	1.130	
1.273	1.023	1.155	1.287	1.022	1.156	1.260	1.016	1.153	1.094	1.129	1.126	
1.273	1.023	1.155	1.288	1.023	1.156	1.260	1.016	1.153	1.094	1.132	1.123	
1.273	1.024	1.156	1.288	1.023	1.156	1.261	1.016	1.153	1.093	1.135	1.120	
1.273	1.023	1.157	1.288	1.023	1.157	1.261	1.016	1.154	1.098	1.132	1.124	
1.273	1.023	1.158	1.288	1.023	1.157	1.262	1.015	1.154	1.103	1.129	1.128	
1.272	1.023	1.159	1.288	1.023	1.157	1.262	1.015	1.154	1.108	1.126	1.132	
1.272	1.022	1.160	1.288	1.023	1.158	1.263	1.014	1.154	1.113	1.123	1.136	
1.272	1.022	1.160	1.288	1.023	1.158	1.263	1.015	1.155	1.118	1.118	1.144	
1.273	1.022	1.160	1.288	1.022	1.159	1.262	1.015	1.155	1.123	1.114	1.151	
1.273	1.022	1.159	1.288	1.022	1.159	1.262	1.016	1.156	1.127	1.109	1.158	
1.273	1.022	1.159	1.288	1.021	1.160	1.262	1.016	1.157	1.132	1.105	1.165	
1.273	1.022	1.160	1.288	1.022	1.160	1.262	1.017	1.157	1.129	1.107	1.167	
1.273	1.023	1.160	1.288	1.023	1.161	1.262	1.017	1.157	1.125	1.108	1.170	
1.273	1.023	1.161	1.288	1.024	1.162	1.261	1.018	1.158	1.122	1.110	1.172	
1.273	1.024	1.161	1.288	1.025	1.162	1.261	1.018	1.158	1.119	1.112	1.174	
1.273	1.024	1.162	1.288	1.024	1.163	1.261	1.018	1.159	1.114	1.118	1.169	
1.274	1.024	1.162	1.288	1.024	1.163	1.261	1.017	1.160	1.109	1.125	1.163	
1.274	1.024	1.163	1.288	1.024	1.164	1.261	1.017	1.161	1.104	1.132	1.157	
1.275	1.023	1.164	1.288	1.024	1.164	1.261	1.016	1.163	1.099	1.139	1.152	
1.274	1.024	1.164	1.288	1.024	1.165	1.261	1.017	1.163	1.100	1.143	1.146	
1.274	1.024	1.164	1.288	1.024	1.166	1.262	1.017	1.163	1.100	1.146	1.141	
1.274	1.025	1.164	1.288	1.024	1.166	1.262	1.018	1.163	1.101	1.150	1.136	
1.274	1.025	1.164	1.289	1.024	1.167	1.263	1.018	1.163	1.101	1.154	1.130	
1.274	1.025	1.165	1.288	1.024	1.167	1.262	1.018	1.163	1.108	1.151	1.133	
1.274	1.025	1.165	1.288	1.024	1.167	1.262	1.018	1.164	1.115	1.147	1.135	
1.274	1.025	1.166	1.287	1.023	1.166	1.261	1.018	1.164	1.123	1.144	1.138	
1.274	1.025	1.166	1.287	1.023	1.166	1.261	1.018	1.164	1.130	1.141	1.141	
1.275	1.025	1.167	1.287	1.024	1.166	1.261	1.018	1.164	1.134	1.135	1.146	
1.275	1.025	1.167	1.288	1.024	1.167	1.260	1.018	1.164	1.138	1.130	1.151	
1.275	1.025	1.167	1.288	1.024	1.167	1.260	1.017	1.164	1.142	1.124	1.156	
1.275	1.025	1.168	1.288	1.024	1.167	1.260	1.017	1.164	1.146	1.118	1.162	
1.275	1.025	1.168	1.288	1.024	1.167	1.260	1.018	1.165	1.143	1.118	1.163	
1.275	1.025	1.169	1.287	1.023	1.166	1.261	1.018	1.166	1.139	1.117	1.164	
1.274	1.025	1.169	1.287	1.023	1.166	1.261	1.019	1.167	1.136	1.117	1.165	
1.274	1.025	1.170	1.287	1.023	1.166	1.262	1.019	1.168	1.133	1.116	1.167	
1.275	1.025	1.170	1.287	1.023	1.167	1.262	1.019	1.168	1.127	1.122	1.161	
1.275	1.025	1.170	1.287	1.024	1.168	1.262	1.019	1.168	1.121	1.127	1.156	
1.276	1.025	1.170	1.287	1.025	1.169	1.262	1.019	1.168	1.115	1.133	1.151	
1.276	1.025	1.171	1.287	1.025	1.170	1.262	1.018	1.168	1.109	1.139	1.146	
1.276	1.025	1.171	1.287	1.025	1.170	1.261	1.018	1.169	1.108	1.142	1.144	
1.276	1.025	1.171	1.288	1.026	1.171	1.261	1.017	1.169	1.107	1.146	1.142	
1.276	1.025	1.172	1.288	1.026	1.171	1.260	1.016	1.170	1.106	1.149	1.140	
1.276	1.025	1.172	1.288	1.026	1.171	1.260	1.016	1.170	1.106	1.152	1.137	
1.275	1.025	1.172	1.288	1.026	1.172	1.260	1.016	1.171	1.111	1.148	1.142	
1.274	1.025	1.172	1.287	1.025	1.173	1.261	1.016	1.172	1.116	1.144	1.147	
1.273	1.025	1.173	1.287	1.025	1.173	1.261	1.016	1.173	1.121	1.140	1.152	
1.273	1.026	1.173	1.287	1.024	1.174	1.261	1.016	1.174	1.126	1.137	1.156	
1.273	1.026	1.174	1.287	1.024	1.174	1.261	1.016	1.175	1.129	1.132	1.164	
1.273	1.026	1.175	1.287	1.024	1.174	1.260	1.017	1.175	1.133	1.127	1.171	
1.273	1.026	1.176	1.288	1.025	1.175	1.260	1.017	1.175	1.136	1.122	1.178	
1.273	1.026	1.176	1.288	1.025	1.175	1.259	1.017	1.176	1.139	1.117	1.186	
1.273	1.026	1.176	1.288	1.025	1.175	1.260	1.017	1.175	1.136	1.120	1.188	
1.273	1.026	1.176	1.288	1.025	1.176	1.261	1.017	1.175	1.133	1.122	1.190	
1.273	1.026	1.176	1.288	1.025	1.176	1.262	1.017	1.175	1.131	1.125	1.192	
1.274	1.027	1.177	1.288	1.025	1.176	1.263	1.017	1.174	1.128	1.128	1.194	
1.274	1.026	1.177	1.288	1.026	1.177	1.263	1.017	1.176	1.123	1.135	1.188	
1.274	1.026	1.178	1.288	1.026	1.178	1.263	1.017	1.177	1.117	1.142	1.181	
1.274	1.026	1.178	1.288	1.027	1.178	1.263	1.018	1.178	1.112	1.149	1.175	
1.274	1.026	1.179	1.288	1.027	1.179	1.263	1.018	1.179	1.107	1.156	1.169	
1.274	1.026	1.179	1.288	1.027	1.179	1.263	1.018	1.178	1.109	1.160	1.162	
1.273	1.026	1.180	1.287	1.026	1.179	1.263	1.018	1.178	1.110	1.163	1.156	
1.273	1.026	1.180	1.287	1.026	1.179	1.262	1.018	1.178	1.112	1.166	1.150	
1.272	1.026	1.180	1.287	1.025	1.179	1.262	1.019	1.178	1.114	1.170	1.144	
1.273	1.026	1.181	1.287	1.025	1.180	1.262	1.019	1.179	1.121	1.164	1.144	
1.273	1.026	1.181	1.287	1.026	1.181	1.262	1.019	1.179	1.128	1.159	1.145	
1.273	1.026	1.182	1.287	1.026	1.182	1.263	1.019	1.180	1.135	1.154	1.145	
1.273	1.026	1.182	1.287	1.026	1.183	1.263	1.019	1.181	1.142	1.148	1.146	
1.274	1.025	1.182	1.288	1.026	1.183	1.263	1.019	1.181	1.146	1.142	1.150	
1.274	1.025	1.183	1.288	1.025	1.183	1.262	1.020	1.181	1.151	1.135	1.154	
1.275	1.025	1.183	1.288	1.025	1.183	1.262	1.020	1.181	1.155	1.129	1.158	
1.275	1.024	1.183	1.288	1.025	1.183	1.261	1.020	1.181	1.159	1.123	1.162	
1.275	1.025	1.183	1.288	1.025	1.183	1.262	1.020	1.181	1.154	1.122	1.162	
1.275	1.025	1.184	1.287	1.026	1.183	1.262	1.020	1.181	1.149	1.121	1.162	
1.274	1.025	1.184	1.287	1.026	1.183	1.263	1.020	1.182	1.144	1.120	1.162	
1.274	1.026	1.184	1.286	1.026	1.184	1.263	1.020	1.182	1.139	1.119	1.162	
1.275	1.026	1.185	1.286	1.026	1.185	1.263	1.020	1.182	1.131	1.122	1.156	
1.275	1.026	1.185	1.286	1.026	1.185	1.263	1.019	1.183	1.124	1.126	1.150	
1.275	1.025	1.185	1.286	1.026	1.186	1.262	1.019	1.184	1.116	1.130	1.144	
1.275	1.025	1.185	1.286	1.026	1.187	1.262	1.019	1.185	1.109	1.133	1.138	
1.276	1.026	1.186	1.287	1.026	1.188	1.262	1.019	1.186	1.108	1.136	1.136	
1.276	1.026	1.188	1.287	1.027	1.188	1.263	1.020	1.186	1.106	1.138	1.134	
1.276	1.027	1.189	1.287	1.027	1.188	1.263	1.020	1.187	1.104	1.140	1.133	
1.276	1.027	1.190	1.287	1.027	1.188	1.263	1.021	1.187	1.103	1.143	1.131	
1.276	1.027	1.190	1.287	1.027	1.189	1.263	1.021	1.187	1.106	1.138	1.137	
1.275	1.027	1.190	1.288	1.027	1.189	1.263	1.021	1.187	1.110	1.134	1.143	
1.275	1.027	1.190	1.288	1.027	1.189	1.262	1.021	1.188	1.114	1.130	1.149	
1.274	1.027	1.190	1.289	1.027	1.190	1.262	1.021	1.188	1.117	1.126	1.155	
1.275	1.027	1.191	1.289	1.027	1.191	1.263	1.021	1.188	1.120	1.123	1.163	
1.275	1.027	1.191	1.288	1.027	1.192	1.263	1.021	1.188	1.123	1.119	1.171	
1.275	1.028	1.192	1.288	1.026	1.193	1.263	1.020	1.189	1.126	1.116	1.180	
1.275	1.028	1.192	1.288	1.026	1.195	1.264	1.020	1.189	1.129	1.113	1.188	
1.275	1.028	1.192	1.288	1.027	1.194	1.264	1.020	1.190	1.126	1.117	1.187	
1.274	1.028	1.193	1.289	1.027	1.193	1.263	1.021	1.191	1.122	1.120	1.187	
1.274	1.027	1.193	1.289	1.027	1.192	1.263	1.021	1.192	1.119	1.124	1.187	
1.274	1.027	1.194	1.289	1.027	1.192	1.263	1.021	1.193	1.115	1.128	1.186	
1.274	1.027	1.194	1.289	1.027	1.193	1.264	1.021	1.192	1.111	1.137	1.179	
1.275	1.027	1.195	1.290	1.027	1.194	1.264	1.021	1.192	1.108	1.145	1.171	
1.275	1.028	1.195	1.290	1.026	1.195	1.265	1.021	1.192	1.104	1.154	1.164	
1.275	1.028	1.196	1.290	1.026	1.197	1.266	1.021	1.192	1.101	1.163	1.156	
1.275	1.028	1.196	1.290	1.026	1.197	1.266	1.021	1.192	1.104	1.166	1.151	
1.275	1.028	1.196	1.289	1.027	1.197	1.266	1.021	1.193	1.107	1.169	1.145	
1.275	1.029	1.196	1.289	1.027	1.198	1.267	1.022	1.193	1.110	1.172	1.140	
1.275	1.029	1.195	1.289	1.028	1.198	1.267	1.022	1.194	1.114	1.175	1.134	
1.276	1.029	1.197	1.288	1.027	1.198	1.266	1.022	1.194	1.123	1.169	1.137	
1.276	1.028	1.198	1.288	1.027	1.199	1.265	1.022	1.195	1.131	1.163	1.141	
1.277	1.028	1.199	1.288	1.027	1.199	1.265	1.021	1.195	1.140	1.158	1.144	
1.278	1.028	1.200	1.288	1.027	1.200	1.264	1.021	1.196	1.149	1.152	1.147	
1.278	1.028	1.201	1.288	1.027	1.200	1.264	1.021	1.197	1.154	1.145	1.154	
1.278	1.028	1.202	1.288	1.027	1.200	1.264	1.021	1.197	1.159	1.138	1.160	
1.278	1.029	1.203	1.288	1.028	1.200	1.265	1.021	1.198	1.163	1.131	1.167	
1.277	1.029	1.203	1.288	1.028	1.200	1.265	1.020	1.199	1.168	1.124	1.174	
1.277	1.029	1.202	1.287	1.028	1.201	1.265	1.021	1.199	1.165	1.124	1.174	
1.276	1.029	1.202	1.287	1.028	1.202	1.264	1.022	1.199	1.162	1.125	1.174	
1.275	1.029	1.201	1.287	1.029	1.203	1.264	1.023	1.200	1.159	1.126	1.175	
1.275	1.029	1.200	1.287	1.029	1.204	1.264	1.024	1.200	1.155	1.126	1.175	
1.275	1.029	1.201	1.288	1.029	1.204	1.264	1.023	1.200	1.147	1.134	1.170	
1.275	1.029	1.202	1.289	1.029	1.204	1.264	1.023	1.200	1.140	1.142	1.164	
1.276	1.029	1.203	1.290	1.029	1.205	1.265	1.022	1.200	1.132	1.149	1.159	
1.276	1.029	1.204	1.290	1.029	1.205	1.265	1.021	1.201	1.124	1.157	1.154	
1.276	1.029	1.205	1.291	1.029	1.205	1.265	1.022	1.201	1.125	1.159	1.151	
1.276	1.029	1.205	1.291	1.029	1.205	1.264	1.022	1.202	1.125	1.162	1.147	
1.275	1.029	1.205	1.291	1.029	1.205	1.264	1.022	1.202	1.126	1.164	1.143	
1.275	1.029	1.206	1.291	1.029	1.206	1.263	1.022	1.203	1.127	1.166	1.140	
1.275	1.030	1.206	1.291	1.029	1.206	1.264	1.022	1.203	1.135	1.163	1.148	
1.276	1.030	1.206	1.291	1.029	1.207	1.265	1.022	1.204	1.144	1.159	1.156	
1.276	1.030	1.206	1.290	1.030	1.207	1.266	1.022	1.204	1.153	1.155	1.165	
1.276	1.030	1.206	1.290	1.030	1.208	1.267	1.022	1.205	1.162	1.151	1.173	
1.276	1.030	1.207	1.290	1.030	1.208	1.267	1.023	1.206	1.167	1.147	1.185	
1.276	1.031	1.207	1.289	1.029	1.208	1.267	1.023	1.206	1.172	1.143	1.198	
1.276	1.031	1.207	1.289	1.029	1.209	1.266	1.023	1.207	1.177	1.139	1.210	
1.276	1.031	1.208	1.288	1.029	1.209	1.266	1.023	1.208	1.181	1.135	1.223	
1.276	1.031	1.208	1.288	1.029	1.209	1.266	1.023	1.208	1.178	1.140	1.229	
1.276	1.030	1.209	1.288	1.029	1.210	1.265	1.024	1.207	1.175	1.146	1.235	
1.276	1.030	1.210	1.288	1.029	1.210	1.265	1.024	1.207	1.172	1.151	1.242	
1.276	1.029	1.211	1.288	1.029	1.211	1.264	1.024	1.207	1.169	1.156	1.248	
1.276	1.030	1.211	1.289	1.030	1.211	1.265	1.024	1.207	1.165	1.169	1.247	
1.276	1.030	1.211	1.289	1.030	1.211	1.266	1.023	1.208	1.162	1.182	1.246	
1.276	1.030	1.212	1.290	1.030	1.211	1.268	1.023	1.209	1.158	1.196	1.246	
1.276	1.031	1.212	1.291	1.030	1.211	1.269	1.023	1.210	1.155	1.209	1.245	
1.276	1.031	1.212	1.291	1.030	1.212	1.268	1.023	1.210	1.160	1.220	1.245	
1.276	1.031	1.212	1.291	1.030	1.213	1.268	1.023	1.211	1.166	1.231	1.246	
1.276	1.031	1.213	1.291	1.030	1.214	1.268	1.023	1.212	1.171	1.243	1.246	
1.276	1.032	1.213	1.291	1.030	1.215	1.267	1.023	1.212	1.177	1.254	1.247	
1.276	1.031	1.213	1.292	1.030	1.215	1.268	1.023	1.213	1.191	1.257	1.258	
1.277	1.031	1.214	1.292	1.030	1.216	1.268	1.023	1.213	1.206	1.259	1.269	
1.277	1.031	1.215	1.293	1.030	1.217	1.268	1.023	1.213	1.220	1.262	1.281	
1.278	1.030	1.215	1.294	1.030	1.218	1.268	1.023	1.214	1.235	1.264	1.292	
1.278	1.031	1.216	1.294	1.030	1.218	1.268	1.022	1.214	1.247	1.264	1.310	
1.277	1.031	1.217	1.294	1.030	1.218	1.268	1.022	1.215	1.259	1.264	1.327	
1.277	1.031	1.218	1.294	1.030	1.218	1.268	1.022	1.215	1.272	1.264	1.345	
1.277	1.031	1.219	1.294	1.030	1.218	1.267	1.022	1.216	1.284	1.264	1.364	
1.277	1.031	1.220	1.294	1.031	1.218	1.268	1.023	1.216	1.288	1.274	1.378	
1.277	1.031	1.220	1.293	1.031	1.218	1.268	1.023	1.217	1.292	1.284	1.393	
1.277	1.031	1.220	1.293	1.031	1.218	1.269	1.023	1.218	1.297	1.293	1.407	
1.278	1.031	1.220	1.292	1.032	1.218	1.269	1.023	1.218	1.301	1.303	1.422	
1.278	1.031	1.221	1.293	1.032	1.220	1.270	1.023	1.217	1.302	1.324	1.432	
1.278	1.031	1.221	1.293	1.031	1.221	1.270	1.023	1.217	1.304	1.344	1.442	
1.278	1.031	1.222	1.293	1.031	1.222	1.271	1.023	1.216	1.306	1.365	1.452	
1.279	1.032	1.222	1.293	1.031	1.223	1.272	1.023	1.215	1.307	1.387	1.462	
1.278	1.031	1.223	1.293	1.031	1.223	1.271	1.023	1.216	1.317	1.407	1.476	
1.278	1.031	1.224	1.293	1.031	1.223	1.270	1.023	1.218	1.327	1.427	1.489	
1.278	1.031	1.224	1.293	1.032	1.222	1.269	1.023	1.219	1.338	1.447	1.503	
1.277	1.031	1.225	1.293	1.032	1.222	1.269	1.023	1.220	1.348	1.468	1.517	
1.277	1.031	1.225	1.293	1.032	1.223	1.269	1.024	1.221	1.370	1.480	1.545	
1.277	1.031	1.225	1.293	1.032	1.223	1.270	1.024	1.221	1.393	1.493	1.575	
1.277	1.032	1.225	1.293	1.032	1.224	1.270	1.025	1.221	1.416	1.506	1.605	
1.277	1.032	1.224	1.294	1.032	1.224	1.271	1.025	1.221	1.440	1.519	1.635	
1.277	1.032	1.225	1.294	1.032	1.225	1.271	1.025	1.222	1.464	1.534	1.676	
1.278	1.032	1.225	1.294	1.032	1.226	1.271	1.025	1.223	1.488	1.548	1.718	
1.278	1.032	1.226	1.295	1.032	1.227	1.271	1.024	1.225	1.513	1.563	1.761	
1.279	1.031	1.227	1.295	1.032	1.228	1.271	1.024	1.226	1.538	1.578	1.805	
1.279	1.032	1.227	1.295	1.032	1.228	1.271	1.024	1.226	1.557	1.607	1.846	
1.279	1.032	1.228	1.295	1.033	1.228	1.271	1.024	1.226	1.575	1.636	1.887	
1.278	1.032	1.228	1.295	1.033	1.228	1.271	1.024	1.225	1.594	1.666	1.929	
1.278	1.032	1.229	1.296	1.034	1.228	1.271	1.024	1.225	1.613	1.696	1.972	
1.278	1.032	1.229	1.295	1.034	1.229	1.271	1.025	1.226	1.630	1.740	2.007	
1.277	1.032	1.230	1.294	1.034	1.229	1.272	1.025	1.227	1.647	1.785	2.042	
1.277	1.032	1.230	1.294	1.034	1.230	1.272	1.026	1.227	1.665	1.831	2.078	
1.276	1.032	1.231	1.293	1.034	1.231	1.272	1.027	1.228	1.682	1.878	2.114	
1.277	1.033	1.231	1.293	1.034	1.231	1.272	1.026	1.228	1.713	1.928	2.149	
1.278	1.033	1.232	1.294	1.033	1.232	1.272	1.026	1.228	1.744	1.979	2.184	
1.279	1.033	1.232	1.294	1.033	1.232	1.272	1.026	1.228	1.776	2.032	2.220	
1.280	1.033	1.233	1.294	1.033	1.233	1.272	1.026	1.228	1.809	2.086	2.256	
1.279	1.033	1.233	1.295	1.033	1.233	1.272	1.026	1.228	1.859	2.128	2.310	
1.279	1.033	1.233	1.295	1.033	1.232	1.272	1.025	1.228	1.911	2.172	2.364	
1.278	1.033	1.234	1.295	1.032	1.232	1.272	1.025	1.228	1.964	2.217	2.420	
1.278	1.033	1.234	1.295	1.032	1.231	1.272	1.024	1.228	2.019	2.262	2.477	
1.278	1.034	1.234	1.296	1.032	1.232	1.272	1.024	1.229	2.079	2.305	2.551	
1.279	1.034	1.235	1.296	1.032	1.234	1.273	1.024	1.230	2.140	2.349	2.627	
1.279	1.034	1.235	1.297	1.033	1.235	1.273	1.024	1.231	2.203	2.394	2.706	
1.280	1.035	1.236	1.297	1.033	1.236	1.274	1.024	1.232	2.267	2.440	2.787	
1.280	1.035	1.237	1.297	1.033	1.236	1.275	1.024	1.232	2.321	2.496	2.875	
1.279	1.034	1.238	1.297	1.033	1.236	1.276	1.024	1.233	2.376	2.553	2.966	
1.279	1.034	1.239	1.297	1.034	1.237	1.277	1.024	1.234	2.433	2.611	3.059	
1.279	1.034	1.240	1.297	1.034	1.237	1.278	1.025	1.234	2.491	2.670	3.156	
1.280	1.034	1.239	1.297	1.034	1.237	1.277	1.025	1.235	2.544	2.752	3.256	
1.280	1.034	1.239	1.297	1.035	1.238	1.277	1.026	1.236	2.599	2.837	3.360	
1.281	1.034	1.239	1.297	1.035	1.238	1.276	1.026	1.237	2.655	2.924	3.467	
1.281	1.034	1.239	1.297	1.035	1.238	1.276	1.027	1.237	2.712	3.014	3.577	
1.281	1.035	1.239	1.297	1.035	1.239	1.276	1.026	1.238	2.777	3.118	3.699	
1.281	1.035	1.240	1.296	1.034	1.239	1.276	1.026	1.238	2.845	3.225	3.826	
1.281	1.035	1.241	1.296	1.034	1.239	1.276	1.026	1.239	2.914	3.336	3.957	
1.281	1.035	1.242	1.296	1.034	1.239	1.277	1.026	1.240	2.985	3.450	4.092	
1.281	1.035	1.242	1.297	1.034	1.240	1.276	1.026	1.240	3.082	3.570	4.259	
1.281	1.035	1.242	1.297	1.034	1.240	1.275	1.026	1.240	3.183	3.694	4.432	
1.282	1.035	1.241	1.298	1.034	1.241	1.275	1.026	1.240	3.287	3.822	4.612	
1.282	1.035	1.241	1.299	1.034	1.241	1.274	1.026	1.240	3.395	3.955	4.800	
1.282	1.035	1.242	1.299	1.034	1.242	1.275	1.026	1.240	3.519	4.098	5.021	
1.282	1.035	1.243	1.299	1.034	1.243	1.277	1.027	1.241	3.647	4.245	5.251	
1.282	1.035	1.244	1.299	1.034	1.244	1.278	1.027	1.241	3.780	4.398	5.493	
1.282	1.035	1.245	1.299	1.034	1.244	1.279	1.027	1.242	3.918	4.557	5.745	
1.282	1.035	1.246	1.299	1.034	1.245	1.279	1.027	1.242	4.067	4.745	6.038	
1.282	1.035	1.246	1.300	1.035	1.246	1.278	1.027	1.243	4.222	4.942	6.346	
1.282	1.035	1.247	1.300	1.035	1.246	1.278	1.027	1.244	4.382	5.146	6.669	
1.283	1.035	1.247	1.301	1.035	1.247	1.278	1.027	1.244	4.549	5.359	7.009	
1.283	1.035	1.247	1.301	1.035	1.247	1.278	1.027	1.245	4.724	5.617	7.348	
1.283	1.035	1.247	1.301	1.035	1.247	1.279	1.027	1.245	4.905	5.888	7.702	
1.283	1.035	1.247	1.301	1.034	1.247	1.280	1.028	1.246	5.094	6.171	8.074	
1.283	1.035	1.248	1.301	1.034	1.247	1.281	1.028	1.246	5.291	6.469	8.464	
1.283	1.035	1.249	1.301	1.034	1.247	1.281	1.028	1.246	5.524	6.810	8.857	
1.283	1.035	1.250	1.301	1.035	1.248	1.281	1.028	1.247	5.768	7.168	9.270	
1.283	1.035	1.251	1.301	1.035	1.248	1.282	1.028	1.247	6.023	7.546	9.701	
1.283	1.035	1.251	1.302	1.035	1.249	1.282	1.028	1.247	6.289	7.944	10.152	
1.283	1.035	1.251	1.302	1.035	1.249	1.282	1.028	1.247	6.609	8.376	10.642	
1.283	1.036	1.251	1.302	1.035	1.249	1.282	1.028	1.246	6.945	8.833	11.155	
1.283	1.036	1.251	1.302	1.035	1.249	1.281	1.028	1.245	7.298	9.314	11.692	
1.283	1.036	1.251	1.302	1.035	1.249	1.281	1.028	1.244	7.670	9.821	12.256	
1.283	1.036	1.252	1.303	1.035	1.250	1.282	1.028	1.245	8.104	10.315	12.920	
1.283	1.035	1.252	1.303	1.036	1.252	1.282	1.028	1.245	8.562	10.835	13.619	
1.283	1.035	1.253	1.303	1.036	1.253	1.282	1.028	1.246	9.046	11.381	14.356	
1.283	1.035	1.254	1.304	1.037	1.255	1.283	1.028	1.246	9.557	11.954	15.134	
1.284	1.035	1.255	1.303	1.037	1.255	1.283	1.028	1.247	10.119	12.594	15.998	
1.284	1.035	1.256	1.303	1.037	1.255	1.284	1.028	1.247	10.713	13.268	16.912	
1.285	1.036	1.257	1.302	1.037	1.255	1.285	1.028	1.248	11.343	13.978	17.877	
1.286	1.036	1.258	1.302	1.037	1.255	1.285	1.028	1.249	12.009	14.726	18.899	
1.286	1.036	1.258	1.302	1.037	1.256	1.285	1.028	1.250	12.676	15.548	20.070	
1.286	1.036	1.259	1.302	1.036	1.257	1.285	1.027	1.250	13.381	16.415	21.314	
1.286	1.036	1.259	1.303	1.036	1.258	1.284	1.027	1.251	14.124	17.331	22.635	
1.287	1.036	1.259	1.303	1.036	1.259	1.284	1.027	1.252	14.909	18.299	24.039	
1.287	1.036	1.260	1.303	1.036	1.259	1.284	1.028	1.254	15.772	19.417	25.700	
1.286	1.036	1.260	1.304	1.036	1.259	1.284	1.028	1.255	16.685	20.603	27.476	
1.286	1.036	1.261	1.304	1.037	1.259	1.284	1.029	1.257	17.651	21.862	29.374	
1.286	1.036	1.261	1.304	1.037	1.259	1.284	1.029	1.258	18.673	23.198	31.405	
1.287	1.036	1.262	1.304	1.037	1.260	1.284	1.029	1.259	19.776	24.687	33.712	
1.287	1.036	1.262	1.305	1.037	1.260	1.284	1.029	1.259	20.944	26.270	36.190	
1.288	1.036	1.262	1.305	1.037	1.261	1.284	1.029	1.259	22.181	27.956	38.849	
1.288	1.036	1.262	1.305	1.036	1.261	1.284	1.029	1.260	23.492	29.751	41.706	
1.287	1.037	1.262	1.306	1.037	1.262	1.285	1.029	1.259	25.056	31.904	45.337	
1.287	1.037	1.262	1.307	1.037	1.262	1.286	1.028	1.259	26.725	34.214	49.284	
1.286	1.038	1.263	1.308	1.037	1.263	1.288	1.028	1.259	28.505	36.691	53.575	
1.286	1.038	1.263	1.308	1.037	1.264	1.289	1.027	1.258	30.404	39.348	58.239	
1.286	1.039	1.264	1.308	1.037	1.264	1.289	1.028	1.258	32.535	42.410	63.482	
1.287	1.039	1.264	1.308	1.036	1.264	1.289	1.029	1.258	34.816	45.711	69.196	
1.288	1.039	1.265	1.307	1.036	1.264	1.289	1.030	1.258	37.257	49.269	75.425	
1.288	1.039	1.265	1.307	1.036	1.265	1.289	1.031	1.258	39.870	53.107	82.216	
1.289	1.039	1.266	1.307	1.036	1.266	1.289	1.031	1.259	42.939	57.811	89.833	
1.289	1.038	1.266	1.307	1.037	1.267	1.289	1.031	1.260	46.245	62.932	98.157	
1.289	1.038	1.267	1.308	1.038	1.268	1.289	1.030	1.261	49.805	68.506	107.252	
1.289	1.038	1.267	1.308	1.038	1.269	1.289	1.030	1.261	53.641	74.578	117.189	
1.290	1.038	1.268	1.309	1.039	1.269	1.289	1.031	1.262	58.131	81.989	127.873	
1.290	1.038	1.268	1.309	1.039	1.269	1.289	1.031	1.263	62.997	90.136	139.531	
1.290	1.039	1.268	1.310	1.040	1.268	1.289	1.031	1.264	68.270	99.093	152.252	
1.291	1.039	1.268	1.310	1.040	1.268	1.288	1.031	1.264	73.988	108.941	166.132	
1.291	1.039	1.269	1.310	1.039	1.269	1.289	1.031	1.265	81.036	119.728	181.013	
1.291	1.038	1.269	1.310	1.038	1.270	1.289	1.031	1.266	88.755	131.584	197.227	
1.291	1.038	1.270	1.310	1.037	1.271	1.290	1.031	1.267	97.210	144.615	214.894	
1.291	1.038	1.271	1.310	1.036	1.272	1.290	1.030	1.268	106.475	158.938	234.135	
1.291	1.038	1.271	1.310	1.037	1.272	1.291	1.030	1.268	117.842	175.243	253.517	
1.291	1.039	1.272	1.310	1.037	1.272	1.291	1.031	1.268	130.423	193.222	274.503	
1.291	1.040	1.273	1.311	1.038	1.272	1.292	1.031	1.268	144.347	213.045	297.227	
1.290	1.040	1.273	1.311	1.038	1.272	1.292	1.031	1.269	159.758	234.892	321.828	
1.291	1.040	1.273	1.311	1.038	1.273	1.292	1.031	1.269	176.957	256.989	347.758	
1.291	1.040	1.274	1.310	1.039	1.275	1.292	1.031	1.269	196.009	281.166	375.778	
1.291	1.041	1.274	1.310	1.039	1.276	1.292	1.031	1.270	217.112	307.616	406.056	
1.291	1.041	1.274	1.309	1.039	1.277	1.292	1.031	1.270	240.489	336.561	438.805	
1.291	1.041	1.275	1.310	1.039	1.278	1.293	1.031	1.271	266.971	369.386	481.005	
1.292	1.041	1.276	1.311	1.039	1.278	1.294	1.031	1.271	296.369	405.413	527.264	
1.292	1.041	1.277	1.312	1.039	1.278	1.295	1.031	1.272	329.004	444.954	577.971	
1.293	1.041	1.278	1.313	1.039	1.279	1.296	1.031	1.273	365.224	488.341	633.583	
1.293	1.041	1.278	1.313	1.039	1.279	1.295	1.031	1.273	403.781	533.703	700.628	
1.294	1.041	1.279	1.313	1.039	1.280	1.295	1.031	1.273	446.408	583.280	774.768	
1.294	1.040	1.280	1.313	1.039	1.281	1.295	1.031	1.273	493.535	637.461	856.754	
1.294	1.040	1.281	1.313	1.039	1.282	1.295	1.031	1.273	545.646	696.710	947.456	
1.294	1.040	1.281	1.313	1.039	1.281	1.295	1.031	1.273	605.112	768.734	1056.708	
1.295	1.040	1.280	1.314	1.040	1.281	1.296	1.031	1.274	671.057	848.204	1178.556	
1.295	1.040	1.280	1.314	1.040	1.280	1.296	1.031	1.274	744.190	935.890	1314.454	
1.296	1.040	1.280	1.314	1.040	1.280	1.297	1.031	1.274	825.286	1032.705	1465.802	
1.296	1.040	1.281	1.315	1.040	1.281	1.297	1.031	1.275	913.759	1153.525	1587.474	
1.297	1.040	1.281	1.315	1.040	1.281	1.297	1.031	1.276	1011.716	1288.482	1719.244	
1.297	1.040	1.281	1.315	1.040	1.282	1.297	1.031	1.276	1120.173	1439.227	1861.952	
1.298	1.041	1.282	1.315	1.040	1.282	1.297	1.031	1.277	1240.315	1607.415	2015.725	
1.298	1.041	1.283	1.315	1.040	1.283	1.297	1.031	1.278	1385.324	1754.018	2025.229	
1.298	1.041	1.284	1.315	1.040	1.283	1.298	1.031	1.279	1547.286	1913.994	2034.782	
1.298	1.041	1.285	1.316	1.039	1.283	1.298	1.031	1.280	1728.183	2088.561	2044.379	
1.298	1.041	1.286	1.316	1.039	1.283	1.299	1.031	1.281	1929.761	2278.014	2053.655	
1.298	1.041	1.287	1.316	1.040	1.284	1.299	1.031	1.281	2056.213	2277.234	1993.469	
1.298	1.041	1.287	1.317	1.040	1.285	1.300	1.032	1.281	2190.951	2276.453	1935.048	
1.297	1.041	1.288	1.317	1.040	1.287	1.300	1.032	1.281	2334.519	2275.673	1878.338	
1.297	1.041	1.288	1.318	1.041	1.288	1.301	1.033	1.281	2486.634	2274.690	1823.795	
1.298	1.041	1.288	1.318	1.041	1.288	1.301	1.033	1.282	2478.022	2234.894	1867.721	
1.298	1.041	1.289	1.317	1.041	1.288	1.301	1.033	1.282	2469.445	2195.794	1912.706	
1.298	1.041	1.289	1.317	1.041	1.288	1.301	1.033	1.283	2460.896	2157.378	1958.773	
1.299	1.041	1.290	1.317	1.042	1.288	1.300	1.033	1.283	2452.017	2119.933	2005.171	
1.299	1.041	1.290	1.317	1.041	1.289	1.302	1.032	1.283	2375.774	2139.592	1905.695	
1.299	1.041	1.290	1.318	1.040	1.289	1.303	1.032	1.283	2301.903	2159.436	1811.152	
1.299	1.042	1.290	1.319	1.040	1.289	1.304	1.031	1.283	2230.328	2179.463	1721.299	
1.299	1.042	1.291	1.320	1.039	1.289	1.305	1.030	1.283	2161.794	2199.228	1636.558	
1.300	1.042	1.291	1.320	1.040	1.290	1.305	1.031	1.284	2252.191	2134.646	1679.250	
1.300	1.042	1.292	1.321	1.041	1.291	1.304	1.031	1.285	2346.368	2071.959	1723.055	
1.300	1.042	1.293	1.321	1.041	1.292	1.303	1.031	1.285	2444.487	2011.114	1768.003	
1.300	1.043	1.294	1.321	1.042	1.293	1.303	1.031	1.286	2546.443	1952.709	1813.834	
1.300	1.042	1.294	1.321	1.042	1.293	1.303	1.032	1.287	2601.059	2021.498	1804.818	
1.300	1.042	1.295	1.321	1.042	1.293	1.304	1.033	1.288	2656.847	2092.709	1795.846	
1.300	1.042	1.295	1.321	1.041	1.293	1.304	1.034	1.289	2713.830	2166.427	1786.918	
1.299	1.042	1.295	1.321	1.041	1.293	1.304	1.034	1.290	2771.062	2242.736	1778.215	
1.300	1.042	1.296	1.321	1.041	1.294	1.305	1.035	1.290	2646.260	2320.145	1804.245	
1.300	1.042	1.296	1.321	1.042	1.294	1.306	1.035	1.290	2527.078	2400.225	1830.654	
1.301	1.043	1.297	1.321	1.042	1.295	1.307	1.035	1.289	2413.264	2483.071	1857.453	
1.302	1.043	1.297	1.322	1.042	1.296	1.308	1.035	1.289	2304.576	2568.775	1884.642	
1.302	1.043	1.298	1.322	1.042	1.297	1.309	1.036	1.289	2200.784	2657.437	1912.229	
1.303	1.044	1.298	1.322	1.042	1.297	1.310	1.036	1.289	2101.666	2749.159	1940.219	
1.303	1.044	1.299	1.322	1.043	1.298	1.311	1.036	1.289	2007.011	2844.046	1968.621	
1.133	1.055	1.060	1.000	1.055	1.059	1.000	1.056	1.058	2176.826	2248.409	1823.058	
1.129	1.055	1.060	1.001	1.054	1.059	1.001	1.056	1.058	2142.748	2147.210	1843.878	
1.124	1.055	1.059	1.002	1.054	1.060	1.001	1.055	1.058	2109.204	2050.564	1864.937	
1.120	1.056	1.059	1.003	1.053	1.060	1.002	1.055	1.058	2076.184	1958.269	1886.235	
1.115	1.056	1.059	1.004	1.053	1.061	1.002	1.055	1.058	2043.685	1870.130	1907.777	
1.111	1.055	1.059	1.005	1.053	1.060	1.003	1.055	1.059	2175.146	1847.755	1897.535	
1.107	1.055	1.058	1.005	1.053	1.060	1.004	1.054	1.059	2315.065	1825.646	1887.347	
1.103	1.055	1.058	1.005	1.054	1.059	1.004	1.054	1.059	2463.982	1803.805	1877.216	
1.100	1.054	1.058	1.006	1.054	1.059	1.005	1.054	1.059	2622.477	1782.224	1867.139	
1.096	1.054	1.058	1.006	1.054	1.059	1.005	1.054	1.059	2631.038	1898.274	1901.738	
1.093	1.054	1.058	1.007	1.054	1.059	1.004	1.054	1.059	2639.629	2021.877	1936.980	
1.090	1.054	1.058	1.008	1.054	1.059	1.004	1.054	1.058	2648.248	2153.530	1972.871	
1.086	1.054	1.058	1.008	1.054	1.059	1.004	1.054	1.058	2656.892	2293.748	2009.426	
1.084	1.054	1.058	1.009	1.054	1.059	1.005	1.054	1.058	2594.423	2218.058	1902.405	
1.081	1.054	1.058	1.009	1.054	1.059	1.005	1.054	1.059	2533.425	2144.865	1801.083	
1.078	1.054	1.058	1.010	1.054	1.059	1.006	1.054	1.059	2473.858	2074.087	1705.158	
1.075	1.054	1.058	1.011	1.054	1.059	1.007	1.054	1.060	2415.697	2005.645	1614.345	
1.072	1.054	1.058	1.011	1.054	1.058	1.007	1.053	1.059	2437.961	1959.605	1613.043	
1.068	1.054	1.058	1.011	1.053	1.058	1.008	1.052	1.059	2460.431	1914.620	1611.740	
1.065	1.053	1.059	1.010	1.053	1.057	1.008	1.052	1.059	2483.109	1870.670	1610.439	
1.062	1.053	1.059	1.010	1.052	1.057	1.009	1.051	1.059	2505.995	1827.729	1609.142	
1.059	1.052	1.059	1.011	1.052	1.057	1.009	1.051	1.059	2546.508	1821.545	1673.232	
1.056	1.052	1.059	1.011	1.052	1.058	1.009	1.052	1.059	2587.678	1815.384	1739.872	
1.053	1.052	1.059	1.012	1.052	1.058	1.009	1.052	1.059	2629.512	1809.242	1809.167	
1.050	1.051	1.060	1.013	1.052	1.058	1.009	1.053	1.059	2672.015	1803.126	1881.217	
1.047	1.051	1.059	1.013	1.052	1.058	1.010	1.052	1.059	2610.546	1884.338	1842.754	
1.045	1.051	1.059	1.013	1.052	1.058	1.010	1.052	1.059	2550.490	1969.207	1805.078	
1.042	1.051	1.058	1.013	1.052	1.058	1.010	1.051	1.059	2491.815	2057.899	1768.174	
1.040	1.051	1.058	1.012	1.052	1.057	1.011	1.050	1.058	2434.499	2150.576	1732.026	
1.038	1.051	1.058	1.013	1.051	1.057	1.011	1.050	1.058	2497.499	2121.247	1736.917	
1.036	1.051	1.058	1.014	1.051	1.057	1.012	1.050	1.058	2562.129	2092.317	1741.822	
1.034	1.051	1.059	1.014	1.050	1.057	1.013	1.050	1.057	2628.434	2063.783	1746.740	
1.032	1.051	1.059	1.015	1.050	1.056	1.014	1.050	1.057	2696.443	2035.643	1751.677	
1.030	1.051	1.059	1.015	1.050	1.056	1.013	1.050	1.057	2653.652	2087.437	1805.059	
1.028	1.052	1.059	1.015	1.050	1.056	1.013	1.050	1.056	2611.542	2140.546	1860.068	
1.026	1.052	1.059	1.015	1.050	1.056	1.013	1.050	1.056	2570.100	2195.005	1916.756	
1.024	1.052	1.059	1.014	1.051	1.055	1.013	1.050	1.055	2529.310	2250.841	1975.160	
1.023	1.052	1.058	1.014	1.051	1.056	1.013	1.050	1.055	2413.831	2192.715	1945.208	
1.022	1.051	1.058	1.014	1.051	1.057	1.014	1.050	1.055	2303.625	2136.089	1915.707	
1.021	1.051	1.057	1.014	1.051	1.058	1.015	1.050	1.056	2198.450	2080.925	1886.656	
1.019	1.051	1.056	1.014	1.050	1.059	1.016	1.049	1.056	2098.097	2027.185	1858.047	
1.019	1.051	1.056	1.015	1.050	1.058	1.016	1.049	1.056	2193.652	1983.163	1851.844	
1.018	1.050	1.057	1.015	1.049	1.057	1.016	1.049	1.056	2293.555	1940.094	1845.664	
1.018	1.050	1.057	1.016	1.048	1.056	1.016	1.049	1.057	2398.010	1897.962	1839.503	
1.017	1.050	1.057	1.017	1.047	1.055	1.016	1.049	1.057	2507.192	1856.752	1833.365	
1.016	1.050	1.057	1.018	1.047	1.055	1.017	1.049	1.056	2361.410	1887.685	1852.783	
1.016	1.049	1.057	1.018	1.047	1.055	1.017	1.049	1.056	2224.104	1919.133	1872.406	
1.015	1.049	1.057	1.018	1.047	1.055	1.017	1.049	1.055	2094.785	1951.106	1892.237	
1.014	1.049	1.057	1.019	1.047	1.055	1.017	1.049	1.055	1972.999	1983.613	1912.269	
1.014	1.049	1.057	1.019	1.047	1.055	1.018	1.049	1.054	2007.751	2021.353	1858.489	
1.014	1.049	1.056	1.019	1.048	1.054	1.019	1.049	1.054	2043.114	2059.816	1806.220	
1.014	1.049	1.055	1.019	1.048	1.054	1.020	1.049	1.054	2079.100	2099.009	1755.422	
1.013	1.048	1.054	1.019	1.048	1.054	1.021	1.050	1.054	2115.718	2138.952	1706.069	
1.013	1.048	1.054	1.019	1.048	1.054	1.020	1.049	1.054	2144.528	2208.762	1778.150	
1.013	1.049	1.054	1.019	1.047	1.054	1.020	1.049	1.053	2173.733	2280.852	1853.276	
1.012	1.049	1.055	1.020	1.047	1.055	1.019	1.049	1.053	2203.332	2355.294	1931.575	
1.012	1.049	1.055	1.020	1.047	1.055	1.018	1.048	1.053	2233.341	2432.151	2013.164	
1.012	1.049	1.055	1.021	1.047	1.054	1.019	1.048	1.053	2305.760	2400.773	1960.829	
1.011	1.049	1.055	1.021	1.047	1.054	1.021	1.048	1.053	2380.528	2369.803	1909.856	
1.010	1.048	1.055	1.022	1.047	1.053	1.022	1.048	1.053	2457.721	2339.230	1860.206	
1.009	1.048	1.055	1.023	1.047	1.052	1.023	1.048	1.053	2537.389	2309.048	1811.826	
1.009	1.047	1.055	1.023	1.047	1.053	1.023	1.048	1.053	2457.962	2244.201	1636.408	
1.009	1.047	1.055	1.022	1.047	1.054	1.023	1.047	1.054	2381.019	2181.173	1477.974	
1.009	1.046	1.056	1.022	1.047	1.055	1.022	1.047	1.054	2306.487	2119.918	1334.879	
1.009	1.045	1.056	1.022	1.047	1.055	1.022	1.047	1.054	2234.269	2060.364	1205.609	
1.008	1.045	1.056	1.022	1.046	1.055	1.022	1.046	1.054	2061.979	1899.549	942.876	
1.007	1.046	1.055	1.023	1.046	1.055	1.022	1.045	1.053	1902.977	1751.285	737.399	
1.006	1.046	1.055	1.024	1.045	1.055	1.022	1.045	1.052	1756.234	1614.594	576.701	
1.006	1.046	1.055	1.024	1.044	1.055	1.021	1.044	1.052	1620.821	1488.531	451.027	
1.006	1.046	1.055	1.024	1.045	1.055	1.022	1.044	1.052	1568.523	1172.595	371.926	
1.006	1.046	1.055	1.025	1.046	1.055	1.023	1.045	1.052	1517.913	923.714	306.697	
1.006	1.045	1.055	1.025	1.046	1.054	1.024	1.045	1.053	1468.935	727.658	252.908	
1.007	1.045	1.055	1.025	1.047	1.054	1.025	1.046	1.053	1421.499	573.217	208.555	
1.006	1.045	1.055	1.025	1.047	1.054	1.025	1.045	1.053	1187.840	460.598	178.757	
1.005	1.045	1.055	1.025	1.047	1.053	1.026	1.045	1.052	992.588	370.105	153.218	
1.004	1.045	1.054	1.026	1.046	1.052	1.026	1.044	1.052	829.432	297.391	131.327	
1.003	1.045	1.054	1.026	1.046	1.052	1.026	1.044	1.052	693.086	238.966	112.564	
1.003	1.045	1.054	1.026	1.046	1.052	1.026	1.044	1.052	548.389	201.729	99.116	
1.003	1.045	1.054	1.026	1.046	1.053	1.026	1.045	1.052	433.900	170.295	87.275	
1.003	1.045	1.054	1.026	1.046	1.053	1.027	1.045	1.051	343.314	143.759	76.848	
1.002	1.045	1.055	1.027	1.045	1.053	1.027	1.045	1.051	271.642	121.359	67.668	
1.002	1.045	1.054	1.027	1.045	1.053	1.027	1.045	1.051	225.364	105.599	60.392	
1.002	1.045	1.054	1.028	1.045	1.053	1.027	1.045	1.051	186.971	91.886	53.898	
1.002	1.045	1.054	1.029	1.044	1.053	1.028	1.044	1.051	155.118	79.953	48.103	
1.002	1.045	1.053	1.029	1.044	1.052	1.028	1.044	1.051	128.693	69.570	42.931	
1.002	1.045	1.053	1.030	1.044	1.052	1.028	1.044	1.051	111.114	61.919	38.922	
1.001	1.045	1.054	1.030	1.044	1.052	1.029	1.044	1.051	95.937	55.110	35.288	
1.001	1.044	1.054	1.030	1.044	1.052	1.029	1.044	1.050	82.832	49.049	31.992	
1.000	1.044	1.054	1.030	1.044	1.052	1.030	1.044	1.050	71.518	43.655	29.005	
1.000	1.044	1.054	1.030	1.043	1.052	1.030	1.044	1.050	63.323	39.517	26.488	
1.000	1.043	1.053	1.030	1.043	1.051	1.030	1.044	1.050	56.066	35.772	24.189	
1.000	1.043	1.053	1.031	1.043	1.051	1.030	1.043	1.049	49.641	32.382	22.089	
1.001	1.042	1.053	1.031	1.042	1.051	1.030	1.043	1.049	43.952	29.314	20.172	
1.000	1.043	1.053	1.031	1.042	1.051	1.030	1.043	1.049	39.663	26.762	18.665	
1.000	1.043	1.052	1.032	1.043	1.051	1.030	1.042	1.048	35.793	24.432	17.271	
1.000	1.043	1.052	1.033	1.043	1.051	1.030	1.041	1.048	32.300	22.305	15.981	
1.000	1.044	1.051	1.033	1.043	1.051	1.029	1.041	1.048	29.148	20.363	14.787	
1.000	1.043	1.052	1.033	1.043	1.051	1.030	1.041	1.048	26.556	18.738	13.699	
1.000	1.043	1.052	1.033	1.043	1.051	1.031	1.041	1.049	24.195	17.243	12.690	
1.001	1.043	1.052	1.034	1.043	1.051	1.032	1.041	1.050	22.043	15.868	11.756	
1.001	1.042	1.053	1.034	1.043	1.051	1.032	1.041	1.051	20.083	14.602	10.891	
1.001	1.042	1.052	1.034	1.043	1.051	1.032	1.041	1.050	18.487	13.529	10.168	
1.001	1.042	1.052	1.035	1.042	1.051	1.032	1.041	1.050	17.017	12.534	9.493	
1.001	1.042	1.051	1.036	1.042	1.050	1.033	1.042	1.050	15.664	11.613	8.863	
1.001	1.042	1.051	1.036	1.042	1.050	1.033	1.042	1.050	14.418	10.760	8.274	
1.001	1.042	1.051	1.036	1.041	1.050	1.033	1.042	1.050	13.352	10.050	7.757	
1.001	1.042	1.051	1.036	1.040	1.050	1.032	1.041	1.051	12.365	9.386	7.271	
1.002	1.042	1.051	1.036	1.040	1.050	1.032	1.041	1.052	11.450	8.767	6.816	
1.002	1.041	1.051	1.036	1.039	1.050	1.032	1.041	1.053	10.604	8.188	6.390	
1.002	1.041	1.051	1.036	1.040	1.050	1.033	1.041	1.051	9.886	7.665	6.020	
1.002	1.040	1.051	1.036	1.041	1.049	1.033	1.041	1.050	9.217	7.176	5.672	
1.002	1.039	1.051	1.036	1.041	1.049	1.034	1.041	1.049	8.593	6.717	5.344	
1.002	1.038	1.051	1.036	1.042	1.049	1.035	1.040	1.048	8.012	6.288	5.035	
1.002	1.038	1.050	1.036	1.042	1.048	1.035	1.041	1.049	7.511	5.922	4.784	
1.002	1.038	1.050	1.036	1.041	1.048	1.035	1.041	1.049	7.042	5.576	4.545	
1.002	1.038	1.050	1.036	1.041	1.048	1.035	1.041	1.049	6.602	5.251	4.318	
1.002	1.038	1.050	1.036	1.040	1.047	1.035	1.041	1.050	6.190	4.945	4.103	
1.003	1.039	1.050	1.037	1.040	1.047	1.035	1.041	1.049	5.826	4.690	3.925	
1.003	1.039	1.050	1.038	1.040	1.047	1.036	1.041	1.048	5.484	4.449	3.755	
1.003	1.040	1.050	1.038	1.040	1.047	1.037	1.040	1.047	5.162	4.220	3.592	
1.004	1.040	1.050	1.039	1.040	1.047	1.037	1.040	1.046	4.859	4.003	3.436	
1.004	1.040	1.050	1.039	1.040	1.048	1.037	1.040	1.046	4.603	3.824	3.300	
1.004	1.039	1.050	1.040	1.040	1.048	1.037	1.039	1.047	4.361	3.654	3.169	
1.004	1.039	1.050	1.040	1.040	1.049	1.038	1.039	1.047	4.132	3.491	3.043	
1.004	1.039	1.050	1.040	1.040	1.050	1.038	1.038	1.047	3.914	3.335	2.922	
1.004	1.039	1.049	1.040	1.040	1.049	1.038	1.038	1.047	3.733	3.204	2.817	
1.004	1.039	1.049	1.040	1.040	1.048	1.038	1.039	1.047	3.561	3.078	2.717	
1.005	1.039	1.048	1.040	1.040	1.048	1.038	1.039	1.047	3.396	2.957	2.620	
1.005	1.039	1.048	1.039	1.039	1.047	1.038	1.039	1.047	3.239	2.841	2.526	
1.005	1.039	1.048	1.040	1.039	1.047	1.038	1.039	1.047	3.111	2.737	2.451	
1.005	1.038	1.048	1.041	1.039	1.048	1.039	1.040	1.047	2.988	2.637	2.378	
1.005	1.038	1.048	1.041	1.039	1.048	1.040	1.040	1.047	2.869	2.541	2.308	
1.006	1.038	1.048	1.042	1.039	1.048	1.040	1.040	1.047	2.755	2.448	2.239	
1.005	1.038	1.048	1.041	1.039	1.048	1.041	1.041	1.047	2.656	2.369	2.182	
1.005	1.037	1.048	1.041	1.039	1.048	1.041	1.041	1.048	2.560	2.293	2.126	
1.005	1.037	1.048	1.041	1.038	1.049	1.041	1.041	1.048	2.467	2.219	2.072	
1.005	1.037	1.048	1.041	1.038	1.049	1.042	1.041	1.048	2.378	2.148	2.019	
1.005	1.037	1.048	1.041	1.039	1.048	1.042	1.040	1.048	2.301	2.092	1.972	
1.006	1.037	1.048	1.042	1.039	1.047	1.043	1.040	1.047	2.226	2.037	1.926	
1.006	1.037	1.048	1.042	1.040	1.046	1.043	1.039	1.047	2.154	1.984	1.881	
1.006	1.037	1.048	1.042	1.040	1.046	1.044	1.039	1.046	2.085	1.932	1.836	
1.006	1.037	1.047	1.042	1.040	1.046	1.044	1.039	1.046	2.027	1.890	1.794	
1.006	1.037	1.047	1.043	1.039	1.046	1.044	1.038	1.045	1.971	1.849	1.753	
1.007	1.037	1.046	1.043	1.039	1.046	1.044	1.038	1.044	1.916	1.809	1.712	
1.007	1.037	1.046	1.043	1.039	1.046	1.044	1.038	1.043	1.863	1.769	1.673	
1.008	1.037	1.046	1.043	1.039	1.046	1.045	1.037	1.044	1.822	1.731	1.640	
1.008	1.037	1.046	1.043	1.038	1.046	1.045	1.037	1.045	1.782	1.694	1.608	
1.009	1.037	1.047	1.043	1.038	1.045	1.046	1.036	1.046	1.743	1.658	1.576	
1.010	1.037	1.047	1.043	1.038	1.045	1.046	1.036	1.046	1.705	1.622	1.545	
1.009	1.036	1.047	1.044	1.038	1.045	1.047	1.036	1.046	1.670	1.588	1.521	
1.009	1.036	1.047	1.044	1.038	1.046	1.047	1.036	1.046	1.635	1.556	1.497	
1.009	1.036	1.047	1.045	1.038	1.046	1.048	1.036	1.046	1.602	1.523	1.474	
1.009	1.035	1.047	1.045	1.038	1.046	1.048	1.036	1.046	1.569	1.492	1.451	
1.009	1.035	1.047	1.045	1.038	1.046	1.048	1.036	1.046	1.538	1.467	1.434	
1.009	1.035	1.047	1.046	1.037	1.047	1.049	1.036	1.046	1.508	1.443	1.418	
1.009	1.036	1.047	1.046	1.037	1.047	1.049	1.037	1.046	1.479	1.419	1.402	
1.010	1.036	1.047	1.047	1.037	1.047	1.050	1.037	1.046	1.450	1.395	1.386	
1.010	1.036	1.047	1.047	1.037	1.047	1.050	1.037	1.046	1.425	1.378	1.370	
1.010	1.036	1.046	1.048	1.036	1.046	1.050	1.036	1.045	1.400	1.361	1.355	
1.010	1.036	1.046	1.048	1.036	1.045	1.050	1.036	1.045	1.376	1.345	1.340	
1.011	1.036	1.045	1.049	1.036	1.045	1.051	1.036	1.045	1.353	1.328	1.325	
1.011	1.035	1.045	1.049	1.036	1.044	1.051	1.036	1.045	1.335	1.315	1.312	
1.011	1.035	1.045	1.050	1.036	1.044	1.051	1.036	1.045	1.317	1.302	1.300	
1.011	1.035	1.045	1.050	1.036	1.043	1.051	1.037	1.045	1.300	1.288	1.287	
1.011	1.034	1.045	1.050	1.036	1.043	1.051	1.037	1.045	1.283	1.275	1.275	
1.011	1.034	1.044	1.050	1.036	1.043	1.051	1.036	1.045	1.271	1.264	1.266	
1.012	1.034	1.044	1.050	1.036	1.044	1.051	1.036	1.045	1.259	1.252	1.257	
1.012	1.034	1.044	1.050	1.035	1.044	1.051	1.036	1.044	1.247	1.240	1.248	
1.012	1.034	1.044	1.050	1.035	1.045	1.051	1.036	1.044	1.236	1.229	1.240	
1.012	1.034	1.045	1.051	1.035	1.044	1.051	1.035	1.044	1.225	1.219	1.236	
1.012	1.035	1.045	1.052	1.035	1.044	1.052	1.035	1.044	1.215	1.209	1.233	
1.013	1.035	1.045	1.052	1.035	1.044	1.052	1.035	1.043	1.205	1.199	1.230	
1.013	1.035	1.046	1.053	1.035	1.043	1.053	1.034	1.043	1.195	1.190	1.226	
1.013	1.035	1.045	1.053	1.035	1.043	1.052	1.034	1.043	1.186	1.185	1.224	
1.013	1.034	1.045	1.054	1.035	1.043	1.052	1.034	1.043	1.176	1.180	1.223	
1.013	1.034	1.044	1.054	1.036	1.043	1.052	1.034	1.043	1.167	1.175	1.221	
1.013	1.033	1.044	1.054	1.036	1.043	1.051	1.033	1.042	1.158	1.170	1.219	
1.013	1.033	1.044	1.054	1.036	1.044	1.052	1.034	1.043	1.152	1.168	1.216	
1.013	1.033	1.044	1.055	1.036	1.044	1.052	1.035	1.044	1.147	1.167	1.213	
1.014	1.033	1.044	1.055	1.035	1.044	1.052	1.036	1.044	1.141	1.165	1.211	
1.014	1.034	1.044	1.055	1.035	1.044	1.053	1.036	1.045	1.136	1.164	1.208	
1.014	1.033	1.044	1.056	1.035	1.043	1.053	1.036	1.045	1.134	1.163	1.204	
1.015	1.033	1.044	1.056	1.035	1.042	1.053	1.035	1.045	1.133	1.162	1.200	
1.016	1.032	1.044	1.056	1.034	1.042	1.054	1.034	1.044	1.131	1.161	1.196	
1.016	1.032	1.044	1.057	1.034	1.041	1.054	1.033	1.044	1.130	1.161	1.192	
1.017	1.032	1.044	1.057	1.035	1.041	1.055	1.033	1.043	1.130	1.159	1.188	
1.017	1.032	1.043	1.058	1.035	1.041	1.055	1.034	1.042	1.130	1.158	1.184	
1.017	1.032	1.043	1.058	1.035	1.042	1.056	1.034	1.041	1.129	1.156	1.180	
1.018	1.032	1.042	1.058	1.036	1.042	1.056	1.034	1.040	1.129	1.155	1.176	
1.018	1.033	1.042	1.059	1.035	1.042	1.057	1.034	1.040	1.129	1.152	1.173	
1.019	1.033	1.042	1.059	1.035	1.043	1.057	1.034	1.040	1.129	1.149	1.171	
1.019	1.033	1.042	1.059	1.034	1.043	1.057	1.034	1.040	1.129	1.146	1.168	
1.020	1.034	1.042	1.060	1.034	1.043	1.058	1.034	1.040	1.128	1.143	1.166	
1.020	1.033	1.042	1.060	1.033	1.043	1.058	1.034	1.041	1.126	1.141	1.164	
1.020	1.033	1.042	1.060	1.033	1.043	1.058	1.034	1.041	1.124	1.139	1.162	
1.020	1.033	1.042	1.061	1.032	1.043	1.058	1.034	1.041	1.122	1.137	1.161	
1.020	1.032	1.042	1.061	1.032	1.043	1.057	1.034	1.041	1.119	1.135	1.159	
1.021	1.033	1.042	1.061	1.032	1.043	1.058	1.034	1.041	1.118	1.134	1.157	
1.022	1.033	1.041	1.061	1.031	1.043	1.058	1.033	1.040	1.116	1.133	1.154	
1.023	1.033	1.041	1.061	1.031	1.044	1.059	1.033	1.040	1.115	1.133	1.152	
1.024	1.033	1.041	1.061	1.031	1.044	1.059	1.033	1.040	1.113	1.132	1.150	
1.025	1.033	1.041	1.062	1.031	1.043	1.060	1.032	1.040	1.113	1.132	1.148	
1.026	1.032	1.040	1.062	1.031	1.042	1.061	1.032	1.040	1.112	1.132	1.146	
1.027	1.032	1.040	1.063	1.031	1.041	1.062	1.032	1.039	1.111	1.132	1.144	
1.028	1.031	1.039	1.064	1.031	1.039	1.063	1.032	1.039	1.111	1.132	1.142	
1.028	1.031	1.040	1.064	1.031	1.040	1.063	1.032	1.040	1.111	1.130	1.141	
1.027	1.031	1.041	1.064	1.032	1.040	1.063	1.032	1.040	1.111	1.129	1.139	
1.027	1.031	1.042	1.063	1.032	1.040	1.064	1.032	1.040	1.112	1.127	1.138	
1.027	1.031	1.042	1.063	1.032	1.040	1.064	1.032	1.041	1.112	1.126	1.137	
1.027	1.031	1.043	1.063	1.032	1.039	1.065	1.032	1.041	1.112	1.124	1.138	
1.028	1.031	1.043	1.063	1.032	1.039	1.065	1.031	1.041	1.112	1.123	1.138	
1.029	1.031	1.043	1.063	1.032	1.038	1.066	1.031	1.041	1.111	1.122	1.139	
1.029	1.031	1.043	1.062	1.032	1.038	1.066	1.031	1.041	1.111	1.121	1.139	
1.030	1.031	1.042	1.063	1.031	1.038	1.066	1.031	1.040	1.110	1.120	1.140	
1.030	1.031	1.042	1.063	1.031	1.039	1.066	1.031	1.039	1.109	1.120	1.141	
1.031	1.030	1.041	1.064	1.031	1.039	1.066	1.031	1.038	1.109	1.119	1.142	
1.031	1.030	1.040	1.064	1.031	1.039	1.066	1.032	1.037	1.108	1.119	1.143	
1.031	1.030	1.040	1.064	1.030	1.039	1.066	1.031	1.038	1.107	1.120	1.141	
1.032	1.030	1.041	1.064	1.030	1.039	1.065	1.031	1.038	1.107	1.121	1.140	
1.032	1.030	1.041	1.064	1.029	1.039	1.065	1.031	1.038	1.107	1.122	1.138	
1.032	1.029	1.041	1.065	1.029	1.038	1.064	1.031	1.038	1.106	1.123	1.137	
1.032	1.029	1.041	1.065	1.029	1.039	1.064	1.031	1.038	1.107	1.123	1.134	
1.033	1.029	1.040	1.065	1.029	1.040	1.064	1.030	1.037	1.109	1.123	1.130	
1.033	1.029	1.040	1.065	1.029	1.040	1.064	1.030	1.037	1.110	1.123	1.127	
1.033	1.029	1.039	1.065	1.029	1.041	1.064	1.030	1.037	1.111	1.124	1.124	
1.033	1.029	1.039	1.065	1.029	1.041	1.064	1.030	1.037	1.112	1.121	1.120	
1.033	1.029	1.039	1.066	1.030	1.040	1.064	1.029	1.037	1.114	1.119	1.115	
1.033	1.029	1.039	1.067	1.030	1.040	1.065	1.029	1.037	1.115	1.117	1.111	
1.033	1.029	1.039	1.068	1.030	1.040	1.065	1.029	1.037	1.116	1.114	1.107	
1.033	1.029	1.039	1.068	1.030	1.040	1.066	1.029	1.037	1.116	1.111	1.103	
1.033	1.029	1.039	1.068	1.030	1.040	1.066	1.030	1.038	1.116	1.108	1.100	
1.032	1.029	1.039	1.069	1.030	1.040	1.066	1.030	1.038	1.116	1.105	1.096	
1.032	1.029	1.039	1.069	1.030	1.040	1.067	1.031	1.038	1.115	1.101	1.092	
1.032	1.029	1.039	1.070	1.030	1.039	1.066	1.031	1.038	1.112	1.097	1.091	
1.033	1.029	1.039	1.071	1.029	1.039	1.066	1.031	1.037	1.110	1.093	1.089	
1.034	1.029	1.039	1.072	1.029	1.039	1.066	1.031	1.037	1.107	1.089	1.087	
1.034	1.029	1.038	1.073	1.029	1.038	1.066	1.031	1.036	1.104	1.085	1.085	
1.034	1.029	1.038	1.073	1.029	1.038	1.066	1.030	1.037	1.100	1.083	1.084	
1.035	1.029	1.038	1.073	1.029	1.038	1.066	1.029	1.037	1.096	1.082	1.082	
1.035	1.029	1.038	1.073	1.029	1.037	1.066	1.029	1.037	1.092	1.080	1.081	
1.035	1.029	1.038	1.074	1.029	1.037	1.066	1.028	1.038	1.088	1.078	1.080	
1.036	1.029	1.038	1.074	1.029	1.037	1.067	1.028	1.037	1.085	1.076	1.078	
1.036	1.029	1.037	1.074	1.029	1.038	1.068	1.028	1.037	1.081	1.075	1.076	
1.036	1.029	1.037	1.074	1.029	1.038	1.069	1.027	1.037	1.078	1.073	1.074	
1.037	1.029	1.037	1.074	1.029	1.038	1.070	1.027	1.037	1.075	1.071	1.073	
1.037	1.029	1.037	1.074	1.029	1.038	1.070	1.027	1.037	1.074	1.070	1.071	
1.037	1.029	1.037	1.074	1.029	1.037	1.069	1.027	1.037	1.073	1.069	1.069	
1.037	1.028	1.038	1.075	1.028	1.037	1.069	1.027	1.037	1.071	1.067	1.068	
1.037	1.028	1.038	1.075	1.028	1.036	1.069	1.027	1.037	1.070	1.066	1.066	
1.037	1.028	1.038	1.075	1.028	1.037	1.069	1.027	1.037	1.069	1.065	1.067	
1.038	1.028	1.038	1.075	1.028	1.037	1.069	1.027	1.037	1.068	1.063	1.067	
1.039	1.028	1.038	1.075	1.027	1.037	1.069	1.027	1.037	1.067	1.062	1.068	
1.039	1.028	1.038	1.075	1.027	1.037	1.069	1.026	1.036	1.066	1.061	1.068	
1.040	1.028	1.038	1.075	1.027	1.037	1.070	1.027	1.036	1.064	1.060	1.070	
1.041	1.028	1.038	1.074	1.027	1.036	1.070	1.027	1.036	1.063	1.059	1.072	
1.041	1.027	1.038	1.074	1.027	1.036	1.070	1.028	1.036	1.062	1.058	1.074	
1.042	1.027	1.038	1.074	1.027	1.035	1.070	1.028	1.036	1.061	1.058	1.076	
1.042	1.027	1.038	1.074	1.027	1.035	1.071	1.027	1.036	1.059	1.059	1.077	
1.042	1.026	1.037	1.074	1.026	1.035	1.072	1.026	1.036	1.058	1.061	1.078	
1.042	1.026	1.037	1.074	1.026	1.035	1.073	1.025	1.037	1.056	1.063	1.079	
1.042	1.026	1.036	1.074	1.026	1.035	1.073	1.024	1.037	1.055	1.064	1.080	
1.043	1.026	1.037	1.075	1.026	1.035	1.073	1.025	1.036	1.055	1.066	1.078	
1.043	1.026	1.038	1.075	1.026	1.035	1.073	1.025	1.036	1.056	1.068	1.077	
1.044	1.027	1.038	1.075	1.026	1.036	1.074	1.026	1.035	1.056	1.070	1.076	
1.044	1.027	1.039	1.076	1.026	1.036	1.074	1.026	1.034	1.056	1.072	1.075	
1.044	1.027	1.039	1.076	1.027	1.035	1.074	1.026	1.035	1.058	1.072	1.072	
1.045	1.027	1.038	1.075	1.027	1.035	1.074	1.027	1.035	1.061	1.072	1.070	
1.045	1.026	1.038	1.075	1.027	1.034	1.075	1.027	1.035	1.063	1.072	1.068	
1.045	1.026	1.038	1.075	1.028	1.034	1.075	1.027	1.035	1.065	1.072	1.065	
1.046	1.026	1.037	1.076	1.027	1.034	1.075	1.027	1.035	1.067	1.070	1.065	
1.046	1.026	1.037	1.076	1.027	1.034	1.075	1.026	1.035	1.068	1.068	1.064	
1.047	1.025	1.036	1.077	1.027	1.035	1.075	1.026	1.035	1.070	1.066	1.063	
1.047	1.025	1.036	1.077	1.027	1.035	1.076	1.026	1.034	1.072	1.064	1.062	
1.047	1.025	1.035	1.077	1.027	1.035	1.076	1.026	1.035	1.071	1.062	1.062	
1.047	1.025	1.035	1.078	1.027	1.035	1.076	1.026	1.035	1.069	1.060	1.063	
1.047	1.025	1.035	1.078	1.027	1.035	1.077	1.025	1.035	1.068	1.058	1.063	
1.047	1.025	1.034	1.078	1.027	1.034	1.077	1.025	1.036	1.067	1.056	1.063	
1.048	1.025	1.035	1.078	1.027	1.034	1.077	1.025	1.035	1.065	1.055	1.063	
1.048	1.025	1.035	1.079	1.027	1.034	1.077	1.026	1.034	1.062	1.054	1.062	
1.048	1.024	1.035	1.079	1.027	1.034	1.077	1.026	1.033	1.060	1.054	1.062	
1.048	1.024	1.035	1.080	1.026	1.033	1.076	1.026	1.032	1.057	1.053	1.062	
1.049	1.024	1.035	1.080	1.026	1.033	1.076	1.025	1.032	1.056	1.053	1.060	
1.049	1.024	1.035	1.080	1.026	1.034	1.076	1.025	1.032	1.054	1.053	1.058	
1.049	1.024	1.035	1.080	1.026	1.034	1.076	1.025	1.031	1.052	1.053	1.056	
1.050	1.024	1.035	1.080	1.026	1.034	1.077	1.025	1.031	1.051	1.053	1.053	
1.049	1.023	1.034	1.080	1.026	1.033	1.078	1.025	1.031	1.051	1.052	1.051	
1.049	1.023	1.034	1.080	1.026	1.033	1.079	1.026	1.030	1.051	1.051	1.049	
1.049	1.023	1.034	1.081	1.026	1.033	1.080	1.026	1.030	1.051	1.050	1.046	
1.049	1.023	1.034	1.081	1.026	1.033	1.081	1.027	1.030	1.052	1.049	1.044	
1.049	1.023	1.034	1.081	1.025	1.033	1.081	1.026	1.030	1.051	1.047	1.043	
1.050	1.023	1.033	1.081	1.025	1.033	1.081	1.026	1.031	1.051	1.045	1.042	
1.050	1.023	1.033	1.082	1.025	1.033	1.081	1.025	1.032	1.051	1.043	1.041	
1.051	1.023	1.033	1.082	1.024	1.032	1.080	1.024	1.032	1.051	1.041	1.040	
1.051	1.023	1.033	1.082	1.024	1.032	1.081	1.024	1.032	1.049	1.039	1.039	
1.051	1.023	1.033	1.083	1.024	1.032	1.081	1.024	1.031	1.047	1.038	1.039	
1.051	1.023	1.032	1.083	1.024	1.032	1.081	1.024	1.031	1.046	1.036	1.039	
1.051	1.023	1.032	1.083	1.024	1.032	1.081	1.023	1.030	1.044	1.035	1.039	
1.051	1.023	1.032	1.083	1.024	1.032	1.081	1.024	1.031	1.041	1.035	1.038	
1.052	1.023	1.033	1.084	1.024	1.032	1.081	1.024	1.031	1.039	1.034	1.037	
1.052	1.023	1.033	1.084	1.024	1.033	1.082	1.025	1.032	1.037	1.034	1.036	
1.052	1.022	1.033	1.084	1.024	1.033	1.082	1.025	1.032	1.035	1.033	1.035	
1.053	1.022	1.033	1.084	1.025	1.033	1.082	1.025	1.032	1.034	1.034	1.033	
1.053	1.023	1.033	1.084	1.025	1.033	1.082	1.025	1.032	1.033	1.034	1.031	
1.053	1.023	1.033	1.084	1.026	1.033	1.082	1.025	1.032	1.033	1.034	1.028	
1.053	1.023	1.032	1.084	1.026	1.032	1.082	1.025	1.032	1.032	1.034	1.026	
1.054	1.023	1.033	1.085	1.026	1.032	1.082	1.024	1.031	1.032	1.033	1.024	
1.054	1.023	1.034	1.085	1.025	1.032	1.083	1.024	1.030	1.032	1.031	1.022	
1.055	1.023	1.034	1.085	1.025	1.031	1.083	1.024	1.029	1.032	1.030	1.021	
1.055	1.023	1.035	1.086	1.024	1.031	1.083	1.023	1.029	1.032	1.029	1.019	
1.056	1.023	1.034	1.086	1.024	1.031	1.083	1.023	1.029	1.032	1.026	1.018	
1.056	1.023	1.034	1.086	1.024	1.031	1.084	1.023	1.029	1.032	1.023	1.017	
1.057	1.023	1.034	1.087	1.025	1.032	1.084	1.023	1.029	1.032	1.020	1.015	
1.058	1.023	1.033	1.087	1.025	1.032	1.085	1.023	1.029	1.032	1.017	1.014	
1.058	1.023	1.032	1.087	1.024	1.031	1.085	1.022	1.029	1.030	1.015	1.015	
1.058	1.022	1.032	1.088	1.024	1.031	1.085	1.022	1.029	1.028	1.013	1.016	
1.058	1.022	1.031	1.089	1.023	1.031	1.086	1.021	1.029	1.026	1.010	1.017	
1.058	1.022	1.031	1.090	1.023	1.030	1.086	1.021	1.029	1.024	1.008	1.019	
1.059	1.022	1.031	1.089	1.023	1.030	1.086	1.022	1.029	1.021	1.008	1.019	
1.059	1.022	1.031	1.089	1.023	1.030	1.086	1.022	1.030	1.019	1.007	1.019	
1.060	1.022	1.031	1.089	1.023	1.030	1.087	1.023	1.030	1.016	1.006	1.020	
1.060	1.022	1.031	1.089	1.023	1.030	1.087	1.023	1.030	1.014	1.006	1.020	
1.060	1.022	1.031	1.089	1.023	1.030	1.087	1.023	1.030	1.012	1.006	1.019	
1.060	1.022	1.031	1.090	1.022	1.029	1.087	1.023	1.029	1.010	1.007	1.018	
1.059	1.022	1.031	1.090	1.022	1.029	1.087	1.023	1.029	1.008	1.008	1.018	
1.059	1.022	1.031	1.090	1.021	1.029	1.087	1.023	1.029	1.006	1.008	1.017	
1.060	1.021	1.030	1.090	1.022	1.029	1.088	1.023	1.029	1.007	1.008	1.015	
1.061	1.021	1.030	1.091	1.022	1.029	1.090	1.023	1.029	1.008	1.009	1.014	
1.061	1.021	1.030	1.091	1.022	1.030	1.091	1.023	1.029	1.008	1.009	1.012	
1.062	1.021	1.030	1.092	1.023	1.030	1.092	1.023	1.029	1.009	1.009	1.011	
1.062	1.021	1.030	1.092	1.022	1.030	1.091	1.023	1.029	1.009	1.008	1.011	
1.062	1.021	1.030	1.091	1.022	1.029	1.090	1.023	1.029	1.009	1.008	1.011	
1.063	1.020	1.030	1.091	1.021	1.029	1.089	1.022	1.029	1.009	1.007	1.011	
1.063	1.020	1.030	1.091	1.021	1.029	1.089	1.022	1.029	1.009	1.006	1.011	
1.063	1.019	1.030	1.091	1.021	1.029	1.090	1.022	1.028	1.009	1.006	1.012	
1.063	1.019	1.029	1.091	1.021	1.029	1.090	1.021	1.027	1.008	1.006	1.014	
1.063	1.019	1.029	1.092	1.021	1.029	1.091	1.021	1.027	1.008	1.006	1.016	
1.063	1.019	1.029	1.092	1.021	1.029	1.092	1.021	1.026	1.007	1.006	1.018	
1.063	1.019	1.029	1.092	1.022	1.029	1.092	1.021	1.027	1.006	1.007	1.018	
1.064	1.019	1.029	1.092	1.022	1.029	1.093	1.021	1.027	1.005	1.009	1.018	
1.064	1.019	1.029	1.093	1.022	1.030	1.093	1.022	1.028	1.005	1.011	1.018	
1.064	1.020	1.029	1.093	1.023	1.030	1.093	1.022	1.028	1.004	1.013	1.018	
1.065	1.019	1.029	1.093	1.022	1.029	1.093	1.022	1.028	1.005	1.015	1.018	
1.065	1.019	1.029	1.093	1.021	1.029	1.092	1.022	1.028	1.005	1.016	1.018	
1.066	1.019	1.029	1.093	1.020	1.028	1.092	1.021	1.028	1.006	1.018	1.017	
1.066	1.018	1.029	1.094	1.020	1.028	1.092	1.021	1.027	1.007	1.019	1.017	
1.067	1.018	1.028	1.094	1.020	1.027	1.092	1.021	1.027	1.009	1.019	1.015	
1.067	1.019	1.028	1.095	1.020	1.027	1.092	1.021	1.026	1.011	1.019	1.013	
1.067	1.019	1.028	1.096	1.021	1.026	1.093	1.021	1.025	1.014	1.018	1.011	
1.067	1.019	1.028	1.097	1.021	1.026	1.093	1.021	1.025	1.016	1.018	1.009	
1.068	1.019	1.027	1.097	1.021	1.026	1.093	1.021	1.025	1.017	1.016	1.009	
1.068	1.019	1.027	1.097	1.022	1.027	1.094	1.020	1.026	1.018	1.015	1.009	
1.069	1.018	1.027	1.097	1.022	1.027	1.094	1.020	1.027	1.019	1.013	1.009	
1.069	1.018	1.026	1.097	1.022	1.027	1.094	1.020	1.028	1.020	1.011	1.009	
1.069	1.018	1.027	1.097	1.021	1.027	1.094	1.020	1.028	1.020	1.009	1.009	
1.069	1.018	1.027	1.097	1.021	1.027	1.094	1.020	1.028	1.020	1.007	1.009	
1.070	1.018	1.027	1.098	1.020	1.026	1.095	1.020	1.028	1.019	1.004	1.010	
1.070	1.019	1.027	1.098	1.020	1.026	1.095	1.020	1.028	1.019	1.002	1.010	
1.070	1.019	1.027	1.099	1.020	1.026	1.095	1.019	1.028	1.017	1.002	1.010	
1.070	1.019	1.027	1.099	1.020	1.026	1.096	1.019	1.028	1.015	1.001	1.010	
1.070	1.019	1.027	1.099	1.020	1.026	1.097	1.019	1.028	1.013	1.001	1.011	
1.071	1.019	1.027	1.100	1.020	1.025	1.097	1.019	1.028	1.011	1.001	1.011	
1.071	1.019	1.026	1.100	1.020	1.026	1.097	1.019	1.028	1.010	1.001	1.010	
1.070	1.018	1.026	1.100	1.019	1.026	1.097	1.020	1.027	1.008	1.002	1.009	
1.070	1.018	1.026	1.101	1.019	1.026	1.097	1.020	1.026	1.006	1.002	1.008	
1.070	1.018	1.025	1.101	1.019	1.026	1.097	1.020	1.025	1.004	1.003	1.007	
1.070	1.018	1.025	1.101	1.019	1.026	1.097	1.020	1.026	1.004	1.003	1.005	
1.070	1.018	1.026	1.101	1.019	1.026	1.098	1.019	1.026	1.005	1.003	1.003	
1.070	1.018	1.026	1.101	1.020	1.026	1.098	1.019	1.026	1.005	1.003	1.002	
1.071	1.018	1.026	1.101	1.020	1.026	1.098	1.018	1.026	1.005	1.004	1.000	
1.071	1.018	1.027	1.101	1.020	1.026	1.098	1.019	1.025	1.006	1.003	1.000	
1.072	1.018	1.027	1.101	1.019	1.026	1.098	1.020	1.024	1.006	1.002	1.000	
1.073	1.018	1.027	1.102	1.019	1.026	1.098	1.020	1.024	1.006	1.001	1.000	
1.073	1.018	1.027	1.102	1.018	1.025	1.098	1.021	1.023	1.006	1.001	1.000	
1.073	1.018	1.027	1.102	1.018	1.025	1.098	1.021	1.024	1.006	1.001	1.002	
1.073	1.017	1.027	1.102	1.018	1.025	1.099	1.020	1.024	1.005	1.000	1.005	
1.073	1.017	1.027	1.102	1.018	1.025	1.099	1.020	1.024	1.004	1.000	1.007	
1.073	1.017	1.027	1.102	1.019	1.025	1.099	1.020	1.025	1.003	1.000	1.009	
1.074	1.017	1.026	1.102	1.019	1.025	1.100	1.019	1.025	1.002	1.001	1.011	
1.075	1.017	1.026	1.103	1.019	1.024	1.100	1.018	1.024	1.001	1.002	1.013	
1.075	1.017	1.026	1.103	1.019	1.024	1.100	1.017	1.024	1.001	1.003	1.014	
1.076	1.017	1.026	1.103	1.019	1.024	1.101	1.017	1.024	1.000	1.004	1.016	
1.076	1.017	1.026	1.103	1.018	1.024	1.101	1.017	1.024	1.001	1.006	1.016	
1.076	1.017	1.026	1.103	1.018	1.024	1.100	1.017	1.024	1.001	1.008	1.016	
1.077	1.017	1.026	1.103	1.018	1.024	1.100	1.017	1.024	1.002	1.010	1.016	
1.077	1.017	1.027	1.103	1.017	1.024	1.100	1.017	1.024	1.002	1.012	1.015	
1.078	1.017	1.026	1.104	1.017	1.024	1.100	1.018	1.024	1.004	1.013	1.014	
1.078	1.016	1.026	1.104	1.017	1.024	1.099	1.018	1.024	1.006	1.013	1.013	
1.079	1.016	1.026	1.104	1.017	1.024	1.099	1.018	1.024	1.009	1.014	1.012	
1.079	1.016	1.026	1.104	1.017	1.024	1.099	1.019	1.024	1.011	1.014	1.010	
1.079	1.016	1.026	1.104	1.017	1.024	1.099	1.018	1.024	1.012	1.013	1.010	
1.079	1.016	1.026	1.105	1.017	1.024	1.100	1.018	1.024	1.013	1.012	1.010	
1.079	1.016	1.026	1.105	1.018	1.024	1.100	1.017	1.024	1.015	1.011	1.010	
1.079	1.016	1.026	1.105	1.018	1.023	1.100	1.016	1.023	1.016	1.010	1.010	
1.079	1.016	1.026	1.106	1.018	1.023	1.100	1.017	1.023	1.016	1.009	1.010	
1.079	1.016	1.026	1.106	1.018	1.023	1.101	1.018	1.022	1.017	1.007	1.010	
1.079	1.016	1.026	1.107	1.018	1.023	1.101	1.019	1.021	1.018	1.006	1.010	
1.079	1.016	1.025	1.108	1.018	1.022	1.101	1.020	1.021	1.018	1.005	1.010	
1.079	1.016	1.025	1.108	1.018	1.022	1.101	1.020	1.021	1.017	1.005	1.010	
1.079	1.016	1.025	1.108	1.018	1.023	1.102	1.019	1.022	1.016	1.005	1.011	
1.079	1.016	1.025	1.108	1.017	1.023	1.102	1.019	1.022	1.014	1.005	1.011	
1.080	1.016	1.025	1.108	1.017	1.023	1.102	1.019	1.022	1.013	1.005	1.011	
1.080	1.016	1.024	1.108	1.017	1.023	1.102	1.019	1.022	1.012	1.005	1.010	
1.080	1.016	1.024	1.108	1.016	1.023	1.102	1.019	1.022	1.011	1.005	1.009	
1.081	1.015	1.024	1.108	1.016	1.023	1.102	1.019	1.022	1.010	1.005	1.008	
1.081	1.015	1.023	1.109	1.016	1.023	1.101	1.019	1.022	1.009	1.006	1.007	
1.081	1.015	1.024	1.108	1.016	1.022	1.102	1.019	1.022	1.008	1.006	1.007	
1.080	1.015	1.024	1.108	1.017	1.022	1.103	1.018	1.022	1.008	1.007	1.006	
1.080	1.015	1.024	1.108	1.017	1.022	1.104	1.018	1.022	1.008	1.008	1.005	
1.080	1.014	1.024	1.107	1.018	1.021	1.105	1.018	1.022	1.007	1.008	1.004	
1.080	1.014	1.024	1.108	1.017	1.022	1.105	1.017	1.022	1.008	1.007	1.005	
1.081	1.014	1.024	1.109	1.017	1.022	1.105	1.017	1.022	1.008	1.007	1.007	
1.082	1.014	1.024	1.110	1.017	1.022	1.105	1.016	1.021	1.008	1.006	1.008	
1.083	1.014	1.024	1.111	1.016	1.023	1.104	1.016	1.021	1.009	1.005	1.009	
1.083	1.015	1.024	1.111	1.016	1.022	1.104	1.016	1.021	1.009	1.004	1.011	
1.083	1.015	1.023	1.110	1.017	1.022	1.104	1.016	1.020	1.008	1.004	1.012	
1.083	1.015	1.023	1.110	1.017	1.022	1.104	1.016	1.020	1.008	1.003	1.014	
1.083	1.016	1.022	1.109	1.017	1.021	1.104	1.016	1.019	1.008	1.003	1.016	
1.083	1.016	1.022	1.109	1.017	1.022	1.105	1.016	1.020	1.007	1.004	1.017	
1.083	1.015	1.022	1.109	1.016	1.022	1.105	1.016	1.020	1.006	1.005	1.019	
1.084	1.015	1.022	1.110	1.016	1.022	1.105	1.016	1.021	1.004	1.006	1.020	
1.084	1.014	1.022	1.110	1.016	1.022	1.106	1.016	1.021	1.003	1.007	1.022	
1.084	1.015	1.022	1.110	1.016	1.022	1.106	1.016	1.020	1.004	1.009	1.021	
1.084	1.015	1.021	1.111	1.016	1.022	1.106	1.016	1.020	1.005	1.011	1.021	
1.084	1.015	1.021	1.111	1.017	1.021	1.106	1.015	1.020	1.006	1.012	1.020	
1.084	1.015	1.021	1.111	1.017	1.021	1.106	1.015	1.019	1.007	1.014	1.020	
1.085	1.015	1.021	1.112	1.017	1.021	1.106	1.015	1.019	1.009	1.015	1.018	
1.086	1.015	1.021	1.112	1.017	1.020	1.106	1.015	1.019	1.010	1.016	1.017	
1.086	1.015	1.022	1.112	1.017	1.020	1.106	1.015	1.019	1.011	1.016	1.016	
1.087	1.015	1.022	1.112	1.017	1.020	1.106	1.015	1.019	1.012	1.017	1.015	
1.087	1.015	1.022	1.112	1.016	1.020	1.105	1.015	1.020	1.015	1.016	1.013	
1.087	1.015	1.022	1.112	1.015	1.019	1.105	1.015	1.020	1.017	1.014	1.012	
1.087	1.015	1.021	1.112	1.015	1.019	1.104	1.015	1.020	1.019	1.013	1.010	
1.087	1.014	1.021	1.112	1.014	1.019	1.103	1.015	1.020	1.021	1.011	1.008	
1.087	1.014	1.021	1.112	1.014	1.019	1.104	1.015	1.020	1.021	1.010	1.009	
1.088	1.014	1.021	1.113	1.014	1.020	1.104	1.016	1.020	1.021	1.009	1.009	
1.088	1.015	1.021	1.113	1.014	1.020	1.105	1.016	1.020	1.020	1.008	1.010	
1.088	1.015	1.020	1.114	1.014	1.020	1.106	1.017	1.020	1.020	1.007	1.010	
1.088	1.014	1.020	1.114	1.014	1.020	1.106	1.016	1.019	1.019	1.007	1.010	
1.088	1.014	1.020	1.114	1.015	1.020	1.106	1.015	1.019	1.017	1.008	1.010	
1.088	1.014	1.020	1.114	1.015	1.021	1.106	1.014	1.018	1.015	1.008	1.010	
1.089	1.014	1.020	1.115	1.015	1.021	1.106	1.014	1.018	1.014	1.008	1.011	
1.089	1.014	1.021	1.115	1.015	1.021	1.107	1.014	1.018	1.012	1.008	1.010	
1.089	1.013	1.021	1.115	1.016	1.020	1.107	1.015	1.019	1.011	1.009	1.009	
1.089	1.013	1.022	1.114	1.016	1.020	1.108	1.015	1.019	1.009	1.009	1.008	
1.089	1.013	1.023	1.114	1.016	1.020	1.108	1.016	1.020	1.008	1.010	1.007	
1.090	1.013	1.022	1.114	1.015	1.020	1.108	1.015	1.020	1.008	1.010	1.006	
1.090	1.013	1.022	1.114	1.015	1.019	1.109	1.015	1.020	1.008	1.009	1.005	
1.090	1.014	1.022	1.114	1.014	1.019	1.109	1.015	1.020	1.009	1.009	1.004	
1.091	1.014	1.022	1.114	1.014	1.018	1.109	1.015	1.020	1.009	1.009	1.003	
1.091	1.014	1.022	1.114	1.014	1.019	1.110	1.015	1.020	1.009	1.008	1.003	
1.091	1.014	1.022	1.114	1.014	1.019	1.111	1.015	1.019	1.010	1.007	1.003	
1.091	1.013	1.022	1.114	1.014	1.019	1.111	1.015	1.019	1.011	1.006	1.003	
1.091	1.013	1.022	1.114	1.014	1.019	1.112	1.015	1.018	1.011	1.006	1.004	
1.091	1.013	1.021	1.114	1.014	1.019	1.112	1.015	1.018	1.011	1.005	1.005	
1.091	1.013	1.021	1.114	1.014	1.018	1.111	1.014	1.017	1.010	1.003	1.007	
1.091	1.013	1.020	1.114	1.014	1.018	1.111	1.014	1.017	1.010	1.002	1.009	
1.090	1.013	1.019	1.114	1.014	1.018	1.110	1.014	1.016	1.009	1.001	1.011	
1.091	1.013	1.019	1.114	1.014	1.018	1.111	1.014	1.016	1.009	1.002	1.012	
1.091	1.013	1.019	1.114	1.014	1.018	1.111	1.014	1.016	1.008	1.003	1.012	
1.092	1.013	1.019	1.114	1.014	1.018	1.112	1.014	1.017	1.007	1.003	1.013	
1.092	1.013	1.019	1.114	1.014	1.018	1.112	1.013	1.017	1.006	1.004	1.014	
1.092	1.013	1.019	1.115	1.014	1.018	1.112	1.014	1.017	1.006	1.005	1.014	
1.092	1.012	1.019	1.116	1.014	1.018	1.112	1.014	1.016	1.006	1.007	1.014	
1.092	1.012	1.019	1.116	1.014	1.017	1.112	1.014	1.016	1.006	1.008	1.014	
1.092	1.012	1.019	1.117	1.014	1.017	1.112	1.014	1.016	1.006	1.009	1.014	
1.093	1.012	1.020	1.117	1.014	1.017	1.112	1.014	1.016	1.007	1.010	1.013	
1.093	1.012	1.020	1.117	1.013	1.017	1.112	1.014	1.016	1.007	1.011	1.012	
1.094	1.013	1.020	1.117	1.013	1.017	1.112	1.014	1.016	1.008	1.011	1.010	
1.094	1.013	1.020	1.117	1.012	1.017	1.112	1.014	1.017	1.009	1.012	1.009	
1.094	1.013	1.019	1.117	1.013	1.017	1.112	1.014	1.016	1.011	1.011	1.008	
1.094	1.013	1.019	1.117	1.013	1.017	1.112	1.014	1.015	1.012	1.010	1.007	
1.094	1.013	1.019	1.117	1.014	1.017	1.113	1.014	1.015	1.014	1.009	1.006	
1.094	1.013	1.018	1.117	1.014	1.017	1.113	1.015	1.014	1.015	1.008	1.005	
1.094	1.013	1.018	1.117	1.014	1.017	1.113	1.014	1.015	1.015	1.007	1.006	
1.094	1.013	1.018	1.118	1.014	1.017	1.114	1.013	1.015	1.015	1.006	1.007	
1.094	1.012	1.018	1.118	1.014	1.017	1.114	1.013	1.015	1.015	1.004	1.007	
1.094	1.012	1.018	1.118	1.013	1.017	1.114	1.012	1.015	1.015	1.003	1.008	
1.094	1.012	1.018	1.119	1.013	1.017	1.114	1.012	1.015	1.013	1.003	1.008	
1.094	1.012	1.019	1.119	1.013	1.017	1.113	1.012	1.015	1.012	1.003	1.009	
1.094	1.012	1.019	1.120	1.013	1.017	1.112	1.013	1.015	1.011	1.002	1.009	
1.094	1.012	1.019	1.120	1.012	1.017	1.112	1.013	1.015	1.010	1.002	1.009	
1.094	1.012	1.019	1.120	1.013	1.017	1.112	1.013	1.015	1.008	1.003	1.009	
1.094	1.012	1.018	1.120	1.013	1.016	1.112	1.014	1.015	1.007	1.004	1.008	
1.094	1.012	1.017	1.120	1.013	1.016	1.112	1.015	1.014	1.005	1.005	1.008	
1.095	1.012	1.017	1.120	1.013	1.015	1.113	1.015	1.014	1.004	1.006	1.007	
1.095	1.012	1.017	1.120	1.013	1.016	1.113	1.015	1.014	1.004	1.007	1.006	
1.095	1.011	1.017	1.121	1.013	1.016	1.114	1.014	1.014	1.004	1.008	1.005	
1.095	1.011	1.017	1.121	1.012	1.017	1.115	1.014	1.015	1.005	1.009	1.004	
1.095	1.011	1.017	1.121	1.012	1.017	1.116	1.013	1.015	1.005	1.009	1.004	
1.095	1.011	1.017	1.121	1.012	1.017	1.116	1.013	1.015	1.006	1.009	1.004	
1.096	1.011	1.018	1.121	1.011	1.017	1.116	1.013	1.014	1.006	1.008	1.004	
1.096	1.012	1.018	1.121	1.011	1.016	1.117	1.013	1.014	1.007	1.007	1.005	
1.096	1.012	1.018	1.121	1.010	1.016	1.117	1.013	1.014	1.007	1.006	1.005	
1.096	1.012	1.018	1.121	1.011	1.016	1.117	1.013	1.014	1.008	1.005	1.007	
1.096	1.011	1.017	1.122	1.011	1.016	1.117	1.012	1.014	1.008	1.005	1.010	
1.097	1.011	1.017	1.122	1.012	1.016	1.117	1.012	1.014	1.008	1.005	1.012	
1.097	1.011	1.016	1.123	1.012	1.016	1.118	1.011	1.014	1.008	1.004	1.015	
1.097	1.011	1.016	1.122	1.012	1.015	1.117	1.012	1.014	1.008	1.005	1.016	
1.097	1.012	1.015	1.122	1.012	1.015	1.117	1.012	1.014	1.007	1.006	1.017	
1.097	1.012	1.015	1.121	1.012	1.015	1.117	1.013	1.014	1.007	1.007	1.018	
1.097	1.013	1.015	1.121	1.012	1.015	1.117	1.013	1.013	1.007	1.008	1.019	
1.097	1.012	1.015	1.121	1.012	1.015	1.117	1.013	1.014	1.007	1.010	1.019	
1.097	1.012	1.015	1.121	1.012	1.015	1.117	1.013	1.014	1.007	1.012	1.019	
1.097	1.012	1.015	1.120	1.012	1.015	1.118	1.013	1.014	1.007	1.014	1.019	
1.097	1.012	1.016	1.120	1.012	1.015	1.118	1.013	1.014	1.007	1.016	1.019	
1.098	1.011	1.016	1.121	1.011	1.015	1.118	1.013	1.015	1.009	1.017	1.017	
1.099	1.011	1.016	1.121	1.011	1.014	1.118	1.013	1.015	1.012	1.018	1.015	
1.100	1.010	1.016	1.122	1.010	1.014	1.118	1.013	1.015	1.014	1.019	1.013	
1.100	1.010	1.016	1.122	1.010	1.014	1.118	1.013	1.016	1.016	1.021	1.011	
1.101	1.010	1.015	1.122	1.010	1.014	1.119	1.012	1.015	1.018	1.019	1.010	
1.101	1.010	1.015	1.122	1.010	1.014	1.119	1.012	1.015	1.019	1.018	1.010	
1.101	1.010	1.014	1.122	1.011	1.015	1.120	1.011	1.014	1.021	1.016	1.009	
1.102	1.010	1.013	1.122	1.011	1.015	1.120	1.011	1.014	1.022	1.015	1.008	
1.102	1.010	1.014	1.123	1.011	1.014	1.120	1.011	1.014	1.023	1.013	1.008	
1.102	1.011	1.014	1.123	1.011	1.014	1.119	1.012	1.014	1.023	1.011	1.009	
1.103	1.011	1.014	1.124	1.011	1.013	1.119	1.012	1.015	1.024	1.009	1.010	
1.103	1.011	1.014	1.124	1.011	1.012	1.118	1.012	1.015	1.024	1.006	1.010	
1.103	1.011	1.014	1.124	1.011	1.013	1.118	1.012	1.014	1.022	1.006	1.011	
1.103	1.011	1.014	1.124	1.011	1.013	1.118	1.012	1.014	1.020	1.005	1.012	
1.103	1.010	1.014	1.125	1.011	1.013	1.118	1.011	1.014	1.018	1.004	1.013	
1.103	1.010	1.014	1.125	1.012	1.014	1.118	1.011	1.014	1.016	1.003	1.014	
1.104	1.010	1.014	1.125	1.011	1.013	1.119	1.011	1.014	1.014	1.004	1.013	
1.104	1.010	1.014	1.125	1.011	1.013	1.120	1.011	1.014	1.013	1.004	1.013	
1.104	1.009	1.014	1.125	1.011	1.012	1.121	1.011	1.014	1.011	1.004	1.013	
1.104	1.009	1.013	1.125	1.010	1.012	1.121	1.011	1.014	1.009	1.005	1.012	
1.103	1.009	1.013	1.126	1.011	1.012	1.121	1.011	1.014	1.009	1.005	1.012	
1.103	1.009	1.013	1.126	1.011	1.012	1.120	1.011	1.014	1.008	1.006	1.011	
1.102	1.010	1.013	1.126	1.011	1.012	1.120	1.011	1.014	1.008	1.007	1.011	
1.102	1.010	1.013	1.126	1.011	1.012	1.119	1.011	1.014	1.007	1.008	1.011	
1.102	1.010	1.013	1.127	1.012	1.012	1.120	1.011	1.013	1.008	1.008	1.012	
1.102	1.010	1.013	1.127	1.012	1.012	1.120	1.012	1.013	1.008	1.008	1.013	
1.103	1.010	1.013	1.128	1.012	1.012	1.120	1.012	1.012	1.009	1.008	1.014	
1.103	1.010	1.013	1.128	1.012	1.012	1.120	1.012	1.012	1.010	1.008	1.015	
1.103	1.010	1.013	1.129	1.012	1.012	1.120	1.012	1.011	1.010	1.008	1.016	
1.104	1.009	1.013	1.129	1.011	1.012	1.120	1.011	1.010	1.010	1.008	1.018	
1.104	1.009	1.014	1.129	1.011	1.012	1.120	1.011	1.010	1.010	1.007	1.019	
1.104	1.009	1.014	1.130	1.010	1.012	1.120	1.010	1.009	1.010	1.007	1.021	
1.105	1.009	1.014	1.129	1.011	1.012	1.119	1.010	1.009	1.009	1.009	1.023	
1.105	1.009	1.013	1.129	1.011	1.012	1.119	1.010	1.010	1.009	1.011	1.025	
1.105	1.009	1.013	1.129	1.011	1.012	1.119	1.010	1.010	1.009	1.013	1.026	
1.106	1.009	1.013	1.128	1.011	1.012	1.119	1.010	1.010	1.009	1.015	1.028	
1.106	1.009	1.012	1.128	1.011	1.011	1.120	1.011	1.011	1.009	1.017	1.028	
1.106	1.009	1.012	1.128	1.011	1.011	1.121	1.012	1.012	1.010	1.019	1.028	
1.106	1.009	1.012	1.128	1.011	1.011	1.122	1.012	1.012	1.011	1.021	1.028	
1.106	1.009	1.012	1.129	1.011	1.010	1.123	1.013	1.013	1.011	1.023	1.028	
1.106	1.009	1.012	1.129	1.011	1.010	1.123	1.012	1.013	1.013	1.024	1.027	
1.107	1.010	1.012	1.129	1.011	1.011	1.123	1.011	1.012	1.014	1.026	1.025	
1.107	1.010	1.012	1.130	1.012	1.011	1.124	1.010	1.012	1.016	1.027	1.023	
1.108	1.011	1.012	1.130	1.012	1.011	1.124	1.009	1.011	1.017	1.029	1.021	
1.108	1.011	1.012	1.131	1.011	1.011	1.124	1.010	1.011	1.020	1.028	1.020	
1.107	1.011	1.012	1.131	1.010	1.012	1.124	1.010	1.011	1.023	1.027	1.019	
1.107	1.011	1.012	1.132	1.010	1.012	1.123	1.011	1.010	1.025	1.026	1.018	
1.107	1.011	1.012	1.132	1.009	1.012	1.123	1.011	1.010	1.028	1.025	1.017	
1.108	1.010	1.012	1.131	1.010	1.012	1.123	1.010	1.011	1.029	1.023	1.017	
1.108	1.010	1.012	1.130	1.010	1.011	1.123	1.010	1.011	1.030	1.022	1.018	
1.108	1.009	1.012	1.129	1.011	1.011	1.123	1.009	1.012	1.031	1.020	1.018	
1.108	1.009	1.012	1.128	1.011	1.011	1.122	1.009	1.012	1.031	1.018	1.018	
1.109	1.009	1.012	1.129	1.011	1.011	1.123	1.009	1.012	1.030	1.017	1.019	
1.109	1.009	1.012	1.130	1.011	1.011	1.124	1.009	1.012	1.029	1.016	1.020	
1.109	1.009	1.012	1.131	1.011	1.010	1.124	1.009	1.012	1.028	1.015	1.021	
1.109	1.009	1.012	1.132	1.010	1.010	1.125	1.009	1.011	1.026	1.014	1.022	
1.109	1.008	1.011	1.132	1.010	1.010	1.125	1.010	1.011	1.025	1.015	1.023	
1.109	1.008	1.011	1.132	1.010	1.011	1.125	1.010	1.011	1.024	1.016	1.023	
1.109	1.008	1.010	1.132	1.010	1.011	1.125	1.011	1.011	1.023	1.017	1.023	
1.109	1.008	1.010	1.132	1.009	1.011	1.124	1.011	1.010	1.022	1.018	1.023	
1.110	1.008	1.010	1.131	1.009	1.011	1.125	1.011	1.010	1.021	1.019	1.023	
1.110	1.008	1.010	1.130	1.010	1.011	1.125	1.010	1.010	1.020	1.020	1.022	
1.111	1.008	1.011	1.129	1.010	1.011	1.125	1.010	1.009	1.020	1.021	1.022	
1.111	1.008	1.011	1.129	1.010	1.011	1.125	1.009	1.009	1.019	1.021	1.021	
1.111	1.008	1.011	1.129	1.010	1.011	1.124	1.009	1.009	1.020	1.022	1.021	
1.111	1.008	1.011	1.130	1.009	1.011	1.124	1.009	1.008	1.021	1.022	1.022	
1.110	1.007	1.011	1.130	1.009	1.011	1.124	1.009	1.008	1.022	1.022	1.022	
1.110	1.007	1.011	1.131	1.008	1.010	1.123	1.009	1.008	1.023	1.022	1.022	
1.110	1.008	1.011	1.131	1.009	1.010	1.123	1.009	1.008	1.024	1.022	1.025	
1.110	1.008	1.011	1.131	1.009	1.010	1.123	1.009	1.008	1.024	1.021	1.027	
1.110	1.008	1.010	1.131	1.009	1.010	1.124	1.008	1.008	1.025	1.020	1.030	
1.110	1.008	1.010	1.131	1.010	1.010	1.124	1.008	1.008	1.025	1.020	1.032	
1.111	1.008	1.010	1.132	1.010	1.010	1.124	1.008	1.009	1.025	1.021	1.034	
1.111	1.007	1.009	1.132	1.010	1.010	1.124	1.008	1.009	1.025	1.021	1.036	
1.112	1.007	1.008	1.133	1.009	1.010	1.125	1.009	1.009	1.024	1.022	1.038	
1.112	1.007	1.008	1.133	1.009	1.010	1.125	1.009	1.010	1.024	1.023	1.040	
1.112	1.007	1.008	1.133	1.009	1.010	1.125	1.009	1.009	1.024	1.025	1.039	
1.112	1.007	1.009	1.133	1.009	1.010	1.124	1.009	1.008	1.025	1.027	1.039	
1.112	1.008	1.009	1.133	1.009	1.009	1.124	1.009	1.007	1.025	1.029	1.038	
1.112	1.008	1.010	1.133	1.009	1.009	1.124	1.009	1.006	1.025	1.031	1.037	
1.112	1.008	1.010	1.133	1.009	1.009	1.125	1.009	1.006	1.027	1.032	1.036	
1.112	1.008	1.010	1.134	1.009	1.010	1.125	1.009	1.007	1.028	1.034	1.035	
1.112	1.008	1.009	1.135	1.009	1.010	1.126	1.009	1.008	1.030	1.035	1.034	
1.112	1.008	1.009	1.135	1.009	1.010	1.127	1.009	1.008	1.031	1.037	1.032	
1.113	1.008	1.009	1.135	1.009	1.010	1.127	1.009	1.008	1.034	1.035	1.031	
1.113	1.007	1.008	1.134	1.009	1.010	1.127	1.009	1.008	1.036	1.034	1.030	
1.113	1.007	1.008	1.134	1.008	1.009	1.126	1.009	1.008	1.039	1.033	1.029	
1.114	1.006	1.007	1.133	1.008	1.009	1.126	1.009	1.008	1.042	1.031	1.028	
1.114	1.007	1.008	1.134	1.008	1.010	1.126	1.008	1.008	1.042	1.030	1.029	
1.114	1.007	1.008	1.134	1.009	1.010	1.126	1.008	1.008	1.042	1.029	1.029	
1.114	1.007	1.008	1.134	1.009	1.010	1.126	1.008	1.007	1.042	1.028	1.030	
1.114	1.008	1.008	1.135	1.009	1.011	1.126	1.007	1.007	1.042	1.026	1.030	
1.114	1.007	1.009	1.134	1.009	1.010	1.126	1.008	1.008	1.040	1.026	1.031	
1.114	1.007	1.009	1.134	1.009	1.009	1.127	1.008	1.008	1.039	1.026	1.032	
1.114	1.007	1.009	1.133	1.008	1.008	1.127	1.008	1.009	1.038	1.026	1.032	
1.114	1.007	1.009	1.133	1.008	1.007	1.128	1.008	1.009	1.036	1.026	1.033	
1.115	1.007	1.009	1.133	1.008	1.008	1.128	1.008	1.008	1.035	1.027	1.033	
1.115	1.007	1.008	1.133	1.008	1.008	1.128	1.008	1.007	1.033	1.028	1.032	
1.115	1.007	1.007	1.134	1.008	1.009	1.129	1.008	1.007	1.032	1.029	1.032	
1.116	1.006	1.007	1.134	1.007	1.010	1.129	1.007	1.006	1.030	1.030	1.031	
1.116	1.006	1.007	1.134	1.008	1.009	1.128	1.008	1.007	1.030	1.031	1.031	
1.116	1.006	1.008	1.133	1.008	1.009	1.128	1.009	1.008	1.030	1.032	1.031	
1.115	1.006	1.008	1.133	1.009	1.008	1.128	1.009	1.009	1.030	1.033	1.031	
1.115	1.005	1.008	1.133	1.009	1.008	1.127	1.010	1.009	1.030	1.034	1.031	
1.115	1.006	1.009	1.133	1.009	1.007	1.127	1.010	1.009	1.031	1.033	1.032	
1.115	1.006	1.009	1.133	1.009	1.007	1.127	1.010	1.008	1.032	1.033	1.033	
1.115	1.006	1.009	1.134	1.009	1.007	1.127	1.011	1.008	1.033	1.032	1.035	
1.115	1.007	1.009	1.134	1.009	1.006	1.127	1.011	1.007	1.034	1.032	1.036	
1.116	1.007	1.009	1.134	1.009	1.006	1.128	1.011	1.007	1.034	1.032	1.039	
1.116	1.007	1.008	1.134	1.009	1.006	1.129	1.011	1.006	1.034	1.032	1.043	
1.116	1.008	1.008	1.135	1.009	1.006	1.130	1.011	1.006	1.035	1.033	1.046	
1.116	1.008	1.007	1.135	1.009	1.006	1.131	1.011	1.006	1.035	1.033	1.049	
1.116	1.008	1.007	1.135	1.008	1.006	1.130	1.010	1.006	1.035	1.035	1.052	
1.116	1.007	1.007	1.135	1.007	1.006	1.130	1.010	1.006	1.034	1.036	1.054	
1.117	1.007	1.007	1.136	1.007	1.006	1.129	1.009	1.006	1.034	1.038	1.057	
1.117	1.006	1.007	1.136	1.006	1.006	1.128	1.009	1.006	1.033	1.039	1.059	
1.117	1.006	1.007	1.136	1.006	1.007	1.129	1.008	1.006	1.034	1.042	1.060	
1.117	1.006	1.008	1.135	1.006	1.007	1.129	1.007	1.005	1.036	1.045	1.061	
1.116	1.006	1.008	1.135	1.007	1.007	1.130	1.007	1.004	1.037	1.048	1.062	
1.116	1.005	1.008	1.135	1.007	1.007	1.130	1.006	1.003	1.038	1.051	1.063	
1.116	1.006	1.008	1.135	1.007	1.007	1.129	1.006	1.004	1.040	1.053	1.062	
1.116	1.006	1.009	1.135	1.007	1.007	1.129	1.007	1.005	1.043	1.055	1.061	
1.116	1.006	1.009	1.135	1.007	1.006	1.128	1.007	1.006	1.045	1.057	1.059	
1.116	1.006	1.009	1.136	1.007	1.006	1.127	1.008	1.007	1.048	1.059	1.058	
1.116	1.006	1.009	1.136	1.007	1.006	1.127	1.007	1.007	1.051	1.059	1.057	
1.116	1.006	1.009	1.136	1.007	1.006	1.128	1.007	1.006	1.054	1.059	1.055	
1.117	1.005	1.008	1.136	1.007	1.006	1.128	1.007	1.006	1.057	1.059	1.054	
1.117	1.005	1.008	1.136	1.007	1.006	1.129	1.007	1.005	1.060	1.058	1.052	
1.117	1.005	1.008	1.136	1.007	1.006	1.130	1.007	1.005	1.062	1.057	1.052	
1.117	1.005	1.007	1.135	1.007	1.005	1.130	1.008	1.005	1.063	1.056	1.051	
1.117	1.006	1.007	1.135	1.007	1.005	1.131	1.008	1.005	1.064	1.055	1.051	
1.117	1.006	1.006	1.134	1.006	1.005	1.131	1.009	1.006	1.066	1.054	1.050	
1.117	1.006	1.006	1.135	1.007	1.005	1.131	1.009	1.005	1.065	1.053	1.051	
1.117	1.006	1.007	1.135	1.007	1.005	1.132	1.008	1.005	1.064	1.052	1.051	
1.116	1.006	1.007	1.135	1.007	1.005	1.132	1.008	1.005	1.062	1.052	1.052	
1.116	1.006	1.007	1.135	1.007	1.005	1.133	1.007	1.005	1.061	1.051	1.052	
1.117	1.006	1.007	1.136	1.007	1.005	1.132	1.007	1.006	1.060	1.051	1.052	
1.117	1.006	1.007	1.137	1.007	1.005	1.132	1.007	1.006	1.058	1.052	1.052	
1.117	1.006	1.006	1.138	1.007	1.005	1.131	1.007	1.006	1.056	1.052	1.052	
1.118	1.006	1.006	1.138	1.007	1.005	1.131	1.006	1.007	1.054	1.053	1.052	
1.118	1.006	1.007	1.138	1.007	1.005	1.131	1.007	1.007	1.054	1.053	1.051	
1.118	1.006	1.007	1.137	1.007	1.006	1.131	1.007	1.006	1.053	1.054	1.051	
1.119	1.006	1.007	1.137	1.007	1.007	1.131	1.007	1.006	1.053	1.054	1.051	
1.119	1.006	1.007	1.137	1.007	1.007	1.131	1.008	1.006	1.052	1.055	1.050	
1.119	1.006	1.007	1.137	1.007	1.006	1.131	1.007	1.006	1.053	1.055	1.052	
1.119	1.005	1.007	1.137	1.006	1.006	1.131	1.006	1.007	1.054	1.055	1.054	
1.119	1.005	1.006	1.137	1.006	1.005	1.132	1.006	1.007	1.054	1.055	1.056	
1.119	1.004	1.006	1.137	1.006	1.005	1.132	1.005	1.007	1.055	1.054	1.058	
1.119	1.004	1.006	1.137	1.006	1.005	1.132	1.005	1.006	1.056	1.054	1.062	
1.119	1.004	1.006	1.138	1.006	1.005	1.132	1.005	1.006	1.057	1.054	1.065	
1.119	1.005	1.006	1.138	1.007	1.005	1.132	1.005	1.005	1.058	1.054	1.069	
1.120	1.005	1.006	1.138	1.007	1.005	1.131	1.005	1.005	1.059	1.053	1.072	
1.119	1.005	1.006	1.139	1.007	1.005	1.132	1.005	1.005	1.059	1.055	1.075	
1.119	1.005	1.006	1.139	1.007	1.005	1.132	1.006	1.005	1.059	1.056	1.078	
1.119	1.006	1.006	1.139	1.007	1.005	1.133	1.006	1.005	1.060	1.058	1.081	
1.118	1.006	1.006	1.139	1.006	1.005	1.133	1.007	1.005	1.060	1.059	1.084	
1.119	1.005	1.006	1.139	1.006	1.005	1.133	1.007	1.005	1.060	1.062	1.085	
1.119	1.005	1.006	1.139	1.006	1.005	1.133	1.007	1.005	1.061	1.065	1.086	
1.119	1.005	1.006	1.140	1.007	1.005	1.132	1.007	1.005	1.062	1.069	1.087	
1.120	1.004	1.006	1.140	1.007	1.006	1.132	1.007	1.004	1.062	1.072	1.088	
1.119	1.005	1.006	1.141	1.006	1.006	1.132	1.008	1.004	1.065	1.074	1.087	
1.119	1.005	1.005	1.141	1.006	1.005	1.133	1.008	1.003	1.067	1.077	1.085	
1.119	1.005	1.005	1.142	1.006	1.005	1.134	1.008	1.002	1.070	1.080	1.084	
1.118	1.006	1.005	1.142	1.006	1.005	1.134	1.008	1.002	1.072	1.082	1.082	
1.119	1.006	1.005	1.142	1.006	1.004	1.134	1.008	1.002	1.075	1.083	1.081	
1.119	1.006	1.004	1.142	1.006	1.004	1.133	1.007	1.003	1.079	1.083	1.079	
1.119	1.006	1.004	1.141	1.006	1.004	1.133	1.006	1.003	1.082	1.083	1.077	
1.119	1.006	1.004	1.141	1.006	1.003	1.132	1.005	1.004	1.086	1.084	1.075	
1.120	1.005	1.004	1.142	1.006	1.003	1.132	1.005	1.004	1.087	1.083	1.075	
1.120	1.005	1.004	1.142	1.006	1.004	1.132	1.005	1.005	1.089	1.081	1.075	
1.121	1.005	1.004	1.143	1.006	1.004	1.131	1.005	1.005	1.091	1.080	1.075	
1.121	1.005	1.004	1.144	1.006	1.004	1.131	1.005	1.005	1.093	1.078	1.075	
1.121	1.005	1.004	1.144	1.006	1.004	1.132	1.006	1.005	1.091	1.077	1.076	
1.122	1.005	1.004	1.144	1.006	1.004	1.132	1.006	1.005	1.090	1.076	1.076	
1.122	1.005	1.004	1.144	1.006	1.004	1.133	1.006	1.004	1.089	1.075	1.077	
1.122	1.005	1.004	1.144	1.007	1.004	1.134	1.006	1.004	1.088	1.074	1.077	
1.122	1.005	1.004	1.143	1.007	1.004	1.134	1.006	1.004	1.085	1.075	1.077	
1.122	1.006	1.004	1.143	1.007	1.004	1.134	1.006	1.004	1.083	1.076	1.077	
1.123	1.006	1.004	1.142	1.007	1.004	1.134	1.005	1.003	1.081	1.077	1.076	
1.123	1.006	1.004	1.142	1.007	1.003	1.134	1.005	1.003	1.079	1.077	1.076	
1.123	1.006	1.004	1.142	1.007	1.003	1.134	1.006	1.003	1.078	1.078	1.076	
1.123	1.005	1.004	1.142	1.007	1.003	1.134	1.006	1.002	1.078	1.080	1.075	
1.123	1.004	1.004	1.141	1.007	1.003	1.135	1.007	1.002	1.077	1.081	1.074	
1.123	1.004	1.005	1.141	1.007	1.003	1.135	1.008	1.001	1.076	1.082	1.074	
1.123	1.004	1.005	1.141	1.006	1.003	1.135	1.007	1.002	1.078	1.081	1.076	
1.123	1.004	1.004	1.141	1.006	1.003	1.134	1.007	1.003	1.079	1.081	1.077	
1.123	1.004	1.004	1.141	1.005	1.002	1.134	1.006	1.004	1.081	1.081	1.079	
1.123	1.004	1.004	1.141	1.005	1.002	1.133	1.005	1.004	1.083	1.080	1.081	
1.124	1.004	1.004	1.141	1.005	1.002	1.133	1.005	1.004	1.084	1.080	1.085	
1.124	1.004	1.004	1.141	1.005	1.002	1.133	1.005	1.003	1.085	1.080	1.089	
1.124	1.004	1.004	1.140	1.005	1.002	1.133	1.005	1.002	1.086	1.080	1.093	
1.124	1.004	1.004	1.140	1.004	1.002	1.133	1.004	1.001	1.087	1.080	1.097	
1.125	1.004	1.003	1.140	1.005	1.002	1.134	1.004	1.001	1.087	1.081	1.101	
1.125	1.004	1.003	1.141	1.005	1.003	1.134	1.004	1.002	1.087	1.082	1.105	
1.125	1.005	1.002	1.142	1.005	1.003	1.135	1.004	1.002	1.087	1.083	1.109	
1.125	1.005	1.002	1.143	1.006	1.003	1.135	1.004	1.002	1.088	1.084	1.112	
1.125	1.004	1.002	1.143	1.005	1.003	1.135	1.004	1.003	1.088	1.088	1.113	
1.125	1.004	1.002	1.143	1.005	1.003	1.134	1.004	1.003	1.089	1.091	1.114	
1.125	1.004	1.002	1.143	1.005	1.002	1.134	1.004	1.004	1.090	1.095	1.114	
1.125	1.003	1.002	1.143	1.005	1.002	1.134	1.004	1.004	1.091	1.098	1.115	
1.125	1.003	1.002	1.143	1.005	1.002	1.134	1.004	1.003	1.094	1.101	1.114	
1.125	1.003	1.002	1.143	1.005	1.003	1.134	1.004	1.002	1.096	1.104	1.113	
1.125	1.003	1.002	1.143	1.005	1.003	1.134	1.005	1.002	1.098	1.107	1.112	
1.125	1.003	1.002	1.143	1.005	1.003	1.134	1.005	1.001	1.101	1.110	1.111	
1.125	1.003	1.002	1.143	1.005	1.003	1.133	1.005	1.000	1.104	1.109	1.109	
1.125	1.003	1.002	1.144	1.005	1.003	1.133	1.006	1.000	1.108	1.109	1.107	
1.126	1.003	1.001	1.145	1.005	1.003	1.133	1.006	1.000	1.111	1.109	1.105	
1.126	1.003	1.001	1.145	1.006	1.002	1.133	1.006	1.000	1.115	1.109	1.103	
1.126	1.003	1.002	1.145	1.005	1.002	1.133	1.006	1.001	1.117	1.108	1.104	
1.125	1.003	1.002	1.145	1.005	1.002	1.134	1.005	1.001	1.119	1.107	1.106	
1.125	1.003	1.002	1.146	1.005	1.002	1.135	1.005	1.002	1.122	1.105	1.107	
1.124	1.003	1.003	1.146	1.005	1.002	1.136	1.004	1.002	1.124	1.104	1.108	
1.125	1.003	1.002	1.145	1.005	1.002	1.135	1.004	1.002	1.122	1.104	1.109	
1.125	1.004	1.002	1.145	1.004	1.002	1.135	1.005	1.002	1.121	1.103	1.109	
1.125	1.004	1.002	1.145	1.004	1.002	1.135	1.005	1.002	1.119	1.103	1.110	
1.125	1.004	1.002	1.145	1.004	1.002	1.134	1.005	1.002	1.118	1.102	1.110	
1.125	1.004	1.001	1.145	1.005	1.002	1.135	1.005	1.002	1.115	1.104	1.110	
1.125	1.004	1.001	1.144	1.005	1.002	1.135	1.004	1.002	1.113	1.105	1.111	
1.124	1.004	1.001	1.144	1.006	1.002	1.136	1.004	1.002	1.111	1.106	1.111	
1.124	1.005	1.001	1.144	1.007	1.002	1.136	1.004	1.002	1.109	1.108	1.112	
1.124	1.004	1.001	1.144	1.006	1.002	1.136	1.005	1.002	1.108	1.110	1.112	
1.125	1.004	1.001	1.145	1.006	1.001	1.136	1.005	1.002	1.108	1.112	1.112	
1.125	1.004	1.001	1.145	1.005	1.001	1.137	1.006	1.002	1.107	1.114	1.112	
1.125	1.004	1.001	1.146	1.005	1.000	1.137	1.006	1.002	1.107	1.116	1.112	
1.125	1.004	1.001	1.146	1.005	1.000	1.137	1.005	1.001	1.109	1.116	1.113	
1.125	1.004	1.001	1.146	1.006	1.001	1.137	1.004	1.001	1.111	1.117	1.114	
1.125	1.004	1.001	1.146	1.006	1.001	1.137	1.003	1.001	1.113	1.117	1.116	
1.126	1.004	1.002	1.146	1.006	1.002	1.138	1.002	1.000	1.115	1.117	1.117	
1.125	1.003	1.001	1.146	1.006	1.002	1.138	1.003	1.000	1.116	1.118	1.121	
1.125	1.003	1.001	1.146	1.005	1.002	1.138	1.004	1.001	1.117	1.118	1.125	
1.125	1.003	1.000	1.146	1.005	1.002	1.138	1.004	1.001	1.118	1.118	1.129	
1.125	1.002	1.000	1.146	1.004	1.002	1.138	1.005	1.001	1.119	1.118	1.132	
1.125	1.003	1.009	1.146	1.004	1.011	1.138	1.005	1.009	1.115	1.115	1.131	
1.125	1.003	1.019	1.145	1.004	1.020	1.138	1.005	1.018	1.110	1.111	1.130	
1.126	1.003	1.029	1.145	1.004	1.030	1.138	1.006	1.026	1.106	1.108	1.129	
1.126	1.003	1.038	1.144	1.003	1.039	1.137	1.006	1.035	1.102	1.104	1.128	
1.126	1.004	1.038	1.144	1.004	1.039	1.138	1.005	1.035	1.103	1.107	1.129	
1.127	1.004	1.038	1.143	1.004	1.039	1.138	1.005	1.036	1.104	1.110	1.130	
1.127	1.004	1.037	1.143	1.005	1.038	1.139	1.005	1.036	1.105	1.114	1.130	
1.127	1.005	1.037	1.142	1.006	1.038	1.139	1.005	1.036	1.107	1.117	1.131	
1.127	1.005	1.038	1.143	1.005	1.038	1.139	1.005	1.037	1.109	1.119	1.129	
1.127	1.005	1.038	1.143	1.005	1.038	1.139	1.005	1.037	1.112	1.122	1.128	
1.127	1.004	1.039	1.143	1.005	1.038	1.139	1.005	1.037	1.115	1.125	1.126	
1.126	1.004	1.040	1.144	1.004	1.037	1.138	1.005	1.038	1.117	1.127	1.124	
1.127	1.004	1.039	1.144	1.004	1.038	1.139	1.005	1.037	1.122	1.127	1.123	
1.127	1.004	1.039	1.145	1.004	1.038	1.139	1.005	1.036	1.126	1.127	1.122	
1.128	1.003	1.039	1.145	1.004	1.038	1.139	1.004	1.035	1.130	1.127	1.121	
1.129	1.003	1.038	1.145	1.004	1.038	1.139	1.004	1.034	1.134	1.127	1.120	
1.128	1.003	1.039	1.145	1.004	1.038	1.139	1.004	1.034	1.136	1.125	1.120	
1.128	1.003	1.039	1.146	1.004	1.038	1.139	1.004	1.034	1.137	1.122	1.120	
1.128	1.003	1.039	1.146	1.004	1.038	1.139	1.005	1.034	1.139	1.120	1.120	
1.127	1.004	1.039	1.146	1.004	1.038	1.139	1.005	1.034	1.141	1.118	1.120	
1.127	1.004	1.039	1.146	1.004	1.037	1.140	1.005	1.034	1.139	1.117	1.121	
1.128	1.003	1.039	1.146	1.004	1.037	1.140	1.005	1.035	1.138	1.117	1.122	
1.128	1.003	1.038	1.146	1.004	1.037	1.140	1.004	1.035	1.136	1.116	1.123	
1.128	1.003	1.038	1.146	1.005	1.037	1.141	1.004	1.036	1.135	1.116	1.124	
1.128	1.003	1.038	1.147	1.005	1.037	1.140	1.004	1.036	1.132	1.117	1.124	
1.128	1.003	1.038	1.148	1.005	1.036	1.140	1.004	1.036	1.129	1.118	1.124	
1.128	1.003	1.037	1.149	1.005	1.036	1.139	1.003	1.037	1.126	1.119	1.125	
1.128	1.003	1.037	1.149	1.005	1.035	1.139	1.003	1.037	1.123	1.120	1.125	
1.127	1.003	1.037	1.149	1.005	1.035	1.139	1.003	1.037	1.122	1.121	1.125	
1.127	1.003	1.038	1.150	1.005	1.036	1.139	1.003	1.036	1.121	1.123	1.126	
1.126	1.003	1.038	1.150	1.005	1.036	1.139	1.002	1.036	1.121	1.124	1.126	
1.125	1.003	1.038	1.150	1.005	1.036	1.139	1.002	1.035	1.120	1.126	1.127	
1.126	1.003	1.039	1.149	1.005	1.037	1.140	1.003	1.036	1.121	1.127	1.129	
1.126	1.003	1.039	1.149	1.005	1.037	1.140	1.003	1.036	1.123	1.127	1.132	
1.127	1.003	1.039	1.149	1.006	1.038	1.140	1.004	1.036	1.124	1.128	1.134	
1.127	1.002	1.039	1.148	1.006	1.038	1.141	1.005	1.036	1.125	1.128	1.136	
1.127	1.002	1.039	1.149	1.006	1.038	1.141	1.005	1.036	1.126	1.129	1.141	
1.126	1.002	1.039	1.149	1.006	1.038	1.140	1.005	1.036	1.128	1.131	1.145	
1.126	1.002	1.038	1.150	1.006	1.037	1.140	1.005	1.035	1.129	1.132	1.150	
1.125	1.002	1.038	1.150	1.006	1.037	1.140	1.005	1.035	1.130	1.133	1.154	
1.125	1.003	1.038	1.150	1.005	1.037	1.140	1.004	1.036	1.132	1.135	1.158	
1.126	1.003	1.038	1.149	1.005	1.037	1.141	1.004	1.036	1.133	1.138	1.161	
1.126	1.003	1.038	1.149	1.005	1.037	1.141	1.004	1.036	1.134	1.141	1.165	
1.126	1.003	1.037	1.149	1.005	1.037	1.141	1.004	1.037	1.135	1.144	1.168	
1.126	1.003	1.038	1.149	1.005	1.037	1.141	1.004	1.036	1.137	1.148	1.169	
1.127	1.003	1.038	1.149	1.005	1.037	1.140	1.004	1.036	1.139	1.152	1.169	
1.127	1.003	1.038	1.149	1.005	1.036	1.140	1.003	1.036	1.141	1.157	1.170	
1.128	1.003	1.038	1.149	1.005	1.036	1.140	1.003	1.035	1.142	1.161	1.170	
1.128	1.003	1.038	1.149	1.005	1.036	1.140	1.003	1.035	1.146	1.164	1.168	
1.129	1.003	1.038	1.150	1.005	1.036	1.140	1.002	1.035	1.149	1.167	1.166	
1.130	1.002	1.037	1.150	1.004	1.037	1.140	1.002	1.035	1.153	1.170	1.164	
1.130	1.002	1.037	1.150	1.004	1.037	1.140	1.001	1.034	1.156	1.173	1.162	
1.130	1.002	1.037	1.150	1.004	1.037	1.141	1.002	1.034	1.161	1.173	1.160	
1.130	1.002	1.037	1.150	1.005	1.037	1.141	1.002	1.034	1.166	1.173	1.158	
1.129	1.002	1.037	1.151	1.005	1.036	1.141	1.002	1.034	1.170	1.172	1.156	
1.129	1.002	1.037	1.151	1.005	1.036	1.142	1.003	1.034	1.175	1.172	1.155	
1.129	1.002	1.037	1.150	1.005	1.037	1.142	1.003	1.034	1.177	1.169	1.155	
1.130	1.002	1.037	1.150	1.005	1.037	1.142	1.003	1.034	1.180	1.167	1.155	
1.130	1.002	1.037	1.150	1.005	1.037	1.142	1.002	1.034	1.182	1.164	1.155	
1.131	1.002	1.037	1.150	1.005	1.037	1.143	1.002	1.034	1.184	1.161	1.155	
1.131	1.001	1.037	1.150	1.005	1.037	1.142	1.003	1.034	1.183	1.159	1.156	
1.131	1.001	1.037	1.149	1.005	1.036	1.142	1.003	1.034	1.182	1.157	1.157	
1.132	1.001	1.037	1.149	1.004	1.036	1.141	1.003	1.034	1.181	1.155	1.158	
1.132	1.001	1.038	1.149	1.004	1.036	1.141	1.003	1.033	1.180	1.153	1.159	
1.132	1.001	1.037	1.149	1.004	1.036	1.141	1.003	1.033	1.177	1.154	1.160	
1.131	1.001	1.037	1.150	1.004	1.036	1.141	1.003	1.033	1.174	1.154	1.160	
1.131	1.001	1.037	1.150	1.004	1.036	1.141	1.003	1.033	1.171	1.155	1.161	
1.131	1.002	1.037	1.150	1.004	1.037	1.141	1.003	1.033	1.168	1.155	1.162	
1.131	1.002	1.037	1.150	1.005	1.037	1.141	1.003	1.034	1.167	1.156	1.163	
1.131	1.002	1.037	1.151	1.005	1.036	1.141	1.004	1.035	1.166	1.157	1.164	
1.131	1.003	1.038	1.151	1.005	1.036	1.141	1.004	1.036	1.164	1.158	1.165	
1.131	1.003	1.038	1.151	1.005	1.036	1.141	1.004	1.037	1.163	1.159	1.166	
1.131	1.003	1.037	1.151	1.005	1.036	1.141	1.004	1.036	1.164	1.161	1.169	
1.131	1.002	1.037	1.151	1.006	1.035	1.140	1.004	1.035	1.164	1.162	1.171	
1.131	1.002	1.037	1.151	1.006	1.035	1.140	1.004	1.034	1.165	1.163	1.173	
1.131	1.001	1.036	1.150	1.007	1.035	1.139	1.004	1.033	1.165	1.164	1.176	
1.131	1.001	1.036	1.151	1.006	1.035	1.140	1.004	1.033	1.166	1.166	1.180	
1.131	1.001	1.036	1.151	1.005	1.035	1.141	1.005	1.033	1.167	1.167	1.184	
1.131	1.001	1.036	1.151	1.004	1.035	1.142	1.005	1.034	1.168	1.168	1.187	
1.131	1.001	1.036	1.151	1.003	1.036	1.142	1.006	1.034	1.169	1.169	1.191	
1.131	1.002	1.036	1.151	1.004	1.036	1.143	1.005	1.034	1.170	1.172	1.194	
1.131	1.002	1.036	1.152	1.004	1.036	1.143	1.004	1.034	1.171	1.175	1.197	
1.131	1.002	1.036	1.152	1.005	1.035	1.143	1.003	1.033	1.172	1.177	1.200	
1.131	1.002	1.036	1.152	1.005	1.035	1.144	1.003	1.033	1.173	1.180	1.203	
1.131	1.002	1.036	1.152	1.005	1.035	1.143	1.003	1.033	1.174	1.184	1.203	
1.131	1.002	1.035	1.152	1.005	1.035	1.143	1.002	1.033	1.175	1.188	1.203	
1.131	1.002	1.035	1.152	1.005	1.035	1.143	1.002	1.033	1.176	1.191	1.203	
1.132	1.002	1.035	1.152	1.004	1.035	1.143	1.002	1.033	1.177	1.195	1.203	
1.132	1.002	1.035	1.152	1.004	1.035	1.143	1.003	1.033	1.181	1.198	1.200	
1.132	1.002	1.035	1.152	1.004	1.035	1.143	1.003	1.033	1.184	1.201	1.197	
1.132	1.001	1.035	1.152	1.004	1.035	1.143	1.004	1.033	1.187	1.204	1.193	
1.132	1.001	1.035	1.152	1.004	1.035	1.143	1.005	1.033	1.191	1.206	1.190	
1.132	1.001	1.035	1.152	1.004	1.035	1.143	1.005	1.033	1.195	1.206	1.188	
1.132	1.001	1.036	1.152	1.004	1.035	1.144	1.004	1.033	1.199	1.205	1.186	
1.131	1.001	1.036	1.152	1.004	1.036	1.144	1.004	1.033	1.203	1.205	1.184	
1.131	1.002	1.036	1.152	1.004	1.036	1.144	1.004	1.033	1.207	1.204	1.182	
1.131	1.002	1.036	1.152	1.005	1.036	1.144	1.004	1.034	1.209	1.202	1.183	
1.131	1.001	1.036	1.152	1.005	1.036	1.144	1.004	1.034	1.211	1.199	1.184	
1.131	1.001	1.036	1.152	1.005	1.036	1.145	1.005	1.034	1.213	1.196	1.184	
1.131	1.001	1.036	1.152	1.006	1.036	1.145	1.005	1.034	1.215	1.193	1.185	
1.132	1.001	1.036	1.152	1.005	1.035	1.145	1.004	1.034	1.214	1.190	1.186	
1.132	1.001	1.035	1.152	1.005	1.035	1.145	1.004	1.033	1.213	1.188	1.188	
1.133	1.001	1.035	1.152	1.005	1.034	1.145	1.003	1.033	1.212	1.186	1.190	
1.134	1.001	1.035	1.152	1.004	1.034	1.145	1.002	1.033	1.211	1.184	1.192	
1.133	1.002	1.035	1.153	1.004	1.034	1.145	1.003	1.033	1.208	1.185	1.192	
1.133	1.002	1.035	1.153	1.004	1.034	1.145	1.003	1.033	1.205	1.186	1.193	
1.133	1.002	1.036	1.153	1.004	1.034	1.146	1.003	1.033	1.202	1.187	1.193	
1.133	1.003	1.036	1.154	1.004	1.034	1.146	1.003	1.033	1.200	1.188	1.194	
1.133	1.002	1.036	1.154	1.004	1.034	1.146	1.003	1.033	1.198	1.190	1.194	
1.134	1.002	1.036	1.154	1.004	1.033	1.147	1.003	1.033	1.197	1.191	1.194	
1.134	1.002	1.036	1.154	1.004	1.033	1.147	1.002	1.033	1.196	1.193	1.194	
1.135	1.001	1.036	1.154	1.004	1.033	1.148	1.002	1.033	1.195	1.195	1.194	
1.135	1.001	1.036	1.154	1.004	1.033	1.147	1.002	1.033	1.196	1.196	1.194	
1.134	1.002	1.036	1.154	1.005	1.033	1.147	1.002	1.034	1.197	1.197	1.195	
1.134	1.002	1.036	1.154	1.005	1.034	1.147	1.002	1.034	1.198	1.198	1.196	
1.134	1.002	1.036	1.154	1.005	1.034	1.146	1.002	1.034	1.199	1.199	1.197	
1.134	1.002	1.036	1.154	1.005	1.034	1.147	1.003	1.034	1.201	1.198	1.199	
1.134	1.001	1.036	1.154	1.005	1.035	1.148	1.004	1.034	1.202	1.198	1.201	
1.134	1.001	1.036	1.154	1.005	1.035	1.149	1.004	1.033	1.204	1.198	1.203	
1.134	1.001	1.036	1.154	1.004	1.035	1.150	1.005	1.033	1.206	1.197	1.205	
1.134	1.001	1.036	1.154	1.004	1.035	1.149	1.005	1.033	1.206	1.198	1.208	
1.134	1.001	1.035	1.154	1.003	1.034	1.148	1.004	1.033	1.207	1.200	1.211	
1.134	1.001	1.035	1.154	1.002	1.034	1.147	1.003	1.034	1.207	1.201	1.213	
1.135	1.001	1.035	1.154	1.002	1.033	1.146	1.003	1.034	1.208	1.202	1.216	
1.135	1.002	1.035	1.154	1.002	1.033	1.146	1.003	1.033	1.207	1.205	1.216	
1.135	1.002	1.035	1.154	1.002	1.033	1.146	1.003	1.032	1.207	1.208	1.216	
1.135	1.002	1.035	1.154	1.002	1.032	1.146	1.003	1.031	1.206	1.211	1.216	
1.134	1.002	1.035	1.154	1.003	1.032	1.146	1.004	1.030	1.206	1.214	1.216	
1.134	1.002	1.035	1.155	1.003	1.032	1.147	1.003	1.030	1.208	1.216	1.214	
1.134	1.002	1.035	1.155	1.004	1.033	1.147	1.003	1.030	1.210	1.217	1.213	
1.134	1.002	1.035	1.156	1.004	1.033	1.147	1.003	1.030	1.212	1.219	1.212	
1.134	1.002	1.035	1.156	1.005	1.033	1.148	1.003	1.030	1.214	1.221	1.211	
1.134	1.002	1.034	1.156	1.005	1.033	1.148	1.002	1.030	1.217	1.220	1.210	
1.134	1.003	1.034	1.156	1.005	1.034	1.148	1.002	1.031	1.220	1.219	1.210	
1.135	1.003	1.034	1.156	1.005	1.034	1.148	1.002	1.031	1.224	1.219	1.210	
1.135	1.003	1.033	1.156	1.005	1.035	1.149	1.002	1.031	1.227	1.218	1.210	
1.135	1.003	1.034	1.156	1.005	1.035	1.149	1.002	1.031	1.228	1.216	1.213	
1.135	1.003	1.034	1.156	1.005	1.035	1.150	1.002	1.032	1.230	1.215	1.215	
1.135	1.002	1.034	1.156	1.004	1.035	1.151	1.002	1.032	1.231	1.214	1.217	
1.135	1.002	1.035	1.156	1.004	1.035	1.152	1.002	1.032	1.233	1.212	1.219	
1.136	1.002	1.035	1.156	1.004	1.034	1.151	1.003	1.032	1.232	1.212	1.222	
1.136	1.003	1.035	1.156	1.004	1.033	1.151	1.003	1.032	1.231	1.211	1.225	
1.136	1.003	1.035	1.156	1.004	1.032	1.150	1.004	1.032	1.230	1.211	1.229	
1.137	1.003	1.035	1.156	1.004	1.031	1.149	1.004	1.032	1.229	1.211	1.232	
1.136	1.003	1.035	1.157	1.004	1.032	1.150	1.004	1.033	1.227	1.213	1.232	
1.136	1.002	1.035	1.157	1.004	1.032	1.151	1.004	1.033	1.226	1.215	1.232	
1.136	1.002	1.035	1.158	1.004	1.033	1.152	1.004	1.033	1.224	1.218	1.232	
1.135	1.002	1.035	1.158	1.003	1.034	1.152	1.004	1.034	1.222	1.220	1.233	
1.136	1.002	1.035	1.158	1.003	1.034	1.152	1.004	1.033	1.223	1.223	1.231	
1.136	1.002	1.035	1.158	1.003	1.034	1.152	1.003	1.033	1.224	1.226	1.230	
1.136	1.002	1.035	1.158	1.003	1.034	1.152	1.003	1.033	1.224	1.229	1.229	
1.136	1.002	1.035	1.158	1.003	1.034	1.152	1.003	1.033	1.225	1.233	1.227	
1.136	1.002	1.035	1.158	1.003	1.034	1.153	1.002	1.032	1.227	1.233	1.226	
1.137	1.002	1.035	1.158	1.003	1.034	1.153	1.002	1.032	1.230	1.233	1.225	
1.137	1.002	1.034	1.159	1.003	1.034	1.153	1.001	1.031	1.233	1.233	1.224	
1.137	1.002	1.034	1.159	1.003	1.033	1.153	1.000	1.031	1.235	1.234	1.223	
1.137	1.002	1.034	1.158	1.003	1.033	1.153	1.001	1.031	1.237	1.232	1.225	
1.137	1.002	1.034	1.158	1.003	1.034	1.153	1.001	1.031	1.239	1.230	1.227	
1.137	1.002	1.033	1.157	1.003	1.034	1.153	1.002	1.031	1.241	1.228	1.228	
1.137	1.002	1.033	1.157	1.003	1.034	1.153	1.002	1.031	1.243	1.226	1.230	
1.137	1.002	1.033	1.157	1.003	1.033	1.153	1.002	1.031	1.243	1.226	1.231	
1.138	1.002	1.033	1.158	1.003	1.033	1.153	1.002	1.032	1.243	1.226	1.232	
1.138	1.002	1.033	1.158	1.003	1.033	1.154	1.002	1.032	1.242	1.226	1.232	
1.138	1.003	1.032	1.159	1.003	1.032	1.154	1.002	1.032	1.242	1.226	1.233	
1.138	1.002	1.033	1.159	1.002	1.033	1.154	1.002	1.032	1.240	1.228	1.233	
1.138	1.002	1.033	1.159	1.002	1.033	1.154	1.002	1.032	1.238	1.230	1.232	
1.137	1.002	1.033	1.159	1.001	1.034	1.154	1.002	1.032	1.236	1.232	1.232	
1.137	1.001	1.033	1.159	1.000	1.034	1.154	1.002	1.033	1.234	1.234	1.232	
1.137	1.001	1.033	1.159	1.001	1.034	1.155	1.002	1.032	1.234	1.236	1.230	
1.137	1.001	1.034	1.159	1.002	1.034	1.155	1.003	1.032	1.234	1.237	1.228	
1.137	1.001	1.034	1.159	1.003	1.033	1.156	1.003	1.032	1.235	1.239	1.227	
1.137	1.001	1.034	1.160	1.005	1.033	1.157	1.003	1.032	1.235	1.241	1.225	
1.137	1.001	1.034	1.160	1.004	1.033	1.157	1.002	1.033	1.237	1.240	1.224	
1.138	1.002	1.034	1.161	1.003	1.033	1.158	1.002	1.033	1.239	1.240	1.222	
1.138	1.002	1.033	1.162	1.003	1.034	1.158	1.001	1.034	1.241	1.239	1.221	
1.139	1.002	1.033	1.162	1.002	1.034	1.158	1.001	1.034	1.243	1.238	1.219	
1.139	1.001	1.033	1.162	1.003	1.034	1.159	1.001	1.034	1.244	1.237	1.222	
1.139	1.001	1.034	1.162	1.003	1.034	1.160	1.001	1.033	1.245	1.235	1.224	
1.140	1.000	1.034	1.163	1.004	1.034	1.160	1.002	1.033	1.246	1.233	1.226	
1.140	1.000	1.034	1.163	1.004	1.034	1.161	1.002	1.032	1.247	1.231	1.228	
1.140	1.000	1.034	1.163	1.004	1.033	1.161	1.002	1.033	1.247	1.230	1.230	
1.140	1.001	1.034	1.163	1.004	1.033	1.161	1.003	1.033	1.246	1.230	1.232	
1.140	1.001	1.034	1.163	1.003	1.033	1.161	1.003	1.033	1.245	1.229	1.234	
1.140	1.002	1.034	1.164	1.003	1.033	1.161	1.004	1.034	1.244	1.228	1.237	
1.140	1.002	1.034	1.164	1.003	1.033	1.162	1.004	1.033	1.242	1.229	1.237	
1.140	1.001	1.034	1.164	1.003	1.033	1.162	1.003	1.033	1.240	1.231	1.238	
1.140	1.001	1.034	1.164	1.003	1.033	1.162	1.003	1.033	1.238	1.232	1.239	
1.140	1.001	1.034	1.165	1.003	1.033	1.163	1.003	1.033	1.236	1.233	1.239	
1.141	1.001	1.034	1.165	1.004	1.033	1.164	1.003	1.033	1.237	1.236	1.238	
1.141	1.001	1.034	1.165	1.004	1.033	1.165	1.003	1.032	1.238	1.238	1.238	
1.142	1.001	1.034	1.165	1.005	1.033	1.166	1.002	1.032	1.239	1.240	1.237	
1.142	1.001	1.033	1.165	1.005	1.033	1.167	1.002	1.031	1.240	1.242	1.236	
1.142	1.001	1.033	1.165	1.005	1.034	1.167	1.002	1.032	1.242	1.242	1.237	
1.142	1.001	1.033	1.165	1.005	1.034	1.167	1.002	1.032	1.243	1.242	1.238	
1.142	1.001	1.033	1.165	1.005	1.034	1.167	1.002	1.032	1.245	1.241	1.240	
1.142	1.001	1.033	1.165	1.005	1.034	1.168	1.002	1.032	1.247	1.241	1.241	
1.142	1.001	1.033	1.166	1.004	1.034	1.168	1.002	1.032	1.249	1.240	1.244	
1.142	1.002	1.033	1.166	1.004	1.034	1.169	1.002	1.033	1.250	1.238	1.247	
1.142	1.002	1.033	1.167	1.004	1.034	1.170	1.002	1.033	1.252	1.236	1.250	
1.143	1.002	1.033	1.167	1.004	1.034	1.170	1.002	1.033	1.254	1.234	1.253	
1.143	1.002	1.033	1.167	1.004	1.034	1.171	1.002	1.032	1.254	1.236	1.255	
1.143	1.002	1.033	1.167	1.004	1.034	1.171	1.001	1.032	1.253	1.237	1.257	
1.143	1.001	1.033	1.167	1.004	1.034	1.172	1.001	1.031	1.253	1.238	1.259	
1.144	1.001	1.032	1.167	1.004	1.034	1.172	1.001	1.031	1.253	1.239	1.261	
1.144	1.001	1.033	1.167	1.004	1.034	1.173	1.001	1.031	1.252	1.242	1.260	
1.144	1.001	1.034	1.167	1.004	1.034	1.174	1.002	1.031	1.252	1.245	1.259	
1.144	1.001	1.034	1.168	1.004	1.034	1.174	1.002	1.031	1.251	1.248	1.257	
1.144	1.001	1.035	1.168	1.004	1.034	1.175	1.003	1.031	1.251	1.252	1.256	
1.144	1.002	1.035	1.169	1.004	1.034	1.176	1.003	1.031	1.252	1.253	1.253	
1.144	1.002	1.034	1.169	1.004	1.034	1.176	1.003	1.032	1.253	1.255	1.250	
1.145	1.002	1.034	1.170	1.004	1.035	1.177	1.003	1.033	1.254	1.257	1.247	
1.145	1.003	1.034	1.170	1.004	1.035	1.178	1.003	1.033	1.255	1.259	1.244	
1.145	1.002	1.034	1.171	1.004	1.035	1.178	1.002	1.033	1.257	1.259	1.241	
1.146	1.002	1.034	1.172	1.004	1.034	1.177	1.002	1.033	1.260	1.258	1.238	
1.147	1.002	1.034	1.172	1.004	1.034	1.177	1.002	1.033	1.262	1.258	1.235	
1.148	1.001	1.035	1.173	1.004	1.034	1.177	1.002	1.033	1.264	1.257	1.233	
1.148	1.001	1.034	1.174	1.005	1.034	1.178	1.002	1.033	1.265	1.253	1.232	
1.148	1.002	1.034	1.175	1.005	1.034	1.179	1.003	1.033	1.266	1.250	1.231	
1.149	1.002	1.034	1.176	1.005	1.034	1.179	1.003	1.033	1.267	1.247	1.231	
1.149	1.002	1.034	1.176	1.006	1.034	1.180	1.003	1.033	1.269	1.243	1.230	
1.149	1.002	1.034	1.177	1.005	1.034	1.181	1.004	1.034	1.267	1.241	1.231	
1.149	1.002	1.034	1.177	1.004	1.034	1.181	1.004	1.034	1.265	1.239	1.232	
1.149	1.002	1.034	1.177	1.003	1.034	1.182	1.004	1.034	1.264	1.237	1.232	
1.149	1.001	1.034	1.177	1.002	1.034	1.182	1.004	1.034	1.262	1.235	1.233	
1.149	1.002	1.034	1.178	1.003	1.033	1.182	1.004	1.033	1.258	1.235	1.232	
1.149	1.002	1.034	1.179	1.003	1.033	1.181	1.004	1.033	1.255	1.236	1.231	
1.149	1.002	1.034	1.180	1.003	1.033	1.180	1.004	1.032	1.251	1.236	1.230	
1.148	1.002	1.034	1.181	1.004	1.033	1.180	1.004	1.031	1.247	1.236	1.229	
1.149	1.002	1.033	1.182	1.004	1.033	1.181	1.004	1.032	1.245	1.237	1.228	
1.149	1.002	1.033	1.182	1.004	1.034	1.182	1.004	1.032	1.243	1.237	1.227	
1.150	1.002	1.033	1.183	1.004	1.035	1.183	1.004	1.033	1.240	1.238	1.225	
1.150	1.002	1.033	1.183	1.004	1.035	1.183	1.004	1.033	1.238	1.238	1.224	
1.150	1.002	1.033	1.184	1.003	1.035	1.183	1.003	1.033	1.240	1.237	1.225	
1.151	1.002	1.033	1.184	1.003	1.035	1.183	1.003	1.033	1.241	1.236	1.225	
1.151	1.002	1.033	1.185	1.003	1.034	1.183	1.002	1.033	1.243	1.234	1.226	
1.152	1.001	1.033	1.186	1.002	1.034	1.182	1.002	1.032	1.245	1.233	1.226	
1.152	1.001	1.033	1.186	1.003	1.034	1.183	1.002	1.032	1.246	1.232	1.229	
1.153	1.001	1.033	1.186	1.003	1.033	1.183	1.002	1.032	1.246	1.231	1.232	
1.153	1.001	1.034	1.187	1.004	1.033	1.184	1.002	1.032	1.247	1.230	1.236	
1.154	1.001	1.034	1.187	1.005	1.033	1.184	1.002	1.031	1.248	1.229	1.239	
1.154	1.001	1.034	1.188	1.004	1.033	1.185	1.002	1.031	1.247	1.229	1.241	
1.155	1.001	1.034	1.188	1.004	1.033	1.185	1.002	1.032	1.246	1.229	1.244	
1.155	1.002	1.034	1.188	1.004	1.033	1.185	1.002	1.032	1.245	1.229	1.247	
1.155	1.002	1.035	1.189	1.004	1.033	1.185	1.001	1.032	1.244	1.229	1.249	
1.156	1.002	1.035	1.189	1.004	1.033	1.186	1.002	1.032	1.243	1.232	1.249	
1.157	1.002	1.035	1.189	1.004	1.033	1.187	1.002	1.031	1.242	1.234	1.248	
1.157	1.001	1.035	1.189	1.004	1.033	1.187	1.003	1.031	1.241	1.236	1.247	
1.158	1.001	1.035	1.190	1.004	1.033	1.188	1.003	1.031	1.240	1.239	1.246	
1.159	1.001	1.034	1.190	1.004	1.033	1.189	1.003	1.031	1.241	1.241	1.243	
1.159	1.001	1.034	1.191	1.004	1.033	1.190	1.003	1.031	1.241	1.243	1.240	
1.160	1.001	1.034	1.192	1.004	1.033	1.191	1.003	1.031	1.241	1.245	1.237	
1.161	1.001	1.033	1.192	1.004	1.033	1.192	1.003	1.031	1.242	1.247	1.234	
1.161	1.001	1.034	1.192	1.004	1.033	1.193	1.003	1.031	1.245	1.246	1.232	
1.161	1.001	1.034	1.192	1.004	1.034	1.194	1.002	1.031	1.248	1.245	1.230	
1.161	1.001	1.034	1.192	1.004	1.034	1.195	1.001	1.031	1.251	1.244	1.228	
1.161	1.001	1.034	1.192	1.004	1.034	1.196	1.001	1.031	1.254	1.243	1.226	
1.162	1.001	1.034	1.192	1.004	1.034	1.197	1.001	1.032	1.255	1.241	1.226	
1.163	1.002	1.034	1.193	1.004	1.034	1.198	1.001	1.032	1.256	1.240	1.226	
1.164	1.002	1.034	1.194	1.004	1.034	1.199	1.001	1.032	1.258	1.238	1.227	
1.165	1.002	1.034	1.194	1.004	1.034	1.200	1.001	1.032	1.259	1.236	1.227	
1.165	1.002	1.034	1.194	1.003	1.034	1.199	1.001	1.032	1.256	1.234	1.227	
1.166	1.002	1.034	1.194	1.003	1.034	1.199	1.001	1.032	1.254	1.233	1.228	
1.166	1.002	1.035	1.194	1.003	1.034	1.198	1.001	1.032	1.251	1.231	1.228	
1.167	1.002	1.035	1.193	1.003	1.034	1.198	1.001	1.032	1.249	1.230	1.229	
1.167	1.002	1.035	1.194	1.003	1.034	1.199	1.001	1.031	1.247	1.230	1.228	
1.168	1.002	1.035	1.194	1.003	1.034	1.200	1.001	1.031	1.245	1.230	1.226	
1.169	1.002	1.035	1.194	1.003	1.035	1.201	1.001	1.031	1.243	1.230	1.225	
1.169	1.002	1.034	1.194	1.003	1.035	1.202	1.001	1.031	1.240	1.231	1.224	
1.170	1.003	1.035	1.195	1.004	1.035	1.202	1.001	1.032	1.239	1.231	1.223	
1.170	1.003	1.035	1.196	1.004	1.035	1.202	1.001	1.032	1.238	1.232	1.222	
1.170	1.003	1.035	1.197	1.004	1.034	1.202	1.001	1.032	1.237	1.233	1.221	
1.171	1.003	1.035	1.197	1.005	1.034	1.202	1.001	1.033	1.236	1.233	1.220	
1.171	1.003	1.035	1.198	1.005	1.034	1.202	1.001	1.032	1.237	1.233	1.221	
1.172	1.003	1.035	1.198	1.005	1.034	1.203	1.001	1.031	1.238	1.232	1.222	
1.172	1.003	1.035	1.198	1.005	1.034	1.203	1.001	1.031	1.239	1.231	1.223	
1.173	1.003	1.034	1.198	1.005	1.034	1.203	1.001	1.030	1.240	1.230	1.225	
1.173	1.003	1.034	1.198	1.004	1.034	1.204	1.002	1.031	1.241	1.228	1.228	
1.173	1.003	1.034	1.199	1.004	1.033	1.204	1.002	1.031	1.242	1.226	1.232	
1.174	1.002	1.034	1.200	1.003	1.033	1.205	1.002	1.032	1.243	1.224	1.235	
1.174	1.002	1.034	1.201	1.003	1.032	1.205	1.002	1.033	1.244	1.222	1.239	
1.174	1.002	1.034	1.202	1.003	1.033	1.205	1.003	1.033	1.244	1.222	1.241	
1.174	1.001	1.034	1.203	1.003	1.033	1.204	1.003	1.033	1.244	1.222	1.244	
1.174	1.001	1.034	1.204	1.002	1.033	1.204	1.004	1.033	1.243	1.222	1.247	
1.174	1.000	1.034	1.205	1.002	1.034	1.204	1.004	1.033	1.243	1.222	1.250	
1.175	1.001	1.034	1.205	1.002	1.034	1.203	1.004	1.033	1.241	1.225	1.249	
1.175	1.001	1.034	1.206	1.003	1.034	1.203	1.004	1.033	1.239	1.228	1.249	
1.175	1.001	1.035	1.206	1.003	1.034	1.202	1.003	1.032	1.238	1.230	1.248	

#ExtraIF1STData
1.010	1.004	1.017	1.004	1.009	1.005	
1.011	1.004	1.017	1.004	1.009	1.005	
1.011	1.004	1.017	1.004	1.009	1.005	
1.011	1.004	1.017	1.004	1.009	1.006	
1.012	1.004	1.016	1.004	1.009	1.006	
1.011	1.004	1.017	1.005	1.009	1.005	
1.010	1.004	1.017	1.005	1.009	1.005	
1.010	1.004	1.017	1.005	1.009	1.004	
1.009	1.004	1.017	1.006	1.009	1.004	
1.010	1.005	1.017	1.005	1.008	1.004	
1.010	1.005	1.016	1.005	1.008	1.005	
1.010	1.005	1.016	1.005	1.008	1.005	
1.010	1.005	1.016	1.005	1.008	1.006	
1.010	1.005	1.017	1.004	1.008	1.005	
1.011	1.005	1.017	1.004	1.008	1.005	
1.011	1.005	1.017	1.004	1.009	1.004	
1.011	1.005	1.017	1.003	1.009	1.004	
1.011	1.005	1.017	1.004	1.010	1.004	
1.011	1.005	1.016	1.004	1.010	1.004	
1.011	1.005	1.016	1.004	1.010	1.004	
1.011	1.005	1.015	1.005	1.011	1.004	
1.011	1.005	1.016	1.005	1.010	1.005	
1.011	1.005	1.016	1.004	1.009	1.005	
1.011	1.005	1.017	1.004	1.009	1.006	
1.011	1.005	1.017	1.004	1.008	1.006	
1.011	1.005	1.017	1.004	1.008	1.006	
1.011	1.006	1.017	1.004	1.008	1.006	
1.011	1.006	1.017	1.004	1.009	1.007	
1.012	1.007	1.017	1.004	1.009	1.007	
1.011	1.007	1.017	1.005	1.009	1.006	
1.011	1.007	1.017	1.005	1.010	1.006	
1.011	1.006	1.017	1.006	1.010	1.006	
1.011	1.006	1.017	1.006	1.011	1.005	
1.011	1.006	1.017	1.006	1.010	1.005	
1.011	1.006	1.017	1.006	1.009	1.004	
1.011	1.006	1.017	1.006	1.008	1.004	
1.012	1.005	1.017	1.006	1.008	1.003	
1.012	1.006	1.017	1.006	1.008	1.004	
1.012	1.006	1.016	1.005	1.009	1.004	
1.012	1.007	1.016	1.005	1.010	1.004	
1.012	1.007	1.016	1.005	1.011	1.004	
1.012	1.007	1.015	1.005	1.011	1.005	
1.013	1.007	1.015	1.006	1.011	1.005	
1.013	1.007	1.015	1.006	1.011	1.005	
1.014	1.007	1.015	1.007	1.012	1.005	
1.014	1.007	1.016	1.006	1.011	1.005	
1.013	1.007	1.016	1.005	1.010	1.005	
1.013	1.007	1.017	1.005	1.009	1.005	
1.013	1.007	1.018	1.004	1.008	1.005	
1.013	1.007	1.017	1.005	1.009	1.005	
1.013	1.007	1.017	1.006	1.010	1.005	
1.013	1.007	1.017	1.006	1.012	1.005	
1.013	1.007	1.017	1.007	1.013	1.005	
1.013	1.007	1.017	1.007	1.013	1.005	
1.013	1.006	1.017	1.006	1.012	1.004	
1.013	1.006	1.017	1.006	1.012	1.004	
1.013	1.006	1.018	1.006	1.011	1.004	
1.012	1.006	1.018	1.006	1.011	1.004	
1.012	1.006	1.018	1.006	1.012	1.005	
1.012	1.006	1.018	1.006	1.012	1.006	
1.012	1.007	1.018	1.006	1.012	1.007	
1.012	1.007	1.018	1.006	1.012	1.006	
1.012	1.007	1.018	1.006	1.011	1.005	
1.013	1.007	1.018	1.006	1.011	1.004	
1.013	1.007	1.018	1.006	1.011	1.003	
1.013	1.007	1.018	1.007	1.011	1.004	
1.013	1.007	1.019	1.007	1.010	1.005	
1.013	1.007	1.019	1.007	1.010	1.005	
1.013	1.008	1.019	1.008	1.010	1.006	
1.013	1.008	1.019	1.007	1.010	1.006	
1.014	1.007	1.019	1.007	1.010	1.005	
1.014	1.007	1.019	1.007	1.010	1.005	
1.014	1.007	1.018	1.007	1.011	1.005	
1.014	1.007	1.018	1.006	1.010	1.005	
1.014	1.007	1.018	1.006	1.010	1.005	
1.014	1.007	1.017	1.005	1.010	1.005	
1.013	1.007	1.017	1.005	1.010	1.005	
1.014	1.007	1.018	1.005	1.011	1.005	
1.014	1.007	1.018	1.006	1.011	1.005	
1.014	1.007	1.019	1.007	1.012	1.005	
1.014	1.007	1.019	1.007	1.012	1.006	
1.014	1.008	1.019	1.007	1.012	1.006	
1.014	1.008	1.019	1.007	1.012	1.006	
1.014	1.008	1.019	1.007	1.013	1.006	
1.014	1.009	1.019	1.007	1.013	1.006	
1.014	1.009	1.019	1.007	1.013	1.007	
1.013	1.009	1.019	1.007	1.013	1.007	
1.013	1.009	1.019	1.007	1.013	1.007	
1.013	1.009	1.020	1.007	1.013	1.007	
1.013	1.008	1.019	1.007	1.013	1.007	
1.013	1.008	1.019	1.007	1.012	1.006	
1.013	1.008	1.018	1.007	1.012	1.006	
1.013	1.008	1.018	1.007	1.012	1.005	
1.013	1.008	1.018	1.007	1.012	1.005	
1.013	1.008	1.018	1.007	1.012	1.006	
1.013	1.008	1.019	1.007	1.012	1.006	
1.012	1.007	1.019	1.007	1.013	1.006	
1.013	1.008	1.019	1.007	1.012	1.007	
1.014	1.008	1.019	1.007	1.012	1.007	
1.015	1.008	1.019	1.007	1.012	1.007	
1.015	1.008	1.019	1.007	1.012	1.008	
1.015	1.008	1.019	1.007	1.012	1.008	
1.014	1.008	1.019	1.007	1.013	1.007	
1.014	1.008	1.019	1.007	1.013	1.007	
1.014	1.008	1.019	1.007	1.014	1.007	
1.014	1.008	1.019	1.007	1.014	1.007	
1.014	1.008	1.019	1.007	1.013	1.007	
1.014	1.008	1.019	1.007	1.013	1.008	
1.014	1.008	1.019	1.007	1.013	1.008	
1.014	1.008	1.020	1.007	1.013	1.007	
1.014	1.008	1.020	1.007	1.013	1.007	
1.014	1.008	1.021	1.006	1.013	1.007	
1.014	1.008	1.022	1.006	1.013	1.006	
1.014	1.008	1.022	1.007	1.013	1.006	
1.014	1.009	1.022	1.008	1.012	1.007	
1.015	1.009	1.022	1.009	1.011	1.007	
1.015	1.009	1.022	1.009	1.010	1.008	
1.015	1.009	1.022	1.009	1.011	1.008	
1.015	1.009	1.022	1.008	1.012	1.008	
1.015	1.008	1.022	1.008	1.013	1.008	
1.015	1.008	1.022	1.007	1.014	1.008	
1.016	1.008	1.022	1.007	1.014	1.008	
1.016	1.009	1.022	1.008	1.015	1.007	
1.016	1.009	1.022	1.009	1.015	1.007	
1.016	1.009	1.021	1.009	1.015	1.007	
1.016	1.009	1.021	1.009	1.014	1.007	
1.015	1.009	1.021	1.009	1.013	1.007	
1.015	1.009	1.021	1.009	1.013	1.007	
1.014	1.008	1.021	1.009	1.012	1.008	
1.015	1.009	1.022	1.009	1.013	1.008	
1.015	1.009	1.022	1.009	1.014	1.008	
1.015	1.009	1.022	1.009	1.014	1.008	
1.016	1.009	1.022	1.009	1.015	1.008	
1.016	1.009	1.022	1.009	1.015	1.008	
1.016	1.009	1.022	1.009	1.015	1.007	
1.016	1.009	1.021	1.009	1.015	1.007	
1.017	1.009	1.021	1.009	1.015	1.007	
1.016	1.009	1.021	1.009	1.015	1.007	
1.016	1.008	1.022	1.009	1.015	1.008	
1.016	1.008	1.022	1.009	1.015	1.009	
1.015	1.008	1.022	1.008	1.014	1.010	
1.016	1.008	1.022	1.008	1.015	1.009	
1.016	1.008	1.022	1.009	1.015	1.008	
1.016	1.008	1.022	1.009	1.015	1.007	
1.017	1.008	1.022	1.009	1.015	1.006	
1.017	1.008	1.022	1.009	1.015	1.007	
1.017	1.008	1.022	1.009	1.015	1.007	
1.017	1.008	1.022	1.009	1.014	1.008	
1.017	1.008	1.023	1.009	1.014	1.009	
1.017	1.008	1.023	1.009	1.014	1.009	
1.017	1.009	1.023	1.009	1.013	1.008	
1.017	1.009	1.024	1.009	1.013	1.008	
1.017	1.009	1.024	1.010	1.012	1.008	
1.017	1.009	1.024	1.009	1.013	1.009	
1.017	1.009	1.023	1.009	1.013	1.009	
1.017	1.009	1.022	1.009	1.014	1.009	
1.016	1.009	1.022	1.009	1.015	1.010	
1.017	1.009	1.022	1.009	1.015	1.009	
1.017	1.009	1.022	1.009	1.014	1.009	
1.018	1.009	1.022	1.009	1.014	1.008	
1.018	1.009	1.021	1.009	1.014	1.008	
1.018	1.009	1.022	1.009	1.015	1.008	
1.018	1.010	1.022	1.010	1.015	1.008	
1.018	1.010	1.023	1.010	1.015	1.008	
1.018	1.010	1.023	1.010	1.016	1.009	
1.017	1.010	1.023	1.010	1.015	1.009	
1.017	1.010	1.023	1.011	1.015	1.009	
1.017	1.009	1.023	1.011	1.015	1.009	
1.017	1.009	1.023	1.011	1.014	1.009	
1.018	1.009	1.023	1.011	1.014	1.009	
1.018	1.010	1.023	1.010	1.015	1.009	
1.019	1.010	1.023	1.010	1.015	1.009	
1.019	1.011	1.023	1.010	1.015	1.009	
1.019	1.011	1.024	1.010	1.015	1.009	
1.019	1.011	1.024	1.010	1.016	1.010	
1.019	1.011	1.025	1.010	1.016	1.010	
1.020	1.011	1.026	1.010	1.016	1.010	
1.019	1.011	1.025	1.009	1.016	1.010	
1.019	1.011	1.025	1.009	1.016	1.010	
1.019	1.010	1.024	1.009	1.016	1.010	
1.018	1.010	1.024	1.009	1.016	1.010	
1.019	1.010	1.024	1.010	1.017	1.009	
1.019	1.010	1.024	1.010	1.017	1.009	
1.019	1.010	1.025	1.011	1.017	1.008	
1.019	1.009	1.025	1.011	1.017	1.008	
1.019	1.010	1.024	1.011	1.017	1.008	
1.019	1.010	1.023	1.011	1.017	1.009	
1.019	1.011	1.022	1.011	1.017	1.010	
1.019	1.011	1.022	1.011	1.016	1.011	
1.019	1.011	1.022	1.011	1.017	1.011	
1.019	1.011	1.023	1.011	1.017	1.011	
1.019	1.011	1.023	1.011	1.017	1.011	
1.019	1.011	1.024	1.011	1.018	1.011	
1.019	1.011	1.024	1.012	1.018	1.011	
1.019	1.011	1.024	1.012	1.017	1.011	
1.020	1.011	1.024	1.012	1.017	1.011	
1.020	1.011	1.025	1.012	1.017	1.011	
1.020	1.011	1.025	1.011	1.017	1.010	
1.021	1.011	1.025	1.011	1.016	1.010	
1.021	1.011	1.026	1.011	1.015	1.010	
1.022	1.012	1.026	1.010	1.015	1.009	
1.022	1.011	1.025	1.011	1.015	1.010	
1.021	1.011	1.024	1.011	1.016	1.010	
1.021	1.011	1.023	1.011	1.016	1.010	
1.021	1.011	1.022	1.012	1.017	1.011	
1.021	1.011	1.022	1.012	1.017	1.011	
1.020	1.011	1.023	1.012	1.017	1.011	
1.020	1.011	1.023	1.012	1.017	1.011	
1.019	1.011	1.023	1.012	1.017	1.011	
1.019	1.011	1.024	1.012	1.016	1.011	
1.020	1.011	1.025	1.011	1.016	1.011	
1.020	1.011	1.025	1.011	1.015	1.011	
1.020	1.011	1.026	1.011	1.015	1.011	
1.021	1.012	1.026	1.011	1.015	1.011	
1.021	1.012	1.026	1.011	1.016	1.012	
1.021	1.012	1.026	1.011	1.016	1.012	
1.021	1.012	1.025	1.011	1.017	1.012	
1.021	1.012	1.025	1.011	1.018	1.012	
1.022	1.012	1.025	1.011	1.018	1.012	
1.022	1.012	1.025	1.012	1.019	1.011	
1.022	1.012	1.025	1.012	1.019	1.011	
1.022	1.012	1.026	1.012	1.019	1.011	
1.022	1.012	1.026	1.012	1.018	1.011	
1.022	1.012	1.026	1.013	1.017	1.011	
1.021	1.012	1.027	1.013	1.016	1.011	
1.021	1.012	1.026	1.013	1.016	1.011	
1.021	1.012	1.026	1.013	1.017	1.011	
1.021	1.013	1.026	1.013	1.017	1.010	
1.021	1.013	1.025	1.013	1.017	1.010	
1.021	1.012	1.026	1.012	1.017	1.010	
1.021	1.012	1.026	1.012	1.017	1.010	
1.021	1.012	1.027	1.012	1.018	1.010	
1.021	1.012	1.028	1.012	1.018	1.010	
1.021	1.012	1.028	1.012	1.017	1.011	
1.021	1.012	1.028	1.012	1.017	1.012	
1.021	1.012	1.027	1.012	1.016	1.013	
1.021	1.013	1.027	1.012	1.015	1.015	
1.021	1.013	1.027	1.012	1.016	1.013	
1.022	1.013	1.027	1.013	1.017	1.012	
1.022	1.013	1.027	1.014	1.017	1.011	
1.023	1.013	1.026	1.014	1.018	1.010	
1.022	1.013	1.027	1.014	1.018	1.010	
1.022	1.013	1.027	1.013	1.019	1.011	
1.022	1.013	1.028	1.013	1.019	1.011	
1.022	1.012	1.029	1.013	1.019	1.011	
1.022	1.013	1.028	1.013	1.020	1.011	
1.023	1.013	1.028	1.013	1.020	1.011	
1.023	1.014	1.027	1.014	1.020	1.011	
1.024	1.014	1.027	1.014	1.020	1.011	
1.024	1.014	1.027	1.014	1.020	1.012	
1.023	1.014	1.027	1.014	1.020	1.012	
1.023	1.014	1.027	1.013	1.019	1.012	
1.023	1.014	1.027	1.013	1.019	1.013	
1.023	1.014	1.027	1.013	1.019	1.012	
1.023	1.014	1.027	1.013	1.020	1.012	
1.024	1.014	1.028	1.013	1.020	1.012	
1.024	1.014	1.028	1.013	1.020	1.011	
1.024	1.014	1.028	1.014	1.020	1.011	
1.024	1.014	1.027	1.014	1.019	1.012	
1.024	1.015	1.027	1.014	1.018	1.012	
1.024	1.015	1.027	1.014	1.017	1.012	
1.024	1.015	1.027	1.015	1.017	1.012	
1.024	1.015	1.028	1.015	1.017	1.013	
1.024	1.015	1.028	1.016	1.016	1.013	
1.024	1.014	1.028	1.016	1.016	1.013	
1.024	1.015	1.028	1.016	1.017	1.013	
1.024	1.015	1.028	1.015	1.018	1.013	
1.024	1.015	1.029	1.015	1.019	1.013	
1.024	1.015	1.029	1.014	1.020	1.013	
1.024	1.014	1.029	1.015	1.021	1.013	
1.023	1.014	1.029	1.015	1.022	1.013	
1.023	1.014	1.028	1.015	1.022	1.013	
1.023	1.014	1.028	1.015	1.023	1.013	
1.023	1.014	1.028	1.016	1.023	1.014	
1.023	1.015	1.028	1.016	1.022	1.014	
1.023	1.015	1.028	1.016	1.021	1.015	
1.022	1.016	1.028	1.016	1.021	1.015	
1.023	1.016	1.028	1.016	1.021	1.015	
1.023	1.015	1.029	1.015	1.021	1.014	
1.023	1.015	1.029	1.015	1.021	1.014	
1.023	1.015	1.030	1.015	1.022	1.013	
1.024	1.015	1.030	1.015	1.021	1.014	
1.024	1.015	1.030	1.015	1.020	1.015	
1.024	1.015	1.030	1.015	1.019	1.015	
1.025	1.015	1.030	1.015	1.018	1.016	
1.025	1.015	1.030	1.015	1.019	1.015	
1.025	1.015	1.030	1.015	1.019	1.015	
1.024	1.015	1.030	1.015	1.020	1.015	
1.024	1.015	1.030	1.015	1.021	1.015	
1.024	1.016	1.030	1.015	1.021	1.015	
1.024	1.016	1.030	1.015	1.021	1.015	
1.025	1.016	1.030	1.016	1.021	1.016	
1.025	1.017	1.030	1.016	1.021	1.016	
1.025	1.016	1.030	1.016	1.020	1.016	
1.026	1.016	1.030	1.016	1.019	1.015	
1.026	1.016	1.029	1.016	1.019	1.015	
1.027	1.016	1.029	1.016	1.018	1.014	
1.026	1.016	1.029	1.016	1.019	1.015	
1.026	1.016	1.030	1.016	1.021	1.015	
1.025	1.016	1.030	1.017	1.022	1.016	
1.025	1.017	1.030	1.017	1.023	1.016	
1.025	1.017	1.030	1.017	1.022	1.016	
1.024	1.017	1.030	1.017	1.022	1.016	
1.024	1.017	1.030	1.018	1.021	1.016	
1.024	1.018	1.030	1.018	1.020	1.015	
1.025	1.018	1.030	1.018	1.021	1.015	
1.025	1.018	1.030	1.017	1.021	1.015	
1.026	1.018	1.030	1.017	1.022	1.014	
1.027	1.018	1.030	1.017	1.022	1.014	
1.027	1.018	1.030	1.017	1.022	1.014	
1.027	1.018	1.030	1.018	1.022	1.015	
1.027	1.018	1.031	1.018	1.022	1.015	
1.027	1.018	1.031	1.019	1.022	1.016	
1.027	1.018	1.031	1.019	1.022	1.016	
1.026	1.018	1.032	1.019	1.022	1.016	
1.026	1.019	1.032	1.018	1.022	1.017	
1.026	1.019	1.032	1.018	1.023	1.017	
1.026	1.019	1.032	1.018	1.022	1.017	
1.026	1.019	1.032	1.018	1.022	1.017	
1.026	1.020	1.032	1.018	1.021	1.017	
1.026	1.020	1.032	1.017	1.020	1.017	
1.027	1.020	1.032	1.017	1.020	1.017	
1.027	1.020	1.031	1.017	1.020	1.017	
1.027	1.020	1.031	1.017	1.020	1.016	
1.027	1.020	1.030	1.017	1.020	1.016	
1.027	1.020	1.030	1.018	1.021	1.016	
1.026	1.020	1.030	1.019	1.021	1.016	
1.026	1.019	1.030	1.020	1.021	1.016	
1.026	1.019	1.030	1.020	1.021	1.016	
1.026	1.020	1.030	1.020	1.021	1.016	
1.027	1.020	1.030	1.020	1.021	1.017	
1.027	1.020	1.030	1.019	1.021	1.018	
1.027	1.020	1.030	1.019	1.021	1.019	
1.027	1.020	1.031	1.019	1.022	1.018	
1.028	1.020	1.031	1.019	1.022	1.018	
1.028	1.020	1.031	1.019	1.023	1.018	
1.028	1.020	1.031	1.019	1.024	1.017	
1.028	1.020	1.031	1.019	1.023	1.017	
1.028	1.019	1.031	1.019	1.022	1.017	
1.027	1.019	1.031	1.020	1.022	1.017	
1.027	1.019	1.031	1.020	1.021	1.017	
1.028	1.019	1.031	1.020	1.022	1.017	
1.028	1.019	1.031	1.020	1.023	1.018	
1.028	1.020	1.031	1.020	1.024	1.019	
1.028	1.020	1.031	1.020	1.025	1.019	
1.028	1.020	1.031	1.020	1.024	1.019	
1.028	1.020	1.031	1.019	1.024	1.019	
1.028	1.020	1.032	1.019	1.023	1.018	
1.027	1.020	1.032	1.019	1.023	1.018	
1.028	1.020	1.032	1.019	1.023	1.018	
1.028	1.020	1.032	1.019	1.023	1.019	
1.028	1.020	1.032	1.020	1.023	1.019	
1.028	1.020	1.032	1.020	1.023	1.019	
1.028	1.020	1.032	1.020	1.023	1.019	
1.028	1.021	1.031	1.020	1.023	1.019	
1.028	1.021	1.031	1.020	1.024	1.018	
1.028	1.022	1.031	1.020	1.024	1.018	
1.028	1.022	1.032	1.021	1.024	1.018	
1.028	1.022	1.032	1.021	1.024	1.019	
1.028	1.022	1.033	1.022	1.024	1.019	
1.027	1.022	1.033	1.022	1.024	1.020	
1.028	1.022	1.033	1.022	1.024	1.019	
1.028	1.022	1.033	1.022	1.024	1.019	
1.029	1.022	1.033	1.022	1.024	1.019	
1.029	1.022	1.033	1.021	1.024	1.019	
1.029	1.022	1.034	1.021	1.023	1.019	
1.029	1.022	1.034	1.022	1.023	1.019	
1.030	1.022	1.034	1.022	1.022	1.019	
1.030	1.021	1.034	1.022	1.022	1.019	
1.030	1.021	1.034	1.022	1.022	1.019	
1.030	1.021	1.034	1.023	1.023	1.020	
1.031	1.022	1.034	1.023	1.023	1.021	
1.031	1.022	1.035	1.023	1.023	1.021	
1.030	1.022	1.035	1.023	1.024	1.020	
1.030	1.022	1.035	1.023	1.024	1.020	
1.030	1.022	1.035	1.022	1.025	1.019	
1.030	1.022	1.035	1.022	1.026	1.019	
1.030	1.022	1.035	1.023	1.025	1.020	
1.031	1.023	1.035	1.023	1.024	1.021	
1.031	1.023	1.034	1.024	1.023	1.021	
1.032	1.023	1.034	1.025	1.023	1.022	
1.031	1.024	1.035	1.024	1.023	1.022	
1.031	1.024	1.035	1.024	1.023	1.022	
1.031	1.024	1.036	1.023	1.023	1.022	
1.031	1.024	1.036	1.023	1.023	1.022	
1.031	1.024	1.035	1.023	1.024	1.022	
1.031	1.024	1.034	1.024	1.024	1.022	
1.031	1.024	1.033	1.024	1.024	1.022	
1.031	1.024	1.032	1.025	1.024	1.022	
1.031	1.024	1.032	1.024	1.024	1.022	
1.031	1.024	1.033	1.024	1.024	1.022	
1.031	1.024	1.034	1.024	1.023	1.022	
1.031	1.024	1.035	1.024	1.023	1.022	
1.031	1.024	1.035	1.023	1.024	1.023	
1.031	1.024	1.035	1.023	1.025	1.023	
1.031	1.024	1.035	1.023	1.026	1.024	
1.031	1.024	1.035	1.023	1.026	1.024	
1.031	1.024	1.035	1.023	1.026	1.024	
1.030	1.024	1.035	1.024	1.026	1.023	
1.030	1.025	1.036	1.025	1.026	1.023	
1.030	1.025	1.036	1.025	1.026	1.022	
1.030	1.025	1.035	1.025	1.026	1.023	
1.031	1.025	1.035	1.026	1.026	1.023	
1.031	1.025	1.034	1.026	1.026	1.024	
1.031	1.025	1.034	1.026	1.026	1.024	
1.031	1.026	1.034	1.026	1.026	1.024	
1.031	1.026	1.034	1.026	1.026	1.024	
1.031	1.026	1.034	1.026	1.025	1.024	
1.031	1.026	1.034	1.026	1.025	1.024	
1.031	1.026	1.035	1.026	1.025	1.024	
1.032	1.025	1.035	1.027	1.025	1.024	
1.032	1.025	1.036	1.027	1.025	1.024	
1.032	1.024	1.036	1.027	1.025	1.024	
1.032	1.025	1.036	1.027	1.025	1.024	
1.032	1.025	1.036	1.027	1.025	1.024	
1.032	1.026	1.035	1.028	1.025	1.024	
1.031	1.026	1.035	1.028	1.025	1.023	
1.031	1.026	1.035	1.028	1.025	1.024	
1.031	1.027	1.035	1.029	1.025	1.025	
1.031	1.027	1.035	1.029	1.025	1.026	
1.031	1.027	1.035	1.029	1.024	1.027	
1.031	1.028	1.035	1.029	1.024	1.027	
1.031	1.028	1.035	1.028	1.024	1.026	
1.031	1.029	1.035	1.028	1.024	1.026	
1.031	1.029	1.035	1.027	1.024	1.026	
1.031	1.029	1.035	1.027	1.025	1.026	
1.031	1.029	1.036	1.028	1.026	1.025	
1.031	1.029	1.036	1.028	1.027	1.025	
1.030	1.029	1.037	1.028	1.027	1.025	
1.031	1.028	1.037	1.028	1.027	1.025	
1.031	1.028	1.037	1.028	1.027	1.026	
1.031	1.028	1.037	1.028	1.026	1.027	
1.031	1.027	1.037	1.028	1.026	1.028	
1.031	1.028	1.037	1.028	1.025	1.028	
1.032	1.028	1.037	1.028	1.025	1.027	
1.032	1.029	1.037	1.028	1.025	1.027	
1.032	1.030	1.037	1.028	1.025	1.027	
1.032	1.030	1.037	1.028	1.025	1.027	
1.032	1.030	1.036	1.028	1.025	1.027	
1.033	1.030	1.036	1.028	1.026	1.028	
1.033	1.030	1.036	1.028	1.026	1.028	
1.033	1.030	1.036	1.028	1.027	1.028	
1.033	1.030	1.037	1.028	1.027	1.028	
1.033	1.030	1.037	1.028	1.028	1.028	
1.034	1.030	1.038	1.028	1.029	1.028	
1.033	1.030	1.038	1.028	1.028	1.028	
1.032	1.030	1.037	1.029	1.028	1.028	
1.032	1.029	1.037	1.030	1.028	1.028	
1.031	1.029	1.037	1.030	1.028	1.028	
1.032	1.030	1.037	1.030	1.027	1.027	
1.033	1.030	1.037	1.030	1.026	1.027	
1.033	1.030	1.037	1.030	1.026	1.027	
1.034	1.031	1.037	1.031	1.025	1.027	
1.034	1.031	1.036	1.030	1.025	1.027	
1.033	1.031	1.036	1.030	1.025	1.028	
1.033	1.031	1.036	1.030	1.025	1.028	
1.033	1.031	1.036	1.030	1.025	1.028	
1.033	1.031	1.037	1.030	1.025	1.029	
1.033	1.031	1.037	1.030	1.025	1.029	
1.033	1.031	1.037	1.030	1.026	1.029	
1.033	1.030	1.038	1.030	1.026	1.029	
1.034	1.030	1.037	1.030	1.026	1.030	
1.034	1.030	1.037	1.031	1.027	1.030	
1.034	1.030	1.037	1.032	1.027	1.031	
1.034	1.029	1.036	1.033	1.028	1.031	
1.034	1.030	1.037	1.033	1.027	1.031	
1.035	1.031	1.037	1.033	1.026	1.031	
1.035	1.031	1.037	1.032	1.025	1.030	
1.035	1.032	1.037	1.032	1.024	1.030	
1.035	1.032	1.037	1.032	1.025	1.031	
1.034	1.032	1.037	1.033	1.026	1.031	
1.034	1.032	1.037	1.033	1.027	1.031	
1.034	1.032	1.037	1.033	1.027	1.032	
1.034	1.032	1.037	1.033	1.028	1.031	
1.035	1.032	1.038	1.033	1.028	1.031	
1.035	1.032	1.038	1.032	1.028	1.031	
1.036	1.033	1.038	1.032	1.028	1.030	
1.035	1.033	1.038	1.032	1.028	1.031	
1.035	1.033	1.038	1.033	1.028	1.031	
1.035	1.033	1.038	1.033	1.028	1.032	
1.035	1.034	1.038	1.033	1.028	1.032	
1.035	1.034	1.038	1.033	1.027	1.032	
1.035	1.034	1.038	1.033	1.027	1.032	
1.036	1.034	1.038	1.033	1.027	1.032	
1.036	1.034	1.037	1.033	1.027	1.032	
1.036	1.034	1.038	1.034	1.027	1.032	
1.035	1.034	1.038	1.035	1.027	1.033	
1.035	1.034	1.039	1.036	1.027	1.034	
1.035	1.034	1.039	1.037	1.027	1.035	
1.035	1.035	1.038	1.036	1.027	1.035	
1.034	1.035	1.038	1.036	1.027	1.035	
1.034	1.035	1.037	1.036	1.027	1.035	
1.034	1.036	1.037	1.035	1.028	1.035	
1.034	1.036	1.037	1.035	1.027	1.035	
1.035	1.036	1.038	1.035	1.027	1.035	
1.035	1.036	1.038	1.035	1.027	1.034	
1.036	1.035	1.039	1.035	1.027	1.034	
1.036	1.035	1.039	1.035	1.027	1.035	
1.035	1.036	1.039	1.035	1.027	1.035	
1.035	1.036	1.039	1.035	1.028	1.035	
1.035	1.036	1.039	1.036	1.028	1.035	
1.035	1.036	1.039	1.036	1.029	1.035	
1.035	1.036	1.039	1.036	1.029	1.035	
1.035	1.036	1.039	1.036	1.030	1.035	
1.035	1.036	1.039	1.036	1.030	1.034	
1.035	1.036	1.039	1.037	1.029	1.035	
1.035	1.036	1.039	1.037	1.028	1.035	
1.034	1.037	1.039	1.037	1.027	1.036	
1.034	1.037	1.039	1.037	1.027	1.036	
1.035	1.037	1.039	1.037	1.027	1.036	
1.035	1.038	1.039	1.037	1.028	1.035	
1.036	1.038	1.040	1.037	1.029	1.035	
1.036	1.038	1.040	1.037	1.029	1.034	
1.036	1.038	1.039	1.038	1.029	1.035	
1.036	1.038	1.039	1.039	1.028	1.035	
1.035	1.038	1.039	1.039	1.027	1.035	
1.035	1.038	1.039	1.040	1.027	1.036	
1.036	1.038	1.039	1.039	1.026	1.036	
1.036	1.038	1.039	1.039	1.026	1.036	
1.036	1.038	1.038	1.038	1.026	1.036	
1.037	1.038	1.038	1.038	1.026	1.036	
1.037	1.038	1.039	1.039	1.027	1.036	
1.037	1.038	1.040	1.039	1.027	1.037	
1.036	1.038	1.040	1.040	1.028	1.037	
1.036	1.038	1.041	1.040	1.029	1.038	
1.036	1.039	1.041	1.040	1.029	1.038	
1.035	1.039	1.041	1.040	1.030	1.038	
1.035	1.039	1.042	1.039	1.031	1.037	
1.034	1.039	1.042	1.039	1.032	1.037	
1.035	1.039	1.042	1.039	1.031	1.037	
1.036	1.039	1.041	1.040	1.031	1.037	
1.036	1.039	1.041	1.040	1.031	1.038	
1.037	1.040	1.040	1.040	1.030	1.038	
1.036	1.040	1.041	1.040	1.030	1.038	
1.036	1.041	1.041	1.041	1.030	1.038	
1.036	1.041	1.041	1.041	1.030	1.038	
1.035	1.042	1.041	1.041	1.029	1.038	
1.035	1.042	1.040	1.041	1.030	1.039	
1.036	1.042	1.040	1.041	1.030	1.039	
1.036	1.042	1.039	1.041	1.030	1.039	
1.036	1.042	1.039	1.042	1.030	1.040	
1.036	1.042	1.039	1.042	1.030	1.040	
1.036	1.042	1.039	1.043	1.029	1.040	
1.036	1.042	1.040	1.044	1.029	1.040	
1.036	1.042	1.040	1.045	1.028	1.039	
1.036	1.042	1.040	1.044	1.028	1.040	
1.036	1.042	1.040	1.044	1.029	1.041	
1.036	1.042	1.040	1.044	1.029	1.041	
1.036	1.042	1.040	1.043	1.029	1.042	
1.036	1.042	1.041	1.044	1.029	1.042	
1.037	1.043	1.041	1.044	1.029	1.042	
1.037	1.043	1.041	1.044	1.030	1.042	
1.037	1.044	1.041	1.044	1.030	1.042	
1.037	1.044	1.041	1.044	1.030	1.042	
1.037	1.045	1.041	1.044	1.030	1.042	
1.037	1.045	1.042	1.044	1.031	1.042	
1.037	1.045	1.042	1.044	1.031	1.041	
1.037	1.045	1.042	1.045	1.030	1.041	
1.038	1.045	1.042	1.045	1.029	1.041	
1.038	1.044	1.041	1.045	1.028	1.041	
1.038	1.044	1.041	1.045	1.027	1.041	
1.038	1.044	1.041	1.045	1.028	1.042	
1.038	1.044	1.041	1.044	1.029	1.043	
1.038	1.044	1.041	1.044	1.030	1.044	
1.038	1.044	1.041	1.043	1.031	1.045	
1.038	1.044	1.041	1.044	1.031	1.044	
1.038	1.045	1.041	1.045	1.031	1.044	
1.038	1.045	1.041	1.045	1.032	1.044	
1.038	1.046	1.041	1.046	1.032	1.044	
1.038	1.046	1.041	1.046	1.032	1.044	
1.038	1.046	1.041	1.047	1.032	1.044	
1.038	1.047	1.041	1.047	1.032	1.044	
1.038	1.047	1.041	1.047	1.032	1.044	
1.038	1.047	1.041	1.047	1.032	1.044	
1.038	1.047	1.042	1.048	1.031	1.044	
1.038	1.047	1.042	1.048	1.031	1.043	
1.039	1.047	1.043	1.048	1.031	1.043	
1.038	1.047	1.042	1.048	1.031	1.043	
1.038	1.047	1.041	1.048	1.031	1.044	
1.038	1.048	1.041	1.048	1.031	1.044	
1.038	1.048	1.040	1.048	1.031	1.045	
1.038	1.048	1.040	1.048	1.030	1.045	
1.038	1.048	1.041	1.049	1.030	1.046	
1.038	1.048	1.041	1.049	1.030	1.046	
1.038	1.048	1.041	1.050	1.030	1.047	
1.038	1.049	1.041	1.049	1.030	1.046	
1.039	1.049	1.042	1.049	1.030	1.046	
1.039	1.049	1.042	1.049	1.031	1.046	
1.040	1.049	1.042	1.049	1.031	1.046	
1.040	1.050	1.042	1.049	1.031	1.047	
1.040	1.050	1.042	1.049	1.030	1.047	
1.041	1.051	1.041	1.049	1.029	1.048	
1.041	1.051	1.041	1.049	1.029	1.048	
1.041	1.051	1.041	1.049	1.029	1.048	
1.040	1.050	1.041	1.050	1.030	1.047	
1.040	1.050	1.041	1.050	1.031	1.047	
1.040	1.049	1.041	1.050	1.031	1.046	
1.040	1.050	1.042	1.051	1.031	1.046	
1.040	1.050	1.042	1.051	1.031	1.046	
1.039	1.050	1.043	1.052	1.031	1.046	
1.039	1.050	1.043	1.052	1.031	1.046	
1.040	1.051	1.043	1.052	1.031	1.047	
1.040	1.051	1.042	1.052	1.031	1.047	
1.041	1.052	1.042	1.052	1.031	1.047	
1.041	1.052	1.042	1.052	1.031	1.047	
1.041	1.052	1.042	1.052	1.031	1.048	
1.041	1.052	1.043	1.053	1.032	1.048	
1.041	1.052	1.044	1.053	1.032	1.049	
1.040	1.052	1.044	1.053	1.033	1.049	
1.040	1.053	1.044	1.053	1.032	1.050	
1.040	1.053	1.043	1.053	1.031	1.051	
1.040	1.054	1.043	1.053	1.031	1.051	
1.040	1.054	1.042	1.054	1.030	1.052	
1.040	1.054	1.042	1.054	1.031	1.052	
1.040	1.054	1.043	1.054	1.031	1.052	
1.040	1.054	1.043	1.054	1.032	1.051	
1.040	1.054	1.044	1.054	1.033	1.051	
1.040	1.054	1.044	1.054	1.033	1.052	
1.041	1.054	1.044	1.055	1.032	1.053	
1.041	1.054	1.044	1.055	1.032	1.053	
1.041	1.055	1.044	1.055	1.032	1.054	
1.041	1.055	1.044	1.055	1.032	1.054	
1.041	1.055	1.043	1.055	1.032	1.054	
1.041	1.056	1.043	1.054	1.032	1.054	
1.040	1.056	1.042	1.054	1.032	1.054	
1.040	1.056	1.043	1.054	1.031	1.054	
1.040	1.056	1.043	1.054	1.030	1.054	
1.040	1.055	1.044	1.054	1.029	1.053	
1.040	1.055	1.044	1.055	1.028	1.053	
1.041	1.055	1.044	1.055	1.029	1.054	
1.041	1.056	1.044	1.056	1.031	1.054	
1.041	1.056	1.043	1.057	1.032	1.054	
1.041	1.056	1.043	1.058	1.033	1.055	
1.041	1.056	1.043	1.058	1.032	1.054	
1.041	1.057	1.044	1.058	1.032	1.054	
1.040	1.057	1.044	1.058	1.031	1.053	
1.040	1.057	1.044	1.058	1.030	1.052	
1.040	1.057	1.044	1.058	1.031	1.053	
1.041	1.057	1.044	1.058	1.031	1.054	
1.041	1.057	1.044	1.058	1.031	1.055	
1.042	1.057	1.044	1.058	1.031	1.056	
1.042	1.058	1.044	1.058	1.032	1.056	
1.042	1.058	1.044	1.058	1.032	1.056	
1.042	1.058	1.044	1.058	1.032	1.056	
1.041	1.058	1.044	1.057	1.032	1.056	
1.041	1.058	1.044	1.058	1.032	1.057	
1.041	1.059	1.044	1.059	1.032	1.057	
1.040	1.059	1.044	1.059	1.032	1.058	
1.040	1.059	1.044	1.060	1.032	1.058	
1.040	1.060	1.044	1.060	1.032	1.058	
1.040	1.060	1.043	1.060	1.033	1.057	
1.041	1.060	1.043	1.059	1.033	1.057	
1.041	1.060	1.043	1.059	1.033	1.057	
1.041	1.061	1.043	1.060	1.034	1.057	
1.042	1.061	1.044	1.060	1.034	1.058	
1.042	1.061	1.045	1.060	1.034	1.058	
1.042	1.061	1.045	1.060	1.034	1.059	
1.042	1.061	1.045	1.061	1.034	1.059	
1.042	1.061	1.045	1.061	1.033	1.059	
1.042	1.062	1.045	1.062	1.033	1.059	
1.042	1.062	1.045	1.062	1.033	1.058	
1.042	1.062	1.044	1.062	1.033	1.058	
1.042	1.062	1.044	1.062	1.032	1.058	
1.042	1.062	1.044	1.062	1.032	1.059	
1.042	1.062	1.044	1.062	1.031	1.059	
1.042	1.062	1.044	1.063	1.032	1.060	
1.042	1.063	1.045	1.063	1.032	1.061	
1.042	1.064	1.046	1.063	1.032	1.062	
1.042	1.064	1.046	1.064	1.033	1.063	
1.042	1.064	1.046	1.064	1.033	1.063	
1.042	1.064	1.045	1.064	1.033	1.063	
1.042	1.064	1.044	1.064	1.033	1.063	
1.042	1.064	1.043	1.064	1.033	1.063	
1.042	1.064	1.043	1.065	1.033	1.063	
1.042	1.064	1.044	1.065	1.032	1.063	
1.042	1.065	1.044	1.066	1.031	1.063	
1.042	1.065	1.044	1.066	1.031	1.063	
1.042	1.065	1.044	1.066	1.031	1.063	
1.041	1.065	1.044	1.066	1.031	1.063	
1.041	1.066	1.045	1.066	1.031	1.063	
1.041	1.066	1.045	1.067	1.030	1.063	
1.041	1.066	1.044	1.067	1.031	1.064	
1.042	1.066	1.044	1.066	1.031	1.064	
1.042	1.067	1.044	1.066	1.031	1.064	
1.043	1.067	1.043	1.066	1.031	1.064	
1.042	1.067	1.044	1.066	1.032	1.065	
1.042	1.067	1.044	1.066	1.033	1.065	
1.042	1.067	1.044	1.066	1.034	1.066	
1.041	1.067	1.045	1.066	1.035	1.066	
1.042	1.068	1.045	1.067	1.034	1.066	
1.042	1.068	1.045	1.067	1.033	1.066	
1.042	1.068	1.045	1.068	1.033	1.066	
1.043	1.068	1.045	1.069	1.032	1.066	
1.043	1.068	1.045	1.069	1.033	1.067	
1.043	1.068	1.045	1.068	1.033	1.067	
1.043	1.068	1.045	1.068	1.034	1.068	
1.043	1.068	1.045	1.068	1.035	1.068	
1.043	1.068	1.045	1.069	1.035	1.069	
1.043	1.069	1.045	1.069	1.036	1.069	
1.044	1.069	1.045	1.070	1.036	1.069	
1.044	1.069	1.045	1.071	1.036	1.069	
1.044	1.070	1.045	1.071	1.036	1.070	
1.044	1.070	1.044	1.071	1.036	1.070	
1.044	1.070	1.044	1.071	1.036	1.071	
1.043	1.070	1.044	1.071	1.035	1.071	
1.044	1.071	1.045	1.071	1.035	1.071	
1.044	1.071	1.045	1.071	1.034	1.070	
1.044	1.071	1.045	1.071	1.033	1.069	
1.044	1.072	1.046	1.072	1.032	1.069	
1.044	1.072	1.046	1.072	1.033	1.069	
1.044	1.073	1.046	1.072	1.034	1.070	
1.044	1.073	1.047	1.073	1.034	1.071	
1.044	1.074	1.047	1.073	1.035	1.072	
1.044	1.074	1.047	1.073	1.034	1.072	
1.044	1.074	1.046	1.073	1.034	1.072	
1.044	1.075	1.045	1.073	1.033	1.073	
1.045	1.075	1.045	1.073	1.033	1.073	
1.045	1.075	1.045	1.074	1.032	1.073	
1.045	1.075	1.045	1.075	1.031	1.073	
1.045	1.076	1.044	1.076	1.030	1.073	
1.045	1.076	1.044	1.076	1.029	1.073	
1.045	1.076	1.045	1.076	1.031	1.073	
1.045	1.075	1.046	1.076	1.032	1.073	
1.044	1.075	1.047	1.075	1.034	1.072	
1.044	1.075	1.048	1.075	1.035	1.072	
1.044	1.075	1.047	1.076	1.035	1.072	
1.045	1.076	1.047	1.076	1.034	1.072	
1.046	1.076	1.046	1.077	1.034	1.072	
1.047	1.076	1.046	1.078	1.034	1.072	
1.046	1.076	1.046	1.078	1.034	1.073	
1.046	1.076	1.046	1.078	1.034	1.073	
1.046	1.077	1.046	1.078	1.033	1.073	
1.046	1.077	1.046	1.079	1.033	1.074	
1.045	1.077	1.046	1.079	1.034	1.074	
1.045	1.077	1.046	1.079	1.034	1.075	
1.045	1.077	1.046	1.080	1.035	1.076	
1.044	1.077	1.046	1.080	1.036	1.077	
1.044	1.078	1.046	1.080	1.035	1.076	
1.044	1.078	1.046	1.080	1.035	1.076	
1.044	1.078	1.046	1.080	1.034	1.076	
1.044	1.079	1.046	1.080	1.034	1.075	
1.044	1.079	1.046	1.080	1.034	1.075	
1.044	1.079	1.046	1.079	1.035	1.076	
1.044	1.079	1.046	1.079	1.035	1.076	
1.044	1.079	1.046	1.079	1.036	1.076	
1.044	1.079	1.046	1.079	1.035	1.076	
1.044	1.079	1.046	1.080	1.034	1.077	
1.044	1.080	1.046	1.080	1.033	1.077	
1.044	1.080	1.046	1.081	1.032	1.078	
1.044	1.080	1.046	1.082	1.033	1.079	
1.044	1.080	1.046	1.082	1.034	1.079	
1.043	1.080	1.047	1.083	1.034	1.080	
1.043	1.080	1.047	1.083	1.035	1.081	
1.044	1.080	1.047	1.083	1.035	1.081	
1.044	1.081	1.047	1.083	1.035	1.080	
1.044	1.082	1.046	1.083	1.035	1.079	
1.044	1.082	1.046	1.083	1.035	1.079	
1.044	1.082	1.046	1.084	1.035	1.079	
1.044	1.082	1.046	1.084	1.036	1.080	
1.044	1.083	1.046	1.084	1.036	1.080	
1.044	1.083	1.047	1.084	1.036	1.081	
1.044	1.083	1.047	1.084	1.035	1.081	
1.045	1.084	1.046	1.084	1.035	1.081	
1.045	1.084	1.046	1.085	1.034	1.082	
1.045	1.085	1.046	1.085	1.034	1.082	
1.045	1.085	1.046	1.085	1.034	1.083	
1.045	1.085	1.046	1.085	1.035	1.083	
1.044	1.086	1.046	1.086	1.035	1.084	
1.044	1.086	1.046	1.086	1.036	1.084	
1.044	1.086	1.046	1.087	1.035	1.084	
1.043	1.087	1.046	1.087	1.034	1.084	
1.043	1.087	1.046	1.087	1.033	1.084	
1.043	1.087	1.046	1.088	1.032	1.083	
1.043	1.087	1.047	1.087	1.032	1.084	
1.044	1.088	1.047	1.087	1.032	1.084	
1.045	1.088	1.047	1.086	1.032	1.084	
1.045	1.089	1.048	1.085	1.032	1.084	
1.045	1.089	1.047	1.086	1.033	1.085	
1.045	1.089	1.047	1.086	1.034	1.086	
1.044	1.089	1.047	1.087	1.034	1.087	
1.044	1.089	1.047	1.087	1.035	1.088	
1.044	1.089	1.046	1.088	1.035	1.088	
1.044	1.089	1.046	1.089	1.035	1.088	
1.044	1.089	1.045	1.089	1.035	1.088	
1.045	1.089	1.045	1.090	1.035	1.088	
1.044	1.089	1.045	1.090	1.035	1.088	
1.044	1.089	1.045	1.090	1.036	1.088	
1.044	1.089	1.046	1.090	1.036	1.088	
1.044	1.089	1.046	1.090	1.036	1.088	
1.044	1.089	1.046	1.091	1.036	1.088	
1.045	1.090	1.046	1.091	1.035	1.088	
1.045	1.090	1.046	1.091	1.035	1.088	
1.046	1.090	1.046	1.092	1.034	1.088	
1.046	1.091	1.046	1.092	1.034	1.089	
1.046	1.092	1.045	1.092	1.034	1.089	
1.045	1.093	1.045	1.092	1.034	1.089	
1.045	1.094	1.045	1.092	1.034	1.089	
1.046	1.094	1.046	1.092	1.035	1.090	
1.046	1.094	1.046	1.093	1.035	1.091	
1.046	1.094	1.046	1.094	1.035	1.091	
1.047	1.094	1.047	1.094	1.036	1.092	
1.047	1.094	1.047	1.094	1.036	1.092	
1.047	1.095	1.046	1.095	1.036	1.093	
1.047	1.095	1.046	1.095	1.036	1.093	
1.046	1.096	1.046	1.095	1.037	1.093	
1.046	1.096	1.047	1.095	1.037	1.093	
1.046	1.096	1.047	1.096	1.037	1.092	
1.046	1.096	1.048	1.096	1.037	1.092	
1.046	1.096	1.049	1.096	1.037	1.092	
1.046	1.096	1.049	1.096	1.038	1.092	
1.047	1.096	1.049	1.096	1.038	1.092	
1.047	1.096	1.050	1.096	1.039	1.093	
1.048	1.096	1.050	1.096	1.040	1.093	
1.049	1.096	1.052	1.097	1.042	1.093	
1.051	1.096	1.054	1.097	1.044	1.093	
1.053	1.096	1.055	1.097	1.046	1.093	
1.055	1.096	1.057	1.098	1.048	1.093	
1.045	1.097	1.043	1.098	1.044	1.094	
1.035	1.097	1.028	1.099	1.040	1.095	
1.025	1.098	1.014	1.099	1.036	1.095	
1.015	1.099	1.000	1.100	1.032	1.096	
1.024	1.099	1.013	1.100	1.034	1.096	
1.033	1.100	1.026	1.100	1.037	1.096	
1.042	1.101	1.040	1.100	1.040	1.095	
1.051	1.101	1.053	1.099	1.042	1.095	
1.050	1.101	1.052	1.100	1.041	1.096	
1.049	1.101	1.051	1.101	1.039	1.097	
1.047	1.101	1.050	1.102	1.038	1.097	
1.046	1.101	1.049	1.103	1.037	1.098	
1.046	1.102	1.048	1.103	1.036	1.098	
1.046	1.102	1.048	1.102	1.036	1.098	
1.046	1.103	1.047	1.102	1.036	1.098	
1.046	1.103	1.047	1.102	1.036	1.098	
1.046	1.103	1.047	1.102	1.036	1.099	
1.046	1.102	1.047	1.103	1.036	1.100	
1.045	1.101	1.048	1.103	1.036	1.101	
1.045	1.101	1.048	1.103	1.036	1.102	
1.045	1.102	1.048	1.103	1.036	1.102	
1.045	1.102	1.048	1.104	1.036	1.102	
1.045	1.103	1.048	1.104	1.035	1.101	
1.045	1.104	1.048	1.104	1.035	1.101	
1.045	1.104	1.048	1.105	1.035	1.101	
1.045	1.105	1.048	1.105	1.034	1.102	
1.045	1.105	1.047	1.106	1.034	1.102	
1.046	1.105	1.047	1.106	1.034	1.103	
1.046	1.106	1.048	1.106	1.034	1.103	
1.046	1.107	1.048	1.106	1.034	1.103	
1.046	1.107	1.048	1.106	1.034	1.103	
1.046	1.108	1.048	1.105	1.034	1.103	
1.046	1.108	1.048	1.106	1.034	1.104	
1.046	1.108	1.048	1.107	1.035	1.104	
1.046	1.108	1.047	1.107	1.036	1.104	
1.046	1.108	1.047	1.108	1.036	1.104	
1.046	1.108	1.047	1.108	1.035	1.105	
1.046	1.108	1.047	1.109	1.035	1.105	
1.046	1.109	1.046	1.109	1.034	1.105	
1.046	1.109	1.046	1.110	1.034	1.105	
1.046	1.109	1.046	1.110	1.034	1.106	
1.046	1.109	1.046	1.111	1.034	1.106	
1.046	1.110	1.046	1.111	1.034	1.106	
1.046	1.110	1.046	1.112	1.034	1.107	
1.046	1.110	1.046	1.111	1.034	1.107	
1.046	1.110	1.046	1.110	1.034	1.108	
1.046	1.111	1.046	1.110	1.034	1.108	
1.046	1.111	1.046	1.109	1.034	1.108	
1.046	1.112	1.047	1.110	1.034	1.109	
1.045	1.112	1.047	1.111	1.034	1.110	
1.045	1.113	1.048	1.113	1.033	1.110	
1.044	1.113	1.048	1.114	1.033	1.111	
1.045	1.113	1.048	1.114	1.034	1.111	
1.046	1.114	1.047	1.113	1.034	1.111	
1.046	1.114	1.047	1.113	1.035	1.111	
1.047	1.114	1.047	1.113	1.035	1.112	
1.047	1.114	1.047	1.114	1.035	1.111	
1.047	1.115	1.047	1.114	1.036	1.111	
1.047	1.115	1.047	1.115	1.036	1.111	
1.047	1.115	1.047	1.116	1.036	1.110	
1.047	1.116	1.047	1.116	1.036	1.111	
1.047	1.116	1.047	1.116	1.036	1.112	
1.047	1.117	1.047	1.116	1.036	1.113	
1.047	1.118	1.047	1.116	1.036	1.114	
1.047	1.118	1.047	1.117	1.035	1.114	
1.047	1.118	1.048	1.117	1.035	1.115	
1.047	1.118	1.048	1.117	1.035	1.115	
1.047	1.118	1.049	1.118	1.035	1.115	
1.047	1.118	1.049	1.118	1.034	1.115	
1.046	1.119	1.049	1.118	1.033	1.115	
1.046	1.119	1.048	1.117	1.032	1.115	
1.046	1.120	1.048	1.117	1.031	1.115	
1.046	1.120	1.048	1.118	1.032	1.115	
1.046	1.120	1.048	1.118	1.033	1.115	
1.046	1.121	1.048	1.119	1.034	1.115	
1.046	1.121	1.048	1.119	1.035	1.116	
1.046	1.121	1.047	1.120	1.034	1.116	
1.046	1.121	1.047	1.120	1.034	1.116	
1.046	1.121	1.047	1.120	1.033	1.116	
1.045	1.121	1.047	1.120	1.033	1.116	
1.046	1.121	1.047	1.121	1.034	1.116	
1.046	1.122	1.047	1.121	1.034	1.116	
1.046	1.123	1.047	1.121	1.035	1.116	
1.046	1.124	1.047	1.122	1.036	1.117	
1.047	1.124	1.047	1.122	1.036	1.118	
1.047	1.125	1.046	1.122	1.036	1.119	
1.048	1.125	1.046	1.122	1.036	1.120	
1.048	1.125	1.046	1.122	1.036	1.121	
1.048	1.125	1.047	1.122	1.036	1.121	
1.047	1.126	1.047	1.123	1.036	1.121	
1.047	1.126	1.048	1.124	1.036	1.121	
1.046	1.126	1.049	1.124	1.037	1.121	
1.047	1.126	1.048	1.125	1.036	1.122	
1.047	1.126	1.047	1.126	1.036	1.122	
1.047	1.126	1.047	1.127	1.036	1.122	
1.048	1.126	1.046	1.128	1.035	1.123	
1.047	1.126	1.047	1.127	1.035	1.123	
1.047	1.127	1.048	1.127	1.034	1.123	
1.047	1.127	1.049	1.126	1.033	1.124	
1.046	1.127	1.049	1.126	1.032	1.124	
1.047	1.128	1.049	1.126	1.033	1.124	
1.047	1.128	1.048	1.127	1.034	1.124	
1.047	1.128	1.048	1.128	1.035	1.124	
1.048	1.129	1.047	1.129	1.036	1.124	
1.047	1.129	1.047	1.129	1.036	1.125	
1.047	1.130	1.047	1.129	1.036	1.125	
1.047	1.130	1.047	1.130	1.036	1.126	
1.047	1.131	1.046	1.130	1.037	1.127	
1.047	1.131	1.046	1.130	1.037	1.127	
1.046	1.131	1.045	1.131	1.037	1.128	
1.046	1.132	1.045	1.131	1.037	1.128	
1.046	1.132	1.044	1.131	1.037	1.129	
1.046	1.133	1.045	1.132	1.036	1.129	
1.047	1.133	1.047	1.132	1.035	1.128	
1.047	1.133	1.048	1.132	1.035	1.128	
1.048	1.134	1.049	1.132	1.034	1.128	
1.048	1.134	1.048	1.132	1.034	1.128	
1.048	1.134	1.048	1.133	1.034	1.129	
1.047	1.134	1.048	1.133	1.034	1.129	
1.047	1.135	1.047	1.133	1.035	1.129	
1.047	1.135	1.047	1.133	1.035	1.130	
1.047	1.135	1.047	1.134	1.035	1.131	
1.047	1.135	1.046	1.135	1.035	1.132	
1.046	1.135	1.046	1.135	1.035	1.133	
1.047	1.136	1.047	1.135	1.035	1.133	
1.047	1.136	1.047	1.135	1.035	1.133	
1.047	1.137	1.048	1.135	1.035	1.134	
1.047	1.138	1.048	1.135	1.034	1.134	
1.047	1.138	1.048	1.136	1.035	1.134	
1.047	1.138	1.048	1.137	1.035	1.134	
1.047	1.138	1.048	1.138	1.036	1.134	
1.047	1.138	1.048	1.139	1.036	1.134	
1.047	1.139	1.048	1.139	1.036	1.134	
1.047	1.139	1.048	1.140	1.036	1.134	
1.047	1.139	1.048	1.140	1.036	1.134	
1.047	1.139	1.049	1.141	1.037	1.134	
1.047	1.140	1.048	1.141	1.036	1.135	
1.047	1.140	1.048	1.141	1.035	1.136	
1.046	1.141	1.048	1.140	1.035	1.138	
1.046	1.141	1.048	1.140	1.034	1.139	
1.047	1.141	1.048	1.141	1.034	1.139	
1.047	1.141	1.048	1.142	1.034	1.139	
1.047	1.141	1.048	1.143	1.034	1.138	
1.048	1.141	1.048	1.143	1.034	1.138	
1.048	1.141	1.049	1.143	1.035	1.139	
1.048	1.141	1.049	1.143	1.035	1.139	
1.049	1.141	1.049	1.143	1.035	1.140	
1.049	1.141	1.050	1.143	1.036	1.140	
1.048	1.142	1.050	1.143	1.035	1.140	
1.048	1.143	1.050	1.144	1.035	1.141	
1.048	1.144	1.050	1.144	1.035	1.141	
1.047	1.144	1.050	1.144	1.034	1.141	
1.047	1.145	1.049	1.144	1.034	1.141	
1.047	1.146	1.048	1.144	1.034	1.141	
1.046	1.147	1.048	1.144	1.033	1.140	
1.046	1.147	1.047	1.144	1.033	1.140	
1.046	1.148	1.047	1.145	1.033	1.140	
1.047	1.148	1.047	1.145	1.033	1.140	
1.047	1.148	1.047	1.146	1.033	1.140	
1.048	1.148	1.047	1.146	1.034	1.141	
1.048	1.148	1.047	1.147	1.034	1.142	
1.047	1.149	1.048	1.148	1.034	1.142	
1.047	1.149	1.048	1.148	1.034	1.143	
1.047	1.150	1.049	1.149	1.034	1.144	
1.047	1.150	1.049	1.149	1.034	1.145	
1.047	1.150	1.049	1.149	1.034	1.145	
1.047	1.150	1.049	1.149	1.034	1.145	
1.047	1.151	1.049	1.150	1.034	1.146	
1.047	1.151	1.049	1.150	1.033	1.147	
1.047	1.151	1.049	1.150	1.033	1.147	
1.047	1.151	1.048	1.151	1.032	1.148	
1.047	1.151	1.048	1.151	1.032	1.148	
1.047	1.152	1.049	1.151	1.033	1.148	
1.047	1.152	1.049	1.151	1.034	1.148	
1.047	1.153	1.049	1.152	1.035	1.148	
1.048	1.154	1.049	1.152	1.036	1.148	
1.048	1.154	1.049	1.152	1.035	1.149	
1.048	1.154	1.048	1.152	1.034	1.149	
1.047	1.154	1.048	1.153	1.033	1.149	
1.047	1.154	1.047	1.153	1.032	1.150	
1.048	1.154	1.047	1.154	1.033	1.150	
1.048	1.155	1.048	1.155	1.034	1.151	
1.048	1.155	1.048	1.155	1.035	1.151	
1.048	1.156	1.048	1.156	1.037	1.152	
1.048	1.157	1.048	1.156	1.036	1.152	
1.048	1.157	1.047	1.156	1.036	1.152	
1.048	1.158	1.047	1.156	1.036	1.152	
1.048	1.159	1.046	1.157	1.035	1.152	
1.048	1.159	1.047	1.157	1.035	1.153	
1.048	1.159	1.048	1.157	1.036	1.153	
1.048	1.159	1.049	1.158	1.036	1.153	
1.048	1.159	1.050	1.158	1.036	1.154	
1.047	1.160	1.050	1.159	1.036	1.154	
1.047	1.160	1.049	1.159	1.035	1.155	
1.047	1.161	1.049	1.159	1.035	1.156	
1.047	1.161	1.049	1.160	1.035	1.157	
1.047	1.161	1.049	1.160	1.035	1.157	
1.047	1.162	1.049	1.160	1.036	1.157	
1.047	1.162	1.050	1.161	1.036	1.157	
1.047	1.162	1.050	1.161	1.037	1.158	
1.047	1.163	1.049	1.161	1.037	1.158	
1.048	1.163	1.048	1.162	1.036	1.158	
1.048	1.164	1.048	1.162	1.036	1.158	
1.048	1.165	1.047	1.163	1.035	1.159	
1.049	1.166	1.046	1.163	1.035	1.159	
1.049	1.166	1.046	1.164	1.034	1.159	
1.049	1.167	1.045	1.164	1.034	1.159	
1.077	1.034	1.077	1.033	1.076	1.032	
1.077	1.034	1.078	1.033	1.075	1.031	
1.076	1.034	1.078	1.032	1.075	1.030	
1.076	1.034	1.078	1.032	1.074	1.029	
1.076	1.034	1.079	1.032	1.073	1.029	
1.075	1.034	1.079	1.032	1.074	1.029	
1.075	1.034	1.079	1.033	1.074	1.029	
1.074	1.034	1.079	1.033	1.075	1.029	
1.074	1.034	1.079	1.033	1.075	1.029	
1.074	1.034	1.078	1.033	1.075	1.029	
1.074	1.034	1.077	1.033	1.074	1.029	
1.074	1.033	1.076	1.034	1.073	1.029	
1.074	1.033	1.076	1.034	1.072	1.029	
1.074	1.033	1.076	1.033	1.071	1.030	
1.074	1.033	1.077	1.033	1.070	1.030	
1.074	1.033	1.078	1.032	1.068	1.030	
1.074	1.034	1.078	1.032	1.067	1.031	
1.074	1.033	1.078	1.032	1.067	1.030	
1.074	1.033	1.077	1.032	1.067	1.030	
1.074	1.033	1.076	1.032	1.067	1.029	
1.074	1.033	1.076	1.032	1.067	1.028	
1.073	1.034	1.075	1.032	1.067	1.029	
1.072	1.034	1.074	1.032	1.066	1.029	
1.071	1.034	1.073	1.032	1.066	1.029	
1.071	1.034	1.072	1.032	1.066	1.029	
1.071	1.034	1.072	1.032	1.065	1.029	
1.071	1.033	1.073	1.031	1.064	1.030	
1.071	1.032	1.074	1.030	1.064	1.030	
1.071	1.031	1.074	1.030	1.063	1.030	
1.071	1.031	1.074	1.030	1.064	1.030	
1.070	1.032	1.073	1.030	1.065	1.030	
1.070	1.032	1.072	1.030	1.066	1.030	
1.069	1.032	1.071	1.031	1.067	1.030	
1.069	1.032	1.071	1.031	1.068	1.030	
1.069	1.032	1.071	1.031	1.068	1.030	
1.069	1.033	1.071	1.031	1.068	1.030	
1.068	1.033	1.071	1.031	1.068	1.030	
1.068	1.033	1.071	1.031	1.068	1.029	
1.067	1.032	1.070	1.031	1.067	1.029	
1.066	1.032	1.070	1.031	1.066	1.029	
1.066	1.031	1.070	1.031	1.066	1.029	
1.066	1.032	1.070	1.031	1.066	1.029	
1.066	1.032	1.070	1.031	1.066	1.029	
1.066	1.032	1.070	1.031	1.065	1.029	
1.066	1.033	1.070	1.031	1.065	1.028	
1.066	1.033	1.070	1.031	1.064	1.028	
1.066	1.033	1.069	1.030	1.063	1.028	
1.066	1.033	1.069	1.030	1.062	1.028	
1.066	1.033	1.068	1.029	1.061	1.027	
1.066	1.033	1.068	1.030	1.062	1.028	
1.066	1.033	1.068	1.030	1.062	1.028	
1.066	1.033	1.068	1.031	1.062	1.028	
1.065	1.032	1.068	1.031	1.063	1.029	
1.065	1.032	1.068	1.031	1.062	1.029	
1.064	1.032	1.068	1.031	1.062	1.029	
1.064	1.032	1.068	1.031	1.062	1.029	
1.063	1.032	1.068	1.031	1.062	1.029	
1.064	1.032	1.067	1.031	1.061	1.029	
1.064	1.032	1.067	1.031	1.061	1.029	
1.064	1.032	1.067	1.031	1.060	1.028	
1.064	1.033	1.066	1.031	1.060	1.028	
1.063	1.032	1.066	1.031	1.060	1.028	
1.063	1.032	1.066	1.031	1.060	1.029	
1.063	1.032	1.066	1.030	1.060	1.029	
1.063	1.032	1.065	1.030	1.061	1.029	
1.063	1.032	1.065	1.030	1.060	1.029	
1.063	1.032	1.065	1.030	1.059	1.028	
1.063	1.032	1.064	1.031	1.058	1.028	
1.063	1.032	1.064	1.031	1.058	1.028	
1.063	1.031	1.063	1.030	1.058	1.028	
1.063	1.031	1.063	1.030	1.058	1.028	
1.062	1.030	1.063	1.029	1.059	1.028	
1.062	1.030	1.062	1.028	1.059	1.028	
1.061	1.031	1.062	1.028	1.059	1.028	
1.061	1.031	1.062	1.029	1.059	1.028	
1.060	1.032	1.062	1.029	1.059	1.028	
1.060	1.032	1.062	1.029	1.059	1.028	
1.059	1.032	1.062	1.029	1.058	1.028	
1.059	1.032	1.062	1.029	1.058	1.028	
1.059	1.032	1.062	1.029	1.058	1.029	
1.059	1.032	1.062	1.029	1.058	1.029	
1.059	1.032	1.063	1.029	1.058	1.029	
1.059	1.031	1.063	1.029	1.058	1.028	
1.058	1.031	1.063	1.029	1.058	1.028	
1.058	1.031	1.064	1.029	1.059	1.028	
1.058	1.031	1.063	1.029	1.057	1.028	
1.058	1.031	1.063	1.030	1.056	1.028	
1.058	1.031	1.062	1.030	1.055	1.029	
1.057	1.030	1.062	1.031	1.054	1.029	
1.057	1.031	1.062	1.030	1.054	1.028	
1.057	1.031	1.062	1.030	1.054	1.028	
1.057	1.031	1.061	1.029	1.053	1.027	
1.057	1.031	1.061	1.029	1.053	1.026	
1.057	1.031	1.061	1.029	1.053	1.026	
1.057	1.031	1.061	1.029	1.052	1.026	
1.057	1.031	1.061	1.030	1.052	1.026	
1.057	1.032	1.060	1.030	1.052	1.026	
1.056	1.031	1.060	1.029	1.052	1.025	
1.056	1.031	1.060	1.029	1.052	1.025	
1.056	1.030	1.060	1.029	1.052	1.025	
1.055	1.030	1.059	1.028	1.052	1.025	
1.055	1.030	1.059	1.028	1.052	1.026	
1.055	1.030	1.059	1.028	1.052	1.027	
1.055	1.029	1.059	1.028	1.052	1.028	
1.056	1.029	1.058	1.028	1.052	1.029	
1.056	1.030	1.058	1.027	1.052	1.028	
1.056	1.030	1.058	1.027	1.053	1.028	
1.056	1.030	1.058	1.027	1.054	1.027	
1.056	1.030	1.058	1.026	1.054	1.027	
1.055	1.030	1.057	1.027	1.053	1.027	
1.054	1.030	1.057	1.027	1.052	1.027	
1.053	1.030	1.056	1.027	1.052	1.028	
1.053	1.030	1.056	1.027	1.051	1.028	
1.053	1.030	1.056	1.028	1.050	1.028	
1.053	1.030	1.056	1.028	1.050	1.028	
1.053	1.030	1.056	1.028	1.050	1.028	
1.053	1.030	1.056	1.029	1.050	1.028	
1.053	1.030	1.056	1.028	1.049	1.028	
1.053	1.030	1.055	1.028	1.049	1.027	
1.053	1.030	1.055	1.028	1.049	1.027	
1.052	1.031	1.055	1.028	1.049	1.026	
1.051	1.030	1.055	1.028	1.049	1.026	
1.051	1.030	1.055	1.029	1.050	1.026	
1.050	1.029	1.055	1.029	1.051	1.025	
1.049	1.029	1.055	1.029	1.051	1.025	
1.049	1.029	1.055	1.029	1.050	1.025	
1.049	1.030	1.055	1.028	1.050	1.026	
1.049	1.030	1.054	1.028	1.049	1.026	
1.049	1.030	1.054	1.028	1.048	1.026	
1.049	1.030	1.053	1.028	1.048	1.026	
1.049	1.030	1.052	1.028	1.047	1.025	
1.049	1.029	1.051	1.028	1.047	1.025	
1.048	1.029	1.050	1.029	1.046	1.024	
1.048	1.029	1.051	1.028	1.047	1.025	
1.048	1.029	1.051	1.028	1.047	1.026	
1.048	1.030	1.052	1.028	1.048	1.027	
1.048	1.030	1.052	1.028	1.048	1.028	
1.048	1.030	1.052	1.028	1.048	1.027	
1.047	1.030	1.052	1.028	1.047	1.026	
1.047	1.030	1.052	1.028	1.046	1.026	
1.046	1.029	1.052	1.028	1.045	1.025	
1.046	1.029	1.051	1.028	1.045	1.026	
1.047	1.029	1.051	1.028	1.045	1.026	
1.047	1.029	1.051	1.028	1.044	1.026	
1.048	1.029	1.050	1.028	1.044	1.027	
1.047	1.028	1.051	1.028	1.044	1.027	
1.047	1.028	1.051	1.028	1.045	1.026	
1.047	1.027	1.051	1.028	1.045	1.026	
1.047	1.027	1.051	1.029	1.046	1.026	
1.046	1.027	1.051	1.028	1.045	1.026	
1.046	1.027	1.051	1.028	1.045	1.026	
1.046	1.027	1.050	1.028	1.044	1.026	
1.046	1.027	1.050	1.028	1.043	1.025	
1.045	1.027	1.049	1.028	1.043	1.025	
1.045	1.028	1.049	1.028	1.043	1.025	
1.045	1.028	1.048	1.028	1.043	1.025	
1.045	1.028	1.048	1.028	1.043	1.025	
1.045	1.028	1.048	1.028	1.043	1.025	
1.045	1.028	1.048	1.028	1.043	1.025	
1.045	1.028	1.047	1.028	1.043	1.025	
1.045	1.028	1.047	1.028	1.043	1.025	
1.044	1.028	1.047	1.029	1.043	1.026	
1.044	1.028	1.047	1.029	1.042	1.026	
1.044	1.028	1.046	1.029	1.042	1.026	
1.044	1.028	1.046	1.029	1.042	1.026	
1.043	1.028	1.046	1.029	1.042	1.026	
1.043	1.028	1.046	1.029	1.042	1.026	
1.043	1.028	1.045	1.028	1.043	1.026	
1.042	1.028	1.045	1.028	1.043	1.026	
1.042	1.028	1.045	1.028	1.043	1.026	
1.042	1.028	1.046	1.027	1.042	1.025	
1.042	1.028	1.046	1.027	1.042	1.025	
1.043	1.027	1.046	1.027	1.041	1.024	
1.042	1.027	1.045	1.027	1.040	1.024	
1.042	1.027	1.044	1.027	1.039	1.025	
1.041	1.027	1.043	1.027	1.038	1.025	
1.041	1.028	1.043	1.027	1.037	1.025	
1.041	1.028	1.043	1.027	1.038	1.025	
1.040	1.028	1.044	1.027	1.039	1.025	
1.040	1.028	1.045	1.027	1.040	1.024	
1.040	1.029	1.046	1.028	1.041	1.024	
1.040	1.029	1.046	1.027	1.041	1.024	
1.040	1.029	1.045	1.027	1.040	1.024	
1.040	1.029	1.045	1.027	1.040	1.024	
1.040	1.030	1.045	1.027	1.040	1.023	
1.040	1.029	1.045	1.027	1.040	1.024	
1.040	1.029	1.045	1.027	1.039	1.024	
1.040	1.028	1.045	1.028	1.039	1.024	
1.040	1.028	1.045	1.028	1.038	1.024	
1.039	1.028	1.045	1.028	1.038	1.025	
1.039	1.028	1.044	1.027	1.038	1.025	
1.038	1.028	1.044	1.027	1.037	1.026	
1.038	1.028	1.043	1.027	1.037	1.026	
1.038	1.028	1.043	1.027	1.038	1.026	
1.038	1.028	1.043	1.026	1.039	1.026	
1.039	1.028	1.043	1.026	1.039	1.026	
1.039	1.028	1.044	1.026	1.040	1.026	
1.040	1.028	1.044	1.026	1.041	1.026	
1.041	1.028	1.045	1.026	1.041	1.025	
1.042	1.028	1.046	1.026	1.042	1.024	
1.043	1.028	1.047	1.027	1.042	1.023	
1.041	1.028	1.040	1.027	1.037	1.023	
1.038	1.028	1.033	1.027	1.032	1.024	
1.036	1.027	1.026	1.026	1.027	1.024	
1.033	1.027	1.020	1.026	1.022	1.024	
1.036	1.027	1.028	1.027	1.029	1.024	
1.040	1.027	1.036	1.027	1.035	1.024	
1.043	1.027	1.045	1.027	1.042	1.024	
1.046	1.027	1.053	1.027	1.048	1.024	
1.044	1.027	1.050	1.027	1.045	1.023	
1.042	1.027	1.046	1.026	1.042	1.023	
1.039	1.027	1.043	1.026	1.039	1.022	
1.037	1.027	1.040	1.026	1.036	1.022	
1.037	1.027	1.040	1.026	1.036	1.023	
1.037	1.027	1.040	1.026	1.036	1.023	
1.038	1.027	1.039	1.027	1.036	1.024	
1.038	1.027	1.039	1.027	1.036	1.025	
1.037	1.027	1.039	1.027	1.036	1.025	
1.036	1.027	1.040	1.026	1.035	1.025	
1.035	1.027	1.040	1.026	1.034	1.024	
1.035	1.027	1.040	1.026	1.034	1.024	
1.034	1.027	1.039	1.026	1.033	1.024	
1.034	1.027	1.039	1.026	1.033	1.025	
1.034	1.027	1.038	1.027	1.032	1.025	
1.034	1.027	1.037	1.027	1.032	1.025	
1.034	1.027	1.037	1.027	1.032	1.025	
1.035	1.027	1.037	1.026	1.032	1.025	
1.035	1.027	1.037	1.026	1.031	1.025	
1.035	1.027	1.036	1.026	1.031	1.025	
1.034	1.027	1.037	1.026	1.031	1.024	
1.034	1.027	1.037	1.026	1.031	1.024	
1.034	1.027	1.037	1.026	1.031	1.023	
1.033	1.027	1.037	1.026	1.032	1.023	
1.033	1.027	1.037	1.026	1.031	1.023	
1.033	1.027	1.037	1.027	1.031	1.023	
1.033	1.026	1.036	1.027	1.031	1.023	
1.033	1.026	1.036	1.027	1.031	1.023	
1.032	1.026	1.036	1.027	1.031	1.023	
1.032	1.026	1.036	1.026	1.032	1.024	
1.032	1.026	1.036	1.026	1.032	1.024	
1.032	1.026	1.036	1.026	1.032	1.024	
1.031	1.026	1.036	1.026	1.032	1.024	
1.031	1.026	1.036	1.026	1.033	1.024	
1.030	1.026	1.036	1.026	1.033	1.024	
1.030	1.026	1.036	1.026	1.034	1.024	
1.030	1.026	1.036	1.026	1.033	1.023	
1.031	1.027	1.035	1.026	1.033	1.023	
1.031	1.027	1.035	1.026	1.032	1.022	
1.031	1.027	1.035	1.026	1.031	1.022	
1.031	1.027	1.034	1.026	1.031	1.023	
1.031	1.027	1.034	1.025	1.031	1.023	
1.031	1.027	1.034	1.025	1.031	1.024	
1.030	1.027	1.033	1.025	1.031	1.025	
1.030	1.027	1.033	1.025	1.031	1.025	
1.030	1.026	1.034	1.025	1.030	1.024	
1.029	1.026	1.034	1.025	1.030	1.024	
1.029	1.026	1.034	1.025	1.030	1.024	
1.029	1.027	1.034	1.025	1.029	1.024	
1.029	1.027	1.034	1.025	1.029	1.024	
1.029	1.027	1.034	1.025	1.029	1.024	
1.029	1.027	1.034	1.025	1.029	1.024	
1.029	1.027	1.034	1.025	1.028	1.023	
1.029	1.026	1.034	1.025	1.028	1.022	
1.028	1.026	1.034	1.026	1.028	1.021	
1.028	1.026	1.035	1.026	1.028	1.021	
1.028	1.026	1.034	1.026	1.028	1.021	
1.027	1.026	1.034	1.026	1.027	1.022	
1.026	1.026	1.034	1.026	1.027	1.023	
1.026	1.026	1.034	1.026	1.027	1.023	
1.026	1.026	1.033	1.026	1.027	1.023	
1.027	1.025	1.032	1.025	1.027	1.023	
1.028	1.025	1.032	1.025	1.028	1.023	
1.028	1.024	1.031	1.024	1.028	1.022	
1.028	1.024	1.032	1.024	1.028	1.022	
1.027	1.025	1.033	1.025	1.028	1.023	
1.027	1.025	1.033	1.025	1.028	1.023	
1.026	1.025	1.034	1.025	1.028	1.023	
1.026	1.025	1.033	1.025	1.027	1.023	
1.026	1.025	1.033	1.025	1.027	1.023	
1.026	1.025	1.033	1.025	1.026	1.023	
1.025	1.025	1.032	1.025	1.026	1.023	
1.026	1.025	1.032	1.025	1.025	1.023	
1.026	1.025	1.032	1.025	1.025	1.023	
1.026	1.024	1.031	1.025	1.024	1.023	
1.027	1.024	1.031	1.025	1.024	1.023	
1.027	1.024	1.031	1.026	1.025	1.023	
1.026	1.024	1.031	1.026	1.025	1.023	
1.026	1.024	1.031	1.026	1.026	1.023	
1.026	1.024	1.031	1.026	1.027	1.023	
1.026	1.024	1.031	1.026	1.026	1.023	
1.025	1.024	1.031	1.026	1.026	1.023	
1.025	1.024	1.031	1.025	1.025	1.023	
1.025	1.024	1.032	1.025	1.025	1.023	
1.025	1.024	1.031	1.025	1.024	1.022	
1.025	1.024	1.030	1.024	1.024	1.022	
1.025	1.024	1.030	1.024	1.024	1.022	
1.025	1.025	1.029	1.024	1.023	1.022	
1.025	1.025	1.029	1.024	1.024	1.023	
1.024	1.025	1.029	1.024	1.024	1.023	
1.024	1.025	1.030	1.024	1.025	1.024	
1.024	1.026	1.030	1.024	1.025	1.024	
1.024	1.026	1.029	1.024	1.025	1.023	
1.024	1.025	1.029	1.025	1.024	1.023	
1.024	1.025	1.028	1.025	1.023	1.022	
1.024	1.025	1.027	1.025	1.022	1.022	
1.023	1.025	1.028	1.025	1.022	1.022	
1.023	1.025	1.028	1.025	1.023	1.022	
1.022	1.025	1.029	1.025	1.024	1.022	
1.022	1.024	1.029	1.024	1.024	1.022	
1.022	1.024	1.029	1.025	1.024	1.022	
1.022	1.024	1.028	1.025	1.024	1.022	
1.022	1.024	1.028	1.025	1.024	1.023	
1.022	1.023	1.028	1.026	1.024	1.023	
1.022	1.023	1.028	1.026	1.024	1.023	
1.022	1.024	1.028	1.026	1.024	1.023	
1.023	1.024	1.028	1.025	1.024	1.024	
1.023	1.024	1.028	1.025	1.024	1.024	
1.023	1.024	1.028	1.025	1.023	1.024	
1.022	1.024	1.028	1.024	1.022	1.023	
1.022	1.024	1.027	1.024	1.022	1.023	
1.021	1.025	1.027	1.024	1.021	1.023	
1.021	1.025	1.027	1.024	1.021	1.023	
1.020	1.025	1.026	1.024	1.021	1.023	
1.020	1.025	1.026	1.024	1.021	1.024	
1.020	1.025	1.025	1.024	1.021	1.024	
1.020	1.024	1.025	1.024	1.021	1.023	
1.020	1.024	1.026	1.024	1.020	1.023	
1.020	1.023	1.026	1.024	1.020	1.022	
1.021	1.022	1.026	1.024	1.020	1.022	
1.020	1.023	1.026	1.024	1.020	1.022	
1.020	1.023	1.025	1.024	1.019	1.023	
1.020	1.024	1.025	1.024	1.019	1.023	
1.019	1.024	1.025	1.024	1.018	1.024	
1.019	1.024	1.025	1.024	1.019	1.023	
1.019	1.024	1.025	1.023	1.019	1.023	
1.019	1.024	1.025	1.023	1.019	1.023	
1.019	1.024	1.025	1.023	1.020	1.023	
1.019	1.024	1.025	1.023	1.020	1.023	
1.019	1.025	1.024	1.023	1.021	1.022	
1.019	1.025	1.024	1.024	1.022	1.022	
1.019	1.025	1.023	1.024	1.022	1.021	
1.019	1.025	1.024	1.024	1.022	1.022	
1.019	1.025	1.024	1.024	1.022	1.022	
1.019	1.025	1.024	1.024	1.021	1.023	
1.019	1.025	1.025	1.024	1.021	1.023	
1.019	1.025	1.025	1.024	1.021	1.023	
1.019	1.025	1.025	1.024	1.020	1.023	
1.019	1.025	1.026	1.024	1.019	1.022	
1.019	1.024	1.026	1.024	1.019	1.022	
1.019	1.024	1.026	1.024	1.019	1.022	
1.019	1.025	1.026	1.025	1.019	1.021	
1.018	1.025	1.026	1.025	1.020	1.021	
1.018	1.025	1.026	1.025	1.020	1.021	
1.018	1.025	1.025	1.024	1.019	1.021	
1.018	1.025	1.025	1.024	1.019	1.022	
1.018	1.024	1.024	1.023	1.018	1.022	
1.018	1.024	1.024	1.022	1.018	1.023	
1.018	1.024	1.024	1.022	1.018	1.023	
1.017	1.025	1.024	1.023	1.018	1.023	
1.017	1.025	1.024	1.023	1.019	1.023	
1.017	1.025	1.023	1.023	1.019	1.024	
1.017	1.025	1.023	1.023	1.019	1.023	
1.017	1.024	1.023	1.023	1.019	1.023	
1.017	1.024	1.023	1.023	1.019	1.022	
1.016	1.024	1.022	1.023	1.019	1.022	
1.017	1.024	1.022	1.023	1.019	1.022	
1.017	1.024	1.022	1.023	1.018	1.022	
1.017	1.024	1.022	1.023	1.018	1.022	
1.017	1.024	1.021	1.023	1.017	1.022	
1.017	1.024	1.021	1.023	1.017	1.021	
1.017	1.024	1.021	1.023	1.017	1.021	
1.017	1.024	1.021	1.023	1.017	1.021	
1.017	1.024	1.021	1.023	1.017	1.021	
1.017	1.024	1.021	1.023	1.017	1.021	
1.016	1.023	1.021	1.023	1.016	1.021	
1.016	1.023	1.021	1.024	1.016	1.022	
1.016	1.023	1.021	1.024	1.016	1.022	
1.016	1.023	1.021	1.024	1.016	1.022	
1.016	1.023	1.021	1.023	1.015	1.022	
1.016	1.024	1.021	1.023	1.015	1.021	
1.017	1.024	1.021	1.023	1.015	1.021	
1.016	1.024	1.021	1.023	1.015	1.021	
1.016	1.024	1.021	1.024	1.016	1.022	
1.016	1.025	1.020	1.024	1.016	1.022	
1.015	1.025	1.020	1.025	1.016	1.023	
1.015	1.025	1.020	1.024	1.016	1.022	
1.015	1.024	1.020	1.024	1.016	1.022	
1.015	1.024	1.020	1.023	1.016	1.021	
1.015	1.024	1.021	1.023	1.016	1.021	
1.015	1.023	1.021	1.023	1.016	1.020	
1.015	1.023	1.020	1.022	1.016	1.020	
1.014	1.023	1.020	1.022	1.016	1.020	
1.014	1.023	1.020	1.022	1.016	1.020	
1.013	1.023	1.020	1.022	1.016	1.020	
1.013	1.023	1.021	1.023	1.016	1.021	
1.012	1.024	1.021	1.023	1.016	1.021	
1.012	1.024	1.021	1.023	1.016	1.022	
1.012	1.024	1.020	1.023	1.016	1.022	
1.012	1.025	1.020	1.023	1.015	1.023	
1.013	1.025	1.020	1.023	1.015	1.023	
1.013	1.025	1.019	1.023	1.015	1.023	
1.013	1.025	1.019	1.023	1.014	1.023	
1.013	1.024	1.019	1.023	1.014	1.022	
1.014	1.024	1.020	1.023	1.013	1.021	
1.014	1.023	1.020	1.022	1.013	1.021	
1.014	1.024	1.020	1.022	1.012	1.021	
1.014	1.024	1.019	1.022	1.012	1.021	
1.014	1.024	1.019	1.022	1.011	1.021	
1.014	1.024	1.019	1.022	1.011	1.021	
1.014	1.024	1.019	1.022	1.011	1.021	
1.014	1.024	1.019	1.022	1.011	1.020	
1.013	1.024	1.019	1.022	1.011	1.020	
1.013	1.024	1.019	1.022	1.011	1.020	
1.013	1.024	1.018	1.023	1.011	1.021	
1.013	1.025	1.018	1.023	1.011	1.021	
1.013	1.025	1.017	1.023	1.011	1.022	
1.013	1.025	1.017	1.023	1.011	1.023	
1.013	1.025	1.017	1.023	1.012	1.022	
1.012	1.025	1.017	1.023	1.013	1.022	
1.012	1.025	1.017	1.023	1.013	1.022	
1.012	1.024	1.018	1.023	1.014	1.021	
1.012	1.024	1.017	1.023	1.014	1.021	
1.012	1.023	1.017	1.022	1.014	1.021	
1.012	1.023	1.017	1.022	1.014	1.021	
1.012	1.022	1.017	1.022	1.014	1.021	
1.012	1.022	1.017	1.022	1.014	1.021	
1.012	1.022	1.017	1.022	1.014	1.021	
1.012	1.022	1.018	1.023	1.015	1.020	
1.012	1.022	1.018	1.023	1.015	1.020	
1.011	1.022	1.018	1.023	1.013	1.020	
1.011	1.022	1.017	1.023	1.012	1.021	
1.011	1.022	1.017	1.023	1.010	1.021	
1.010	1.022	1.016	1.022	1.009	1.021	
1.011	1.022	1.016	1.023	1.010	1.021	
1.011	1.022	1.017	1.023	1.011	1.021	
1.012	1.022	1.017	1.023	1.012	1.020	
1.012	1.023	1.017	1.024	1.013	1.020	
1.012	1.023	1.016	1.023	1.012	1.020	
1.012	1.023	1.016	1.023	1.012	1.020	
1.013	1.023	1.016	1.023	1.012	1.020	
1.013	1.023	1.015	1.022	1.012	1.021	
1.012	1.023	1.016	1.022	1.012	1.021	
1.011	1.023	1.016	1.022	1.011	1.021	
1.010	1.023	1.016	1.022	1.011	1.021	
1.010	1.024	1.016	1.022	1.010	1.021	
1.010	1.024	1.016	1.022	1.010	1.021	
1.009	1.024	1.016	1.022	1.010	1.021	
1.009	1.023	1.016	1.021	1.009	1.021	
1.009	1.023	1.017	1.021	1.009	1.021	
1.009	1.023	1.016	1.022	1.010	1.021	
1.009	1.023	1.016	1.022	1.010	1.021	
1.009	1.023	1.016	1.023	1.010	1.020	
1.009	1.023	1.016	1.023	1.011	1.020	
1.009	1.023	1.016	1.023	1.011	1.020	
1.009	1.023	1.015	1.023	1.011	1.021	
1.009	1.023	1.015	1.022	1.012	1.021	
1.010	1.023	1.015	1.022	1.012	1.022	
1.009	1.023	1.015	1.022	1.012	1.022	
1.009	1.023	1.016	1.023	1.011	1.022	
1.009	1.024	1.016	1.023	1.011	1.021	
1.008	1.024	1.016	1.023	1.010	1.021	
1.009	1.023	1.016	1.023	1.010	1.021	
1.009	1.023	1.016	1.022	1.010	1.021	
1.009	1.022	1.016	1.022	1.010	1.021	
1.009	1.022	1.016	1.021	1.010	1.020	
1.009	1.022	1.016	1.021	1.010	1.021	
1.009	1.023	1.016	1.021	1.009	1.021	
1.008	1.024	1.015	1.021	1.009	1.021	
1.008	1.024	1.015	1.021	1.008	1.021	
1.008	1.024	1.015	1.021	1.009	1.021	
1.008	1.024	1.015	1.022	1.009	1.020	
1.009	1.024	1.015	1.022	1.010	1.020	
1.009	1.024	1.015	1.022	1.011	1.020	
1.008	1.024	1.014	1.022	1.010	1.020	
1.008	1.024	1.014	1.022	1.010	1.020	
1.007	1.024	1.013	1.022	1.009	1.020	
1.007	1.024	1.013	1.022	1.008	1.020	
1.007	1.024	1.014	1.022	1.009	1.020	
1.008	1.024	1.015	1.022	1.009	1.020	
1.008	1.024	1.015	1.022	1.010	1.019	
1.008	1.024	1.016	1.021	1.011	1.019	
1.008	1.024	1.016	1.021	1.010	1.020	
1.008	1.024	1.015	1.021	1.010	1.020	
1.007	1.023	1.015	1.021	1.010	1.021	
1.007	1.023	1.014	1.021	1.009	1.021	
1.007	1.023	1.014	1.022	1.009	1.022	
1.007	1.022	1.014	1.022	1.009	1.022	
1.007	1.022	1.015	1.022	1.009	1.022	
1.007	1.022	1.015	1.022	1.008	1.022	
1.007	1.022	1.015	1.022	1.009	1.023	
1.007	1.022	1.015	1.022	1.009	1.023	
1.007	1.022	1.015	1.022	1.009	1.023	
1.007	1.022	1.015	1.022	1.009	1.023	
1.007	1.023	1.014	1.022	1.009	1.023	
1.007	1.023	1.014	1.023	1.009	1.022	
1.007	1.023	1.013	1.024	1.009	1.022	
1.007	1.024	1.013	1.024	1.009	1.022	
1.008	1.024	1.013	1.024	1.010	1.022	
1.008	1.024	1.013	1.023	1.010	1.022	
1.008	1.024	1.013	1.022	1.010	1.023	
1.008	1.024	1.014	1.022	1.011	1.023	
1.008	1.023	1.013	1.022	1.011	1.023	
1.007	1.023	1.013	1.022	1.011	1.022	
1.007	1.022	1.013	1.021	1.010	1.021	
1.007	1.022	1.013	1.021	1.010	1.021	
1.007	1.022	1.013	1.022	1.010	1.021	
1.007	1.022	1.013	1.022	1.009	1.021	
1.006	1.023	1.012	1.022	1.009	1.021	
1.006	1.023	1.012	1.022	1.008	1.020	
1.007	1.023	1.012	1.022	1.008	1.021	
1.007	1.022	1.012	1.022	1.007	1.021	
1.008	1.022	1.012	1.022	1.007	1.021	
1.008	1.022	1.012	1.021	1.006	1.021	
1.008	1.022	1.012	1.021	1.007	1.021	
1.007	1.023	1.013	1.022	1.007	1.021	
1.007	1.023	1.013	1.022	1.007	1.021	
1.006	1.023	1.013	1.022	1.008	1.021	
1.007	1.023	1.013	1.022	1.008	1.021	
1.007	1.023	1.013	1.023	1.008	1.021	
1.007	1.023	1.013	1.023	1.008	1.021	
1.008	1.024	1.013	1.024	1.008	1.020	
1.008	1.023	1.013	1.024	1.007	1.021	
1.007	1.022	1.013	1.023	1.007	1.021	
1.007	1.022	1.012	1.023	1.006	1.021	
1.007	1.021	1.012	1.023	1.006	1.021	
1.006	1.022	1.012	1.023	1.006	1.021	
1.006	1.022	1.012	1.023	1.006	1.021	
1.006	1.023	1.012	1.023	1.006	1.021	
1.006	1.023	1.012	1.023	1.006	1.022	
1.006	1.023	1.011	1.023	1.006	1.021	
1.006	1.023	1.011	1.023	1.006	1.021	
1.006	1.022	1.010	1.022	1.006	1.021	
1.007	1.022	1.009	1.022	1.006	1.020	
1.007	1.022	1.010	1.022	1.006	1.020	
1.006	1.022	1.010	1.022	1.006	1.020	
1.006	1.022	1.011	1.022	1.006	1.020	
1.006	1.022	1.011	1.022	1.006	1.019	
1.006	1.022	1.011	1.022	1.007	1.020	
1.006	1.022	1.011	1.022	1.007	1.021	
1.006	1.023	1.011	1.021	1.008	1.021	
1.006	1.023	1.011	1.021	1.008	1.022	
1.005	1.023	1.011	1.021	1.008	1.021	
1.005	1.023	1.010	1.021	1.008	1.021	
1.005	1.023	1.010	1.021	1.007	1.020	
1.005	1.023	1.009	1.021	1.007	1.019	
1.005	1.023	1.010	1.021	1.007	1.020	
1.005	1.023	1.011	1.021	1.007	1.020	
1.005	1.023	1.011	1.021	1.007	1.020	
1.005	1.023	1.012	1.021	1.007	1.020	
1.004	1.022	1.012	1.021	1.006	1.020	
1.004	1.022	1.011	1.021	1.006	1.020	
1.004	1.022	1.011	1.021	1.006	1.020	
1.004	1.021	1.011	1.021	1.006	1.020	
1.004	1.021	1.010	1.021	1.006	1.019	
1.004	1.021	1.010	1.022	1.006	1.019	
1.004	1.021	1.010	1.022	1.006	1.018	
1.004	1.021	1.010	1.023	1.007	1.018	
1.004	1.021	1.010	1.022	1.006	1.018	
1.004	1.021	1.009	1.022	1.005	1.018	
1.004	1.021	1.009	1.022	1.005	1.019	
1.005	1.021	1.009	1.021	1.004	1.019	
1.005	1.021	1.009	1.021	1.005	1.019	
1.005	1.022	1.009	1.020	1.005	1.019	
1.005	1.022	1.009	1.020	1.006	1.019	
1.006	1.022	1.009	1.019	1.006	1.019	
1.006	1.022	1.009	1.020	1.006	1.019	
1.006	1.022	1.009	1.020	1.006	1.019	
1.006	1.022	1.009	1.020	1.006	1.019	
1.006	1.022	1.008	1.021	1.005	1.019	
1.005	1.022	1.009	1.021	1.005	1.019	
1.005	1.022	1.010	1.021	1.005	1.020	
1.005	1.022	1.010	1.021	1.005	1.020	
1.005	1.022	1.011	1.021	1.004	1.020	
1.004	1.022	1.011	1.021	1.005	1.020	
1.004	1.022	1.011	1.022	1.005	1.020	
1.004	1.022	1.011	1.023	1.006	1.019	
1.004	1.022	1.010	1.023	1.006	1.019	
1.004	1.022	1.010	1.022	1.006	1.019	
1.004	1.022	1.010	1.021	1.006	1.019	
1.004	1.023	1.010	1.020	1.006	1.019	
1.004	1.023	1.010	1.019	1.006	1.019	
1.004	1.023	1.010	1.020	1.006	1.020	
1.004	1.023	1.010	1.020	1.006	1.020	
1.004	1.023	1.011	1.021	1.006	1.021	
1.005	1.022	1.011	1.021	1.006	1.021	
1.004	1.022	1.010	1.021	1.006	1.021	
1.004	1.022	1.010	1.021	1.005	1.021	
1.004	1.022	1.009	1.021	1.005	1.020	
1.003	1.022	1.008	1.021	1.004	1.020	
1.003	1.022	1.009	1.021	1.004	1.020	
1.003	1.022	1.009	1.021	1.005	1.020	
1.003	1.022	1.010	1.022	1.005	1.020	
1.003	1.023	1.010	1.022	1.005	1.020	
1.003	1.022	1.010	1.022	1.006	1.020	
1.004	1.022	1.009	1.021	1.006	1.020	
1.004	1.022	1.008	1.021	1.007	1.020	
1.004	1.022	1.008	1.021	1.008	1.020	
1.003	1.022	1.008	1.021	1.007	1.020	
1.003	1.022	1.008	1.020	1.007	1.020	
1.003	1.022	1.008	1.020	1.007	1.019	
1.003	1.022	1.008	1.020	1.007	1.019	
1.003	1.022	1.008	1.020	1.006	1.019	
1.003	1.022	1.009	1.021	1.006	1.019	
1.003	1.022	1.009	1.022	1.005	1.019	
1.004	1.022	1.009	1.022	1.005	1.018	
1.003	1.022	1.009	1.022	1.004	1.018	
1.003	1.023	1.009	1.022	1.004	1.018	
1.003	1.023	1.009	1.021	1.004	1.019	
1.003	1.023	1.009	1.021	1.003	1.019	
1.002	1.022	1.009	1.021	1.004	1.019	
1.002	1.022	1.009	1.022	1.004	1.019	
1.002	1.022	1.008	1.022	1.005	1.019	
1.002	1.021	1.008	1.023	1.005	1.020	
1.002	1.022	1.009	1.022	1.005	1.020	
1.003	1.022	1.009	1.022	1.005	1.021	
1.003	1.022	1.009	1.022	1.005	1.021	
1.004	1.022	1.010	1.022	1.005	1.022	
1.003	1.023	1.009	1.022	1.004	1.021	
1.003	1.023	1.009	1.022	1.004	1.021	
1.002	1.023	1.009	1.023	1.004	1.020	
1.001	1.023	1.009	1.023	1.003	1.020	
1.002	1.023	1.010	1.022	1.003	1.020	
1.002	1.022	1.010	1.022	1.003	1.020	
1.002	1.022	1.010	1.022	1.003	1.020	
1.003	1.021	1.010	1.021	1.003	1.020	
1.003	1.022	1.010	1.021	1.003	1.020	
1.003	1.022	1.009	1.021	1.002	1.021	
1.003	1.022	1.009	1.021	1.002	1.021	
1.003	1.022	1.008	1.021	1.001	1.021	
1.003	1.022	1.008	1.021	1.002	1.021	
1.002	1.022	1.008	1.021	1.002	1.020	
1.002	1.022	1.008	1.021	1.003	1.019	
1.002	1.022	1.008	1.020	1.003	1.019	
1.002	1.022	1.008	1.020	1.003	1.019	
1.001	1.022	1.009	1.020	1.002	1.019	
1.001	1.023	1.009	1.020	1.002	1.020	
1.001	1.023	1.009	1.019	1.002	1.020	
1.001	1.023	1.009	1.020	1.002	1.020	
1.001	1.023	1.009	1.020	1.002	1.019	
1.002	1.023	1.009	1.020	1.002	1.019	
1.002	1.023	1.009	1.021	1.002	1.018	
1.002	1.023	1.009	1.021	1.002	1.019	
1.002	1.023	1.008	1.021	1.003	1.019	
1.002	1.023	1.007	1.021	1.004	1.020	
1.002	1.023	1.007	1.021	1.004	1.020	
1.002	1.023	1.007	1.021	1.004	1.020	
1.002	1.022	1.007	1.021	1.004	1.020	
1.002	1.022	1.007	1.021	1.004	1.020	
1.002	1.022	1.007	1.021	1.003	1.020	
1.002	1.022	1.007	1.021	1.004	1.020	
1.002	1.022	1.007	1.020	1.004	1.020	
1.003	1.022	1.008	1.020	1.004	1.020	
1.003	1.022	1.008	1.020	1.004	1.019	
1.003	1.022	1.008	1.020	1.004	1.020	
1.003	1.022	1.008	1.020	1.003	1.020	
1.003	1.022	1.008	1.019	1.003	1.020	
1.003	1.022	1.008	1.019	1.003	1.020	
1.003	1.022	1.008	1.020	1.003	1.020	
1.003	1.021	1.008	1.020	1.003	1.020	
1.003	1.021	1.009	1.021	1.003	1.019	
1.003	1.020	1.009	1.021	1.004	1.019	
1.002	1.021	1.008	1.021	1.003	1.019	
1.002	1.021	1.008	1.020	1.003	1.019	
1.002	1.021	1.008	1.020	1.003	1.019	
1.002	1.022	1.007	1.019	1.003	1.019	
1.002	1.022	1.008	1.020	1.002	1.019	
1.002	1.022	1.008	1.020	1.001	1.020	
1.002	1.022	1.009	1.021	1.001	1.020	
1.001	1.022	1.010	1.021	1.000	1.021	
1.002	1.022	1.009	1.021	1.000	1.020	
1.002	1.022	1.009	1.021	1.001	1.020	
1.002	1.023	1.009	1.021	1.001	1.020	
1.002	1.023	1.009	1.022	1.002	1.019	
1.002	1.023	1.008	1.022	1.002	1.020	
1.002	1.023	1.008	1.022	1.002	1.020	
1.002	1.023	1.008	1.022	1.002	1.020	
1.002	1.023	1.008	1.022	1.002	1.020	
1.002	1.023	1.008	1.022	1.003	1.020	
1.003	1.023	1.008	1.022	1.003	1.019	
1.003	1.023	1.007	1.022	1.004	1.019	
1.003	1.023	1.007	1.022	1.004	1.018	
1.003	1.023	1.007	1.022	1.005	1.018	
1.003	1.023	1.007	1.022	1.005	1.019	
1.003	1.022	1.007	1.022	1.005	1.019	
1.003	1.022	1.007	1.022	1.005	1.019	
1.003	1.022	1.007	1.022	1.004	1.019	
1.003	1.022	1.007	1.022	1.003	1.020	
1.002	1.022	1.007	1.021	1.002	1.020	
1.002	1.022	1.007	1.021	1.000	1.021	
1.002	1.022	1.007	1.021	1.002	1.020	
1.002	1.022	1.007	1.021	1.003	1.020	
1.002	1.022	1.006	1.020	1.004	1.020	
1.002	1.022	1.006	1.020	1.006	1.020	
1.002	1.022	1.006	1.020	1.005	1.019	
1.002	1.022	1.007	1.021	1.003	1.019	
1.002	1.022	1.007	1.021	1.002	1.018	
1.002	1.022	1.007	1.022	1.001	1.018	
1.002	1.022	1.007	1.022	1.001	1.019	
1.002	1.022	1.006	1.022	1.001	1.020	
1.002	1.022	1.005	1.022	1.001	1.021	
1.002	1.022	1.005	1.022	1.001	1.022	
1.002	1.022	1.006	1.021	1.002	1.022	
1.001	1.022	1.007	1.021	1.003	1.021	
1.001	1.022	1.009	1.020	1.003	1.021	
1.000	1.022	1.010	1.020	1.004	1.021	
1.000	1.022	1.010	1.020	1.004	1.020	
1.001	1.022	1.009	1.020	1.004	1.020	
1.001	1.022	1.009	1.020	1.004	1.020	
1.001	1.022	1.008	1.020	1.003	1.020	
1.001	1.021	1.008	1.020	1.003	1.020	
1.002	1.021	1.008	1.020	1.003	1.019	
1.002	1.021	1.008	1.020	1.003	1.019	
1.002	1.021	1.008	1.020	1.003	1.019	
1.002	1.021	1.008	1.020	1.003	1.019	
1.002	1.021	1.007	1.020	1.002	1.019	
1.002	1.021	1.007	1.021	1.002	1.019	
1.002	1.021	1.007	1.021	1.002	1.020	
1.002	1.021	1.007	1.021	1.002	1.020	
1.002	1.021	1.007	1.021	1.002	1.020	
1.002	1.021	1.007	1.020	1.002	1.020	
1.001	1.021	1.007	1.020	1.002	1.021	
1.001	1.021	1.007	1.020	1.002	1.020	
1.001	1.021	1.007	1.020	1.003	1.020	
1.001	1.021	1.007	1.020	1.003	1.019	
1.001	1.021	1.007	1.020	1.003	1.019	
1.001	1.021	1.007	1.020	1.003	1.019	
1.002	1.021	1.007	1.020	1.004	1.019	
1.002	1.021	1.006	1.021	1.004	1.019	
1.002	1.021	1.006	1.021	1.004	1.019	
1.002	1.021	1.006	1.021	1.004	1.020	
1.003	1.021	1.006	1.021	1.004	1.020	
1.003	1.021	1.006	1.022	1.003	1.020	
1.003	1.022	1.006	1.022	1.003	1.020	
1.002	1.021	1.006	1.022	1.003	1.020	
1.002	1.021	1.007	1.022	1.003	1.020	
1.001	1.021	1.007	1.022	1.004	1.020	
1.001	1.021	1.007	1.022	1.004	1.019	
1.001	1.016	1.007	1.017	1.004	1.015	
1.001	1.012	1.007	1.011	1.003	1.011	
1.001	1.007	1.008	1.006	1.003	1.006	
1.002	1.002	1.008	1.002	1.003	1.002	
1.002	1.002	1.008	1.002	1.002	1.002	
1.002	1.001	1.008	1.002	1.002	1.002	
1.002	1.001	1.008	1.002	1.001	1.003	
1.003	1.000	1.008	1.003	1.000	1.003	
1.002	1.001	1.008	1.003	1.001	1.003	
1.002	1.001	1.008	1.002	1.002	1.003	
1.002	1.001	1.008	1.002	1.003	1.003	
1.002	1.002	1.008	1.002	1.003	1.003	
1.002	1.002	1.009	1.002	1.004	1.003	
1.002	1.001	1.009	1.001	1.004	1.003	
1.002	1.001	1.009	1.000	1.004	1.003	
1.001	1.001	1.010	1.000	1.005	1.004	
1.002	1.001	1.010	1.001	1.005	1.003	
1.002	1.002	1.009	1.002	1.005	1.003	
1.003	1.002	1.009	1.003	1.005	1.002	
1.003	1.003	1.009	1.004	1.005	1.002	
1.003	1.002	1.009	1.003	1.005	1.002	
1.003	1.002	1.009	1.003	1.005	1.002	
1.003	1.001	1.008	1.003	1.005	1.002	
1.002	1.001	1.008	1.002	1.005	1.002	
1.003	1.002	1.008	1.002	1.005	1.002	
1.003	1.002	1.008	1.001	1.004	1.003	
1.004	1.003	1.008	1.001	1.004	1.003	
1.004	1.003	1.008	1.001	1.003	1.003	
1.004	1.003	1.008	1.001	1.004	1.003	
1.004	1.003	1.008	1.002	1.004	1.003	
1.003	1.002	1.008	1.003	1.004	1.003	
1.003	1.002	1.008	1.003	1.004	1.003	
1.002	1.002	1.008	1.003	1.004	1.002	
1.002	1.002	1.008	1.002	1.004	1.002	
1.002	1.003	1.008	1.002	1.003	1.002	
1.001	1.003	1.008	1.001	1.003	1.001	
1.002	1.002	1.008	1.001	1.003	1.002	
1.002	1.002	1.008	1.002	1.003	1.002	
1.002	1.002	1.009	1.002	1.003	1.002	
1.003	1.002	1.009	1.002	1.003	1.002	
1.002	1.002	1.009	1.002	1.002	1.002	
1.001	1.002	1.008	1.002	1.002	1.002	
1.001	1.002	1.008	1.002	1.002	1.003	
1.000	1.002	1.008	1.002	1.001	1.003	
1.001	1.002	1.008	1.002	1.002	1.003	
1.002	1.002	1.008	1.002	1.003	1.003	
1.002	1.002	1.008	1.002	1.003	1.003	
1.003	1.002	1.008	1.002	1.004	1.004	
1.003	1.002	1.008	1.002	1.004	1.004	
1.002	1.002	1.008	1.002	1.004	1.004	
1.002	1.002	1.008	1.003	1.004	1.004	
1.001	1.002	1.008	1.003	1.004	1.004	
1.001	1.002	1.008	1.003	1.003	1.003	
1.001	1.003	1.008	1.002	1.003	1.002	
1.001	1.003	1.008	1.002	1.002	1.001	
1.001	1.003	1.008	1.002	1.001	1.000	
1.001	1.003	1.009	1.002	1.002	1.001	
1.001	1.002	1.009	1.002	1.003	1.002	
1.001	1.002	1.010	1.002	1.003	1.003	
1.001	1.001	1.011	1.002	1.004	1.004	
1.001	1.001	1.010	1.002	1.004	1.004	
1.002	1.001	1.009	1.002	1.004	1.003	
1.002	1.001	1.009	1.002	1.004	1.002	
1.002	1.001	1.008	1.002	1.003	1.002	
1.002	1.001	1.009	1.002	1.003	1.002	
1.002	1.002	1.009	1.002	1.003	1.002	
1.003	1.002	1.010	1.002	1.003	1.002	
1.003	1.002	1.011	1.002	1.004	1.001	
1.003	1.002	1.010	1.002	1.003	1.002	
1.003	1.003	1.010	1.002	1.003	1.002	
1.003	1.003	1.009	1.002	1.002	1.002	
1.002	1.003	1.008	1.002	1.002	1.003	
1.002	1.003	1.008	1.002	1.003	1.003	
1.002	1.002	1.008	1.001	1.004	1.004	
1.002	1.002	1.008	1.001	1.004	1.004	
1.002	1.001	1.008	1.001	1.005	1.005	
1.002	1.002	1.009	1.001	1.005	1.005	
1.002	1.002	1.009	1.001	1.005	1.005	
1.002	1.002	1.009	1.002	1.005	1.005	
1.002	1.003	1.009	1.002	1.005	1.004	
1.002	1.002	1.009	1.002	1.004	1.004	
1.002	1.002	1.009	1.002	1.004	1.004	
1.002	1.001	1.009	1.002	1.003	1.004	
1.002	1.001	1.009	1.002	1.003	1.004	
1.003	1.001	1.009	1.002	1.003	1.003	
1.003	1.001	1.009	1.002	1.003	1.003	
1.004	1.002	1.008	1.003	1.003	1.003	
1.004	1.002	1.008	1.003	1.003	1.003	
1.004	1.002	1.008	1.003	1.003	1.003	
1.004	1.002	1.009	1.003	1.003	1.003	
1.003	1.002	1.009	1.004	1.004	1.004	
1.003	1.002	1.010	1.004	1.004	1.004	
1.003	1.002	1.010	1.004	1.004	1.003	
1.003	1.002	1.010	1.003	1.005	1.002	
1.004	1.001	1.010	1.003	1.006	1.002	
1.004	1.001	1.010	1.003	1.006	1.001	
1.004	1.001	1.010	1.003	1.005	1.002	
1.004	1.001	1.010	1.003	1.005	1.002	
1.003	1.001	1.010	1.002	1.004	1.003	
1.003	1.002	1.009	1.002	1.003	1.003	
1.003	1.002	1.009	1.002	1.003	1.003	
1.003	1.002	1.009	1.002	1.002	1.003	
1.003	1.002	1.009	1.002	1.001	1.002	
1.003	1.002	1.009	1.002	1.001	1.002	
1.003	1.001	1.009	1.002	1.001	1.003	
1.003	1.001	1.009	1.002	1.002	1.003	
1.004	1.001	1.009	1.002	1.002	1.004	
1.004	1.001	1.009	1.002	1.003	1.004	
1.004	1.001	1.009	1.002	1.003	1.004	
1.003	1.001	1.009	1.003	1.003	1.005	
1.003	1.002	1.009	1.003	1.003	1.005	
1.003	1.002	1.010	1.003	1.003	1.005	
1.003	1.002	1.009	1.003	1.004	1.005	
1.003	1.002	1.009	1.003	1.005	1.005	
1.003	1.001	1.009	1.003	1.005	1.004	
1.003	1.001	1.008	1.002	1.006	1.004	
1.003	1.001	1.009	1.002	1.006	1.004	
1.003	1.001	1.010	1.002	1.005	1.004	
1.003	1.001	1.010	1.001	1.005	1.004	
1.002	1.001	1.011	1.001	1.004	1.004	
1.003	1.001	1.010	1.001	1.004	1.003	
1.004	1.001	1.010	1.002	1.003	1.003	
1.004	1.002	1.010	1.003	1.003	1.003	
1.005	1.002	1.009	1.003	1.003	1.003	
1.004	1.001	1.009	1.003	1.003	1.003	
1.004	1.001	1.010	1.003	1.003	1.003	
1.004	1.001	1.010	1.002	1.004	1.003	
1.003	1.001	1.010	1.002	1.004	1.004	
1.004	1.001	1.010	1.002	1.005	1.003	
1.004	1.000	1.010	1.003	1.005	1.003	
1.005	1.000	1.010	1.003	1.005	1.002	
1.006	1.000	1.010	1.003	1.005	1.002	
1.005	1.000	1.010	1.003	1.005	1.003	
1.005	1.001	1.011	1.003	1.005	1.003	
1.005	1.001	1.011	1.003	1.005	1.003	
1.004	1.002	1.011	1.003	1.005	1.004	
1.005	1.002	1.011	1.003	1.005	1.004	
1.005	1.002	1.010	1.003	1.005	1.003	
1.005	1.002	1.009	1.003	1.005	1.003	
1.005	1.002	1.009	1.003	1.005	1.003	
1.005	1.002	1.009	1.002	1.004	1.003	
1.004	1.002	1.010	1.002	1.003	1.002	
1.004	1.002	1.010	1.001	1.002	1.001	
1.003	1.002	1.011	1.001	1.002	1.001	
1.003	1.002	1.011	1.001	1.003	1.001	
1.003	1.002	1.011	1.001	1.003	1.001	
1.004	1.002	1.010	1.001	1.004	1.001	
1.004	1.003	1.010	1.002	1.005	1.001	
1.004	1.003	1.011	1.002	1.005	1.002	
1.003	1.003	1.011	1.002	1.005	1.002	
1.003	1.003	1.011	1.002	1.004	1.002	
1.003	1.003	1.012	1.003	1.004	1.003	
1.003	1.003	1.012	1.003	1.004	1.003	
1.004	1.003	1.012	1.003	1.003	1.003	
1.005	1.003	1.012	1.003	1.003	1.003	
1.005	1.003	1.012	1.003	1.002	1.004	
1.005	1.003	1.012	1.002	1.003	1.004	
1.005	1.003	1.012	1.002	1.003	1.004	
1.005	1.002	1.011	1.002	1.003	1.004	
1.005	1.002	1.011	1.001	1.003	1.004	
1.005	1.002	1.011	1.002	1.003	1.004	
1.005	1.002	1.010	1.003	1.003	1.003	
1.005	1.002	1.010	1.003	1.003	1.003	
1.005	1.001	1.009	1.004	1.003	1.003	
1.005	1.001	1.010	1.003	1.003	1.003	
1.006	1.001	1.010	1.003	1.003	1.002	
1.006	1.001	1.010	1.003	1.002	1.002	
1.006	1.001	1.011	1.003	1.002	1.002	
1.006	1.001	1.011	1.003	1.003	1.002	
1.006	1.002	1.011	1.004	1.004	1.002	
1.005	1.002	1.011	1.004	1.004	1.002	
1.005	1.003	1.011	1.004	1.005	1.002	
1.006	1.003	1.012	1.004	1.005	1.002	
1.006	1.003	1.012	1.004	1.005	1.003	
1.006	1.003	1.013	1.004	1.005	1.003	
1.007	1.004	1.013	1.004	1.005	1.004	
1.007	1.003	1.013	1.003	1.006	1.004	
1.007	1.003	1.013	1.003	1.006	1.003	
1.006	1.002	1.013	1.002	1.006	1.003	
1.006	1.001	1.013	1.002	1.007	1.003	
1.006	1.002	1.013	1.001	1.006	1.003	
1.006	1.002	1.012	1.001	1.006	1.003	
1.006	1.002	1.011	1.001	1.006	1.003	
1.006	1.002	1.011	1.001	1.005	1.003	
1.006	1.002	1.011	1.002	1.005	1.003	
1.006	1.002	1.011	1.003	1.005	1.003	
1.006	1.003	1.011	1.003	1.005	1.003	
1.006	1.003	1.011	1.004	1.005	1.003	
1.006	1.003	1.012	1.003	1.004	1.003	
1.005	1.002	1.012	1.003	1.003	1.003	
1.005	1.002	1.012	1.003	1.003	1.003	
1.005	1.001	1.012	1.002	1.002	1.002	
1.005	1.001	1.012	1.002	1.003	1.002	
1.005	1.002	1.012	1.002	1.003	1.002	
1.005	1.002	1.012	1.002	1.004	1.002	
1.005	1.002	1.012	1.002	1.004	1.001	
1.006	1.002	1.012	1.002	1.005	1.002	
1.006	1.002	1.012	1.002	1.006	1.002	
1.007	1.002	1.011	1.003	1.006	1.002	
1.007	1.002	1.011	1.003	1.007	1.002	
1.007	1.002	1.011	1.003	1.007	1.002	
1.007	1.002	1.011	1.003	1.007	1.002	
1.006	1.002	1.010	1.003	1.007	1.002	
1.006	1.002	1.010	1.003	1.007	1.002	
1.006	1.002	1.011	1.003	1.006	1.002	
1.007	1.003	1.011	1.003	1.005	1.002	
1.007	1.003	1.012	1.003	1.005	1.002	
1.008	1.004	1.013	1.002	1.004	1.001	
1.008	1.004	1.013	1.002	1.005	1.002	
1.007	1.005	1.013	1.003	1.006	1.003	
1.007	1.005	1.013	1.003	1.007	1.003	
1.007	1.005	1.013	1.003	1.008	1.004	
1.007	1.005	1.013	1.003	1.008	1.004	
1.007	1.005	1.013	1.003	1.007	1.003	
1.007	1.005	1.013	1.003	1.007	1.003	
1.007	1.005	1.013	1.003	1.006	1.003	
1.007	1.005	1.013	1.003	1.006	1.003	
1.007	1.004	1.013	1.003	1.006	1.004	
1.007	1.003	1.012	1.004	1.006	1.004	
1.007	1.002	1.012	1.004	1.005	1.004	
1.007	1.003	1.012	1.003	1.005	1.004	
1.006	1.003	1.012	1.003	1.005	1.004	
1.006	1.004	1.011	1.003	1.005	1.004	
1.005	1.004	1.011	1.003	1.005	1.004	
1.006	1.005	1.012	1.003	1.006	1.004	
1.006	1.005	1.012	1.003	1.006	1.004	
1.007	1.005	1.013	1.003	1.007	1.004	
1.007	1.006	1.013	1.003	1.007	1.004	
1.007	1.005	1.013	1.003	1.008	1.004	
1.007	1.005	1.014	1.003	1.008	1.004	
1.007	1.005	1.014	1.003	1.008	1.004	
1.008	1.004	1.014	1.003	1.008	1.004	
1.007	1.004	1.014	1.003	1.007	1.004	
1.007	1.004	1.014	1.004	1.007	1.004	
1.007	1.004	1.014	1.004	1.006	1.003	
1.007	1.004	1.013	1.004	1.006	1.003	
1.007	1.004	1.014	1.004	1.006	1.004	
1.007	1.004	1.014	1.004	1.007	1.004	
1.007	1.004	1.014	1.005	1.007	1.004	
1.007	1.004	1.014	1.005	1.008	1.004	
1.008	1.004	1.014	1.005	1.007	1.004	
1.008	1.004	1.014	1.005	1.007	1.004	
1.008	1.005	1.014	1.005	1.006	1.004	
1.008	1.005	1.014	1.004	1.005	1.005	
1.008	1.005	1.014	1.004	1.006	1.005	
1.008	1.005	1.014	1.004	1.007	1.005	
1.008	1.005	1.014	1.004	1.008	1.005	
1.008	1.005	1.014	1.004	1.009	1.005	
1.008	1.005	1.014	1.004	1.009	1.005	
1.008	1.005	1.014	1.004	1.008	1.004	
1.008	1.004	1.014	1.004	1.008	1.003	
1.008	1.004	1.014	1.004	1.008	1.003	
1.008	1.004	1.014	1.004	1.008	1.003	
1.008	1.004	1.013	1.004	1.008	1.004	
1.008	1.004	1.013	1.004	1.008	1.004	
1.009	1.003	1.013	1.004	1.008	1.004	
1.009	1.003	1.013	1.003	1.008	1.005	
1.009	1.003	1.013	1.003	1.008	1.005	
1.009	1.003	1.014	1.003	1.008	1.005	
1.009	1.003	1.014	1.003	1.008	1.005	
1.009	1.003	1.015	1.003	1.008	1.005	
1.009	1.003	1.015	1.004	1.008	1.005	
1.009	1.003	1.015	1.004	1.007	1.005	
1.009	1.003	1.016	1.004	1.007	1.004	
1.009	1.004	1.016	1.004	1.008	1.004	
1.008	1.004	1.016	1.004	1.009	1.003	
1.008	1.004	1.016	1.003	1.009	1.002	
1.008	1.004	1.016	1.003	1.010	1.002	
1.008	1.004	1.016	1.003	1.010	1.003	
1.009	1.004	1.016	1.003	1.010	1.003	
1.010	1.004	1.016	1.003	1.010	1.004	
1.010	1.004	1.016	1.003	1.010	1.005	
1.010	1.004	1.016	1.004	1.010	1.005	
1.010	1.004	1.015	1.004	1.010	1.005	
1.010	1.004	1.015	1.005	1.010	1.005	
1.010	1.004	1.014	1.006	1.010	1.005	
1.010	1.004	1.015	1.005	1.010	1.005	
1.010	1.004	1.015	1.005	1.010	1.004	
1.010	1.004	1.015	1.005	1.010	1.004	
1.010	1.004	1.016	1.004	1.010	1.003	
1.010	1.004	1.016	1.004	1.010	1.004	
1.010	1.004	1.015	1.004	1.010	1.005	
1.010	1.004	1.015	1.004	1.010	1.005	
1.011	1.004	1.015	1.004	1.010	1.006	
1.010	1.004	1.015	1.004	1.010	1.006	
1.010	1.004	1.016	1.004	1.010	1.006	
1.010	1.004	1.016	1.004	1.010	1.005	
